song_name,eamuse_id,era
"蒼い衝動 ～for EXTREME～","OboID1PloIIoOOObQdQOP110I61Ddl9I-d7",0
"アルストロメリア (walk with you remix)","8bQQ0lP96186D8Ibo8IoOd6o16qioiIo-d7",0
"怒れる大きな白い馬","ibI0QllidqQ089ql8dob6bIoodbbIoqq-d7",0
"革命","l9lq19DdiD8qQPoPOlboi1qQii0IQI86-d7",0
"カゲロウ","ql1Q8P100IIlbl0Pdi08I8qD900idqQq-d7",0
"月光蝶","qiDOD0iidOli9l0qbP6IbOD19OQ8D8Po-d7",0
"紅焔","bo9l0Dl0PbqQQQ16Qq6bOOi68o0996Pq-d7",0
"この子の七つのお祝いに","9idOOIdDO01D8PO06bOPPbOIOoiQ8O0P-d7",0
"桜","911lId0IooIOq1oDPoQ0iQiDiOIbd6oo-d7",0
"サナ・モレッテ・ネ・エンテ","doIiQl6oDPP6i9qobqoobblPQqPiI9bD-d7",0
"雫","oQ8oqddQOObiq0ldo68i1d6o1IidObi6-d7",0
"隅田川夏恋歌","ibI69PPO1iP0D1IlI0bb11QOq6081POo-d7",0
"零 - ZERO -","bq8DOQ9Idq9Ii9PQ1bqPIQoQPl961d1o-d7",0
"大見解","I8lidoibqQqoQOqiDi6QiDbP9DIdd989-d7",0
"男々道","POoldOddQl9Dbq8b6iOP0iPoQd6IdOPl-d7",0
"チカラ","I9iODl9bl1d8PilOilii9Dd19PP6QI66-d7",0
"天上の星～黎明記～","OQbPdOIo6dPPIq6d8qid6DbPP0q991i6-d7",0
"虹色","Io1D1l9QiDo6IDObd8qo1Q9lQ6iollQ9-d7",0
"華爛漫 -Flowers-","6iq1dqQ1PDQlDO0bio0l89oDDDi6b0oD-d7",0
"ヒマワリ","Ibd8d0bllqOo61lqlQPd8lP01D0Qb9o6-d7",0
"ビューティフル レシート","Qb1db18qP1Ib6liPI1668Pq8QPb0QO09-d7",0
"不沈艦CANDY","i8O81i0iQdqiI8qqP0oo8IPl9IoId1bO-d7",0
"三毛猫ロック","Dl69Pb9OQDlbOi80OQdIObiQ1Q08Dlqo-d7",0
"夢幻ノ光","DQO6qbiP6dldo6IIqlob9i8dqiqOio6o-d7",0
"冥","iqiqod1l08DlDql98QOi10oibldd8b86-d7",0
"繚乱ヒットチャート","oQ9QDQ6I9oo9DP8Oi86id61o9Pbbl9bD-d7",0
"凛として咲く花の如く","QQOOldqQ8QQDQ06i81d9DP9PlOlo1lqq-d7",0
"恋閃繚乱","lOb8O16P9P81olPdI1o1Dl9I6QQoIqIP-d7",0
"A","oIb699q80OIPdlP0odl6bqbD0PlQodOq-d7",0
"AA","0DDo1ilPDQoIoPd8ol9OPO1IPbi9ii6d-d7",0
"A Brighter Day","dQoqo68881IiO9i00bP0q1lOD6i1PdD8-d7",0
"ABSOLUTE","qdi88l6bo1Iqi9Qiqli8lIQQIPO1doQ9-d7",0
"Abyss","Q0qQO0P8818lIoo0boO66O0qd09dIlO8-d7",0
"Across the nightmare","O6I9ioqii8i6I1DIb1PqOD6q0ooo8bDo-d7",0
"AFRONOVA","Pd99DQo0bD9D9oIbPIId18P6l8qlDQO6-d7",0
"AFRONOVA PRIMEVAL","18911Q6o6do9Dd1blIo6IliPd0PPb99i-d7",0
"aftershock!!","o6qi6idD9oqIdi81ldQlODqIqIiqlD1d-d7",0
"AFTER THE GAME OF LOVE","Qo9P1oOoDQIoOb8Dd0PdOdoD1D1Pbd8D-d7",0
"A Geisha's Dream","l0QP6DiIDIId0oiQiOl8q10DlI96OPiO-d7",0
"air","il6PIiDq11dD1981dQ00918D96lPQ0iQ-d7",0
"All My Love","PQP1l9qDilqbD0qOqiD8dd86qboI8bob-d7",0
"Amalgamation","dbD8PlibPqqdI99901obObb6odqD8qDl-d7",0
"AM-3P","dq190Il9iO1bD698ll6ddObIlqdIQ1O9-d7",0
"AM-3P -303 BASS MIX-","dQ1oPoQqD0db8O19P1P0D1oq8I68i1Id-d7",0
"Anti-Matter","D89QP18016o01qoOi60I6Q19dlOQPbdo-d7",0
"Arrabbiata","6bdDP91o1II60Qo99D60QI81o6oPlI80-d7",0
"A Stupid Barber","DibQ8O0bIodbdQo8D681qlqiDqllDPql-d7",0
"A thing called LOVE","O0O1lPoIIIQ9lbOi90odI0Di80qq16lo-d7",0
"BABY BABY GIMME YOUR LOVE","P8P1dlqi9D111iIDPOP0l9DIO1l6lqO9-d7",0
"Bad Routine","d0q8IDbqDI686q9Dl09ll0Id6bIio9Pd-d7",0
"bag","9qbdq1PiI1O81P1PdioQli66Ob9QiiQP-d7",0
"Baile Le Samba","lii9bbbIq08b6DIdQ16Q0QOPiOibliIO-d7",0
"BALLAD FOR YOU ～想いの雨～","ObP1P1OoDII9b9ll698Q981ilIddb8Id-d7",0
"BALLAD THE FEATHERS","9ib91bdq6i11l69d081qDD989Q0qO0qI-d7",0
"Beautiful Inside (Cube::Hard Mix)","d0IiI99IlI00lq606l68qOIl8PidiOlO-d7",0
"BE LOVIN","P0O81Dl9Oiiid8bdOi0oqbD8DqolObbP-d7",0
"Blind Justice ～Torn souls, Hurt Faiths ～","PP9QDQ0IQQID00P61d8qdDdP09b19iiI-d7",0
"Bloody Tears (IIDX EDITION)","oQ0bqIQ8DdPlilO000DQloOo6Od8IdQ6-d7",0
"Blue Rain","PO68qOQI1oo8iQidQ9iIi9o9PPOD9OP6-d7",0
"Brazilian Anthem","D0dI08oDqi11Oo819D6ob1dlDbPlIPl0-d7",0
"BRE∀K DOWN！","bqQ1OQDidQD8QbIqql06O6o1QD6oOodP-d7",0
"BRILLIANT 2U","DblIbDd6lQQQoO9bloOI9iIqO1IiQoID-d7",0
"BRILLIANT 2U (AKBK MIX)","6l0iQ18D0I00P89lIqI8bl9biIOi018O-d7",0
"BRILLIANT 2U (Orchestra Groove)","DbPodlqiOQdD88bo8lPO9D6iql1DO8P0-d7",0
"BROKEN MY HEART","iIP09bOq1l1b9b1l011IDIQ6Iill90Io-d7",0
"BURNING HEAT! (3 Option MIX)","i86qD6Pl61dPI0Q9db1P8bl1ii99q1lD-d7",0
"BURNIN' THE FLOOR","ii6Oooool0IoOqi1qdDo96QIil6IoOq0-d7",0
"B4U","6Qq1q91q8iIPlI89qDq96bO8QDD0qOql-d7",0
"cachaca","DObld6O6OdblOo1di9dlP86DO909O6qI-d7",0
"Can Be Real","68dqbIdOiiiiddlbb1OD66qq6d80I6D8-d7",0
"CANDY♡","1Qqo9bID18OdiI1Qb0lP9DIqIO6ldPOP-d7",0
"CANDY☆​","OPbqldiq0dQIo1011086IOl1qbOloOl9-d7",0
"CAN'T STOP FALLIN' IN LOVE","ioi6db99oOPPDd1db888D6oi6bb06o0P-d7",0
"CAN'T STOP FALLIN' IN LOVE ～SPEED MIX～","DOqPd1Iid6oObd8i96I9oo8obbODb96o-d7",0
"CAN'T STOP FALLIN' IN LOVE -super euro version-","8IdP90DQDi9bqodPqDQIIqOqOO08PPio-d7",0
"CaptivAte ～誓い～","Iqo9PQiPbq8Q0I6io6lPIDi608lQqbbq-d7",0
"CELEBRATE NITE","i0bdP6II6dqb6lbQQ9q9OQq68i1qPddO-d7",0
"CENTAUR","bd8o99iPI9lqOl1Q8P68lbQOlo8Oq1qO-d7",0
"CG Project","qD8Q180QlIi11o1IiI6DPoqolqoD61Ib-d7",0
"Chance and Dice","q1q8IlPI1111D8IqiQ190qIoP0b0bIIo-d7",0
"CHAOS","8o1iQPiId8P6Db9Iqo1Oo119QDoq8qQ8-d7",0
"Chronos","P8DQP9QIioPdi9IO6q0100PlQOIl86I9-d7",0
"Colors ～for EXTREME～","odOQ1d1i6oil81b1QIDP6dOqqdooD918-d7",0
"COME BACK TO MY HEART","ilqiIlDdiQQ0oOIP8bPobDQqP0O90Q08-d7",0
"Cosmic Hurricane","dO9b8Id9QQ8DOO69Q0lqi6O9QlDPIPl9-d7",0
"Crazy Control","1DD68qQdqQ0i6bQ61ddQ06ql1D6O1l6P-d7",0
"CRAZY♥LOVE","i0dqDPqDll9il0b6qoDPd19OQ0qO9qDO-d7",0
"CURUS","ilIbq9Db1d86PIo0b96qdd0oPOQ6bqi1-d7",0
"CUTIE CHASER","di9ddbd1lb80q98ODdod0ODQ0q6PdQP1-d7",0
"CUTIE CHASER (MORNING MIX)","doQI0i6lQbOo66DOi6olPqOPqIqO8Qd1-d7",0
"Dance Celebration","I8ql1i90i80oDO0Q9qdIliIqPq66lQd0-d7",0
"Dance Celebration (System 7 Remix)","98D001P6b696O18P8qiIOl811bq1oQ16-d7",0
"Dance Dance Revolution","6lQ9iQdq8P0Q11q9O8dbl9Q9Pi8bIb98-d7",0
"Dance Floor","Io9i8oQlbO1QqIdbbDPQl6b00OIPlIOP-d7",0
"dazzle","DdIbd6Pbl910P6QOqD6iQI0l0b1qdI8q-d7",0
"Dazzlin' Darlin","IPdDlblblqO1do9IQbDoi0iOoPDoiDlI-d7",0
"Dazzlin' Darlin -秋葉工房mix-","69l8lOiooPPPqb9Io9Il01dPD0Q988Iq-d7",0
"DEAD END","P98dl8qdoilqbPqIO86ood601o1696D8-d7",0
"Decade","il0QbI6IOIidllO108olqd8i9Pb1Oq8Q-d7",0
"ΔMAX","QQldo10ObPPQPlliODiDIIl0Q1oPoo61-d7",0
"DESTINY","98q8616ddDIqdo1dbqbO0Po96oldo1Oo-d7",0
"Destiny lovers","1diQi81loIodIdOlQ8Pd6Qd8b69Q1DP8-d7",0
"Diamond Dust","19b01l0QPiDlDQb6lqd0dQ8Qlld6Dl6l-d7",0
"dirty digital","I8b69IdbID0Di06ldo6o1lb1IdI89Iqo-d7",0
"DIVE TO THE NIGHT","8Pb6oPdbO6lo8lbiQ181IDidI9ll8q80-d7",0
"DoLL","OO0QbD9D6QQIb10Q9IDOQd8odb6ob6qP-d7",0
"Don't Stop!～AMD 2nd MIX～","1q6obddbql8lQdPI19liD6PdQ0dPIODd-d7",0
"Dragon Blade","PD9lP16dllbPqbdIO0Ii0I8D1I90QIIl-d7",0
"dreaming can make a wish come true","b08D1ODPP0IqlIl91dDDdD1d0lD8bP1d-d7",0
"Dream Machine","d9qd6lI0ddbQ068dq1oD8o6QDIi6blDO-d7",0
"dream of love","ii119ll8dOQ8IQqi1IOP1o8DIQbqo8Pi-d7",0
"DROP","ObiIq6PDlOiPd0d1oP8IIQbqiq09IDII-d7",0
"DROP OUT","Q0OiPQQ8IbIDq08IO9Io0qDdoDPPdd1q-d7",0
"DROP THE BOMB","8O0D9P6l9P9ooQdODioDIdQPq6DiDlbl-d7",0
"DROP THE BOMB (SyS.F. Mix)","I0b6lIP691dOOI8PqDDlbPid9iO8o0lO-d7",0
"Dummy","PP9q1DDi0liP1P00lqIoIbbqo9QqlIqP-d7",0
"DXY!","QDP0i688bQi1Idqil1dOqDdPdoIPP6Q0-d7",0
"DYNAMITE RAVE","1QIPID18qib8D9Oo9lOo8I6DPi9qiod6-d7",0
"D2R","iQo0QOoI6bOPQlbb9ldOo9lbdD1idiOO-d7",0
"ECSTASY","bPD6ObloQPOOiQb1DbQDdilodiddlIlb-d7",0
"Electrified","9d0oQdIolIb0Po9b06QOiOP60IQlb8qO-d7",0
"Electro Tuned (the SubS Mix)","IPi69l86oqdDd8qoll61166D8969869I-d7",0
"e-motion","8liDbidQoI6Q01lO9iibIdboIiDl66Qo-d7",0
"era (nostalmix)","D81Pq66DQPiQdliqIPl0ioPOi9OlQoQ9-d7",0
"ever snow","OqIlb9PQIo0Io90PIQi6q86dO8iP19Oi-d7",0
"Every Day, Every Night (NM STYLE)","61Q6Q8OOiiQIbIi0l6l10qQ0Ii8P0Qb6-d7",0
"exotic ethnic","iOPbIi1b99819b9QiD8QbdPbq0DqO0DO-d7",0
"Fascination ～eternal love mix～","8QbqP80q9PI8bbi0qOoiibOQD08OPdli-d7",0
"Fascination MAXX","O6llIdODQD6oDQ6QiPQDOlob9i8l6qib-d7",0
"Feelings Won't Fade (Extend Trance Mix)","98PiPl8P0qlq8dd8P60Iq6dq899lbQDI-d7",0
"Fever","qOdib0OIO1qOdiQiOi9qIiQiO91idbQq-d7",0
"Find You Again","DiqobPO1iliqP6DbQiDodPIPDiQO96dl-d7",0
"FIRE","PlqI9Q1I6qdqb0IolOl1qP0bOQP0ibPP-d7",0
"FIRE FIRE","0ibD9Oio99IlQ0di916lId0bi08IPD9b-d7",0
"Flight of the Phoenix","8ll9P9bOloIqbI0O9PboP9li1iloIPPd-d7",0
"Flourish","dQD6lbPO66DllOb1i0IoqDqbii0IOQi9-d7",0
"Flow","dDOdPQOqD6P68dIOl6O6I8q99Q6dd9Ob-d7",0
"FLOWER","q08PbOPPbPobob0OII096bP9iil9908D-d7",0
"Flow (Jammin' Ragga Mix)","O111bDqd0oQ1O8IqiIDQq091l1IDO8oI-d7",0
"Flow (True Style)","0D096II0i9l0doPlbPQbiPo1IQDDoOP0-d7",0
"Fly away","d96OiPiOIboqI8o6PIDO8D9qPb9P18il-d7",0
"Fly away -mix del matador-","DQI8O1bD9Oi9i90i0DqqOqbll91IiQI1-d7",0
"Forever Sunshine","Q8Ioq8POo69ol8bPiOPQPq61oqoPo0DO-d7",0
"Freedom","PPddP6OOldodoOPqiId19Pd919OOid61-d7",0
"Freeway Shuffle","dd8PodO0ilIQQb0P0OQPDiodI9biP91d-d7",0
"Freeze","8l0ld8Oq86P09lb91DdD9OliiPq9oq9D-d7",0
"Frozen Ray ～for EXTREME～","IQ9bDo1dPbIo0ODQiObbQ99iP1bOi8iI-d7",0
"Funk Boogie","i6Q00D16PbbQPl19oibiiQ6qQD01D6o8-d7",0
"Gamelan de Couple","69qoD0l6olQqqbl09b069q898b600I6o-d7",0
"GENOM SCREAMS","Dq0Iio09Pb9iD0lbb0I0qd8Q8i10II09-d7",0
"Get Back Up!","olIo8PdO8dq16QqDIQboQq6oPqDO9qoo-d7",0
"GIRIGILI門前雀羅","b8dqI0Iq60iQPPobiiQ8O6PiIqdodDiQ-d7",0
"Go For The Top","11dQb0qIdbO098ObDqOQQ8Ili9Il0lOd-d7",0
"going up","dqPDQ8Pb68iib8bIIPld10Q0oD8l600o-d7",0
"GOLD RUSH","ib8o1iD68il66olQ1lddIPi0lIb9dd1I-d7",0
"GORGEOUS 2012","b0Po680ibI600ObOi6qqidI06oqo0Olq-d7",0
"Gotta Dance","lqOQbO0ql96IdDdD689o9PI1iI8Q1Ibi-d7",0
"GRADIUSIC CYBER ～AMD G5 MIX～","q6qI6llb69D1IQq0OiP8OD06Qioob91Q-d7",0
"GRADUATION ～それぞれの明日～","10oQOoD00O1ql8qD88dI0i0biP69blq6-d7",0
"HAPPY☆​ANGEL","8DdIqobi0liOPDO1qld6lQ9Dq00I66qi-d7",0
"Happy Wedding","oo8DId90dbDliiQQlQPQQoIq6lPliqo9-d7",0
"Haunted Rhapsody","POl689q8ODbPI0PDo8l8oD81Plio8qlP-d7",0
"Healing-D-Vision","109P1iO9i6q1q0bdQobiodQDoD619dqd-d7",0
"Healing Vision","qIDI69oIo8OlQqdqqDilI1do6IbP16Q6-d7",0
"Healing Vision ～Angelic mix～","olQQ8QPPqqObDD9ooodOl9i9od8b06I9-d7",0
"HEART BEAT FORMULA","1l8ibdlb0O0q00o6l9Pq1ibdbIQqqOb1-d7",0
"HEARTBREAK (Sound Selektaz remix)","iq6QI06oQlloO9Db9dbI8IDoi91dD8d9-d7",0
"Heatstroke","lIPP90Ilqib08Obob9901PiP19OQ18P9-d7",0
"Heaven is a '57 metallic gray ～gimmix～","oDlO8QQOQ68IO61q9PQd800QiOll1odI-d7",0
"HIGHER","O1blDPOQ8IQb00o0D89QIDIlo8b06liD-d7",0
"Holic","ODq019O9o1OPdq9PiPl0o8D8DQ8bid88-d7",0
"Horatio","PIdPo9o0qOIiPDIIlbo9l9dObP81lQqi-d7",0
"HYPER EUROBEAT","I08olqilqQi9Dd0qOq0o09PPqI0l11QI-d7",0
"HYSTERIA","8l808Do60DP0qDbD066QQqP1qOQdob90-d7",0
"i feel ...","DddIPd6iId8Doqq8OibDlD1dOi8PO8o9-d7",0
"iFUTURELIST (DDR VERSION)","0ib0Pqol08o9ODDq166iDl8oll061lPl-d7",0
"I'm gonna get you!","lPoD60qooQ91QDq1qO9d19q9IoDIlPq9-d7",0
"I'm so Happy","90lolio9qd6qo6Pl8oo69iqi81oiiQib-d7",0
"I Need You","1i6ObblIOoPo6dDd9dIIq11l60qiD9di-d7",0
"in love wit you","b1ObooOQ9iI0DilD9Q6qlIQ8D1d8dQO9-d7",0
"INNOCENCE OF SILENCE","qDi0dIlObi6Q6P8dQ1b8oIb188O9608o-d7",0
"INSERTiON","6oldqOoilo1OoP6P9OoO8bdD9lI86qdQ-d7",0
"INSIDE YOUR HEART","O8qii6oiooPd8lbPqDo9QQioIoQQOoq0-d7",0
"Inspiration","Q61QoIQOQdoO98DP1oDlOIoO6D6lqq1o-d7",0
"In The Air","qQI9IQOd061Q69Oo89lll9bd99108Qqd-d7",0
"IN THE ZONE","8o6ibb0b1i66Q0D8699boob69b80Qb1i-d7",0
"INTO YOUR HEART (Ruffage remix)","dPdO9OP6616o99l99qiI9DddQdD9D80b-d7",0
"I/O","q9oQ1Pid9OiIDO66Pd19blOi09019i98-d7",0
"Jam & Marmalade","IoI10obli6qd9DI699l61Pq16P9bboDd-d7",0
"jane jana","8qd9d01dPOq1lOOoPiOIoPobdd1QODPq-d7",0
"JET WORLD","1PQdDiqOD6o1b61iiDOoiiblIQbI91Pb-d7",0
"KEEP ON MOVIN'","0lDDIlQ91lq6O16q9QQ681d6Db1l0oOb-d7",0
"KEEP ON MOVIN' ～DMX MIX～","PQPloiIQ19QDP9QoI1ld9DlDObIOP689-d7",0
"KEEP ON MOVIN' (Y&Co. DJ BOSS remix)","88o0qb8Ii1ldPlDQQdoq90dOd0PoO99d-d7",0
"KIMONO♥PRINCESS","Q10PdOD6bDD9QPQQqiO11669bb0lQ189-d7",0
"KISS KISS KISS","qIoDdQ1OOoPO8Q1Io0P168161DODPoqb-d7",0
"KISS KISS KISS 秋葉工房 MIX","QdIl6D808iDoDQi0Qii99Do6do8DOdQO-d7",0
"Kiss me all night long","iOqb60DOOolIioDIOPi09P91i8PDiOqq-d7",0
"LA BAMBA","9IOdDPPO1IIPD9oDbOPo0Qo99Ii6Q8oi-d7",0
"La Bamba","qbQ9I1bI6q91Q18DlDlI1Qdi8q6Qlo91-d7",0
"La libertad","b6l6qPPdiOqqPqqII0IPqI981bolOqIb-d7",0
"L'amour et la liberté (Darwin & DJ Silver remix)","ddib8P601q0Oqdb0Pl8oqobq9DD608P1-d7",0
"L'amour et la liberté (DDR Ver.)","8IIoIQQqlooiI6QD9ldIO6qidP98QP68-d7",0
"La receta","IDPbb8oiQl0od6b8OqlPDo08o0QDo6iQ-d7",0
"La Señorita","901q61iP6lPiDqIQoQod9PDqlOPq1bb9-d7",0
"La Señorita Virtual","boP0i08bqQ9d9OoP8Ol6I0l9Po01DiQb-d7",0
"LEADING CYBER","8lDOiqP0biD8dD9lOQO619i1PqbqDiP8-d7",0
"Leaving...","6bO0Dq60bboi009iDbO8o9Q9999PiiDP-d7",0
"Let's Get Away","id0i6dQId1D9l1P9bq9iP9608Ioi9iq8-d7",0
"Let the beat hit em! (CLASSIC R&B STYLE)","bP69QdDQ0QQ9dP0dDio0dO61i9Dbdl00-d7",0
"Lift You Up","i1ol0PO8QbQD0q0oDI6qq0IO68868bP8-d7",0
"LOGICAL DASH","8O86IP9dqQ8818ld9od8Q0PiDId6666P-d7",0
"London EVOLVED ver.A","D6IQ1O1D00D1o8IQq0O9qqIibqDiiO0i-d7",0
"London EVOLVED ver.B","OlDo09P8l0d6d80i8qD0qQddbi0QQD8b-d7",0
"London EVOLVED ver.C","09looidO89Q9DiDdqQiDPlIQDoiobobQ-d7",0
"♥Love²シュガ→♥","iI8qbP0IIb16Oi9bIbb8O9dbDDi1ql86-d7",0
"Love Again","l0od6D6dl9PQdl1iDPOlD80io0iqqDb8-d7",0
"LOVE AGAIN TONIGHT～For Melissa MIX～","boOdPIqbDd8li0O0IqliPo1Doq99Ob09-d7",0
"LOVE IS ORANGE","D6oPIlOlIIOi1oq6Pd6011lqobbqOlib-d7",0
"LOVE IS THE POWER -Re:born-","6dqPOId9Od11Il90QO0q9iQI6d68IolD-d7",0
"LOVE♥SHINE","qIP6DPdbD9iO86i1DO9qDd8l6dPdbl0P-d7",0
"LOVE THIS FEELIN'","i8II16blIIbQQd196b616OPbPO910oi9-d7",0
"LOVING YOU (Epidemik remix)","61D9oiPDI68Dq60Dqi99qqd9DqD1D1qd-d7",0
"MAGIC PARADE","odD0Ql6iQbidDlqdPIdo8iQO09OoIbD0-d7",0
"Make A Difference","0Oo6iId08018qOqbo6O1o0QQ9D09Piq1-d7",0
"MAKE IT BETTER","8Il6980di8P89lil1PDIqqIbiq1QO8lQ-d7",0
"MAKE IT BETTER (So-REAL Mix)","9qP16D6l11i9P1lQ0b1DIqoOqqiIQDl9-d7",0
"Malacca","1Q9l881P1bq8bQQ9OOqQ10OioP68bQ8o-d7",0
"MARIA (I believe...)","6P6dPoi66qO980bQo6l1QdlQIooq086l-d7",0
"MARS WAR 3","oOdl0d1IOo0bd008DOl91606Pd0PP86d-d7",0
"MAXIMIZER","OQol16I968Q8bDoQd80i90oQQbqOdbdP-d7",0
"MAX LOVE","l6999IbQI61IO9qQbllobqo68lqobibq-d7",0
"MAXX UNLIMITED","lObPDQDI08DoodDq1061IP1qbQ1qQQbl-d7",0
"MAX 300","6P18lOliIQqIO6Di0PP8iDlDQ01b0o0q-d7",0
"MAX 300 (Super-Max-Me Mix)","qOP1qP69o6id061o9bo8l6P11P1PQI1O-d7",0
"Melody Life","6i189o0bl000608OPdOIODOOibq6QoPI-d7",0
"Mermaid girl","61QQi8i9Iliq66IOq1ib888b666o08O8-d7",0
"message","1OlD9Iqb9Oqol09dDi6iiQ9Iod1oP0il-d7",0
"MIDNIGHT SPECIAL","iI1iQD6Id0PiPDoo919doOooDib09I6b-d7",0
"Mind Parasite","b6dqPiOO6iO6b8D90Ido6QPOlObd9o98-d7",0
"Miracle Moon ～L.E.D.LIGHT STYLE MIX～","i9DPi1Do9qoIQid09o1oilodPlDP6doO-d7",0
"Monkey Punk","OoQ6Oq81oIql8iIlbI6qldIlqoD1Di1I-d7",0
"MOON","lI8qIDQPD0PDOdO1d01iOq8bI98iiQ1l-d7",0
"MOONSTER","olOOdb66Q0bP0dqQPdIdQ8IPQql8D6bi-d7",0
"murmur twins","QQdIOi1Q81IqIoDqo80P0I1Q9qIdq1il-d7",0
"Music In The Rhythm","i11d86DOOdOb8Pbb1QqIilQI9Idib8PP-d7",0
"My Only Shining Star","Io1661doQq6OQ8DoobPq1IQlbqoDD1q8-d7",0
"MY SUMMER LOVE","6Ddo196olOPi9IQdbQ8Qbd8do8Q1obOD-d7",0
"NEPHILIM DELTA","DI91q6O00bliOldqO6DqDdqib86iqPPP-d7",0
"New Beginning","08PO96OlIoQqPdq91Q1Qqlo8lPidbPP8-d7",0
"New Decade","o0l1Qioq1i9iQl6b9q6il0iqi1b1OQ9b-d7",0
"New York EVOLVED (Type A)","II68b0dooOIOlOiq0iQO18blDd6b9O9D-d7",0
"New York EVOLVED (Type B)","61P0I66id16QIi08Q1918PlldOOiooql-d7",0
"New York EVOLVED (Type C)","Od8ld9bQQPDddIqDQ1PloOOdQ0IQo0O9-d7",0
"NGO","iP6qIl6lD809098io0OiPP08Ii18I6OI-d7",0
"No.13","81qibDQqq8idiD1lQqq0qdqD6i6q1QDb-d7",0
"oarfish","DbQbDQOl0lII16ib1081d6ddIodD0P9I-d7",0
"on the bounce","OPDQ9Oi8I6D1I1iqi8iOiP0bDI9Pl86P-d7",0
"On The Break","d88boiQ609PO8ODDo6IliPIb69I80dlP-d7",0
"ORION.78 (AMeuro-MIX)","1d10660Dd0IOibDI890Ild80q6ddoQO8-d7",0
"ORION.78～civilization mix～","61ido0DPl8q0dI1i011Do1b6669dPIlo-d7",0
"osaka EVOLVED -毎度、おおきに！- (TYPE1)","ldDD06dIQ0qQPD9OI88P90OOi0bQPD1O-d7",0
"osaka EVOLVED -毎度、おおきに！- (TYPE2)","8006PP188Qldob68ld6OPqlbl1biod6D-d7",0
"osaka EVOLVED -毎度、おおきに！- (TYPE3)","di088lOPlqQ1OoQIbilI1P0q119i8o9O-d7",0
"PARANOiA","06loOQ0DQb0DqbOibl6qO81qlIdoP9DI-d7",0
"PARANOiA ETERNAL","PP1q0iii1D6Dq9QOd0qqDOQD0160QoPD-d7",0
"PARANOIA EVOLUTION","DPQo8Q0l9D8IPiDiq11l8OI6i11OOb6O-d7",0
"PARANOiA ～HADES～","io1d1Dq80Di08O1Pb9bQ8DoP9d9Ooi90-d7",0
"PARANOiA KCET ～clean mix～","9doPbId8qid9I9l6ooloPQD1lq1Plb6I-d7",0
"PARANOiA (kskst mix)","dQPPd10QO9d8IiOiIi8iDD1Qdq8lQli0-d7",0
"PARANOiA MAX ～DIRTY MIX～","Pl0dPid9lQDo6PDQDqPboPqO6iIDIqoo-d7",0
"PARANOiA Rebirth","0lDP0P06PIPl1iiIDOb919iqo1oPdlP8-d7",0
"PARANOiA -Respect-","IP00ID9bdlOoP9o9lo1qlO0D1Pdo9I8l-d7",0
"PARANOiA Revolution","606b9d6OiliId69bO9Odi6qq8o8Qd0dq-d7",0
"PARANOIA survivor","O9Id8Qi6OIDIQ6bPi610q0001l1P099q-d7",0
"PARANOIA survivor MAX","68iQ9666QIQP1IOQbbd9989DQQ1D0dOl-d7",0
"Party Lights","qDIdbDO1OiDPqd1i60Dd6OPOlO90D10Q-d7",0
"PASSION OF LOVE","8PQooio0ilPoQ8Di66I19QOQP90Ddbdi-d7",0
"Pierce The Sky","DD6olq00PD91odbO9QbldDb0bQ18oqo1-d7",0
"Pink Rose","O09lbd0I8D0DI08O06l6iiI0i11I1iIb-d7",0
"Playa (Original Mix)","i66lIl9D60DPq0dQ0O9666ID8bPlID9i-d7",0
"Pluto","dD6PqbboDil89DPIID86Pldi6obI1b8l-d7",0
"Pluto Relinquish","0IldoDlDQql99DqQo0Qq9ioPIiiPoIoi-d7",0
"Pluto The First","PIO8dod8P9OOP1bi0D1POIi6OdOdQDql-d7",0
"Polovtsian Dances And Chorus","l609D9lOqbDP6iIld1dI18l888dODQ6Q-d7",0
"Poseidon","1PiiOiQoq8dbdi819q9Ild966o6o19QQ-d7",0
"Poseidon (kors k mix)","qD6q1PD0lIDP89DPDbOOIdq0Pi8iIdD6-d7",0
"POSSESSION","q6di1DQbi88i9QlPol1iIPbb8lP1qP1b-d7",0
"Private Eye","0dOi10q9Q6oi0Q9960iQQDO6olqlDDqo-d7",0
"Programmed Universe","Pld9iO6oi9qlDD08l8QDdIi6d6Q6iDd1-d7",0
"PUT YOUR FAITH IN ME","DQlQ1DlPbq900oqdOo8l0d6I1lIOl99l-d7",0
"PUT YOUR FAITH IN ME (DA's Twinkly Disco Remix)","bllQi9boq8qobOQDOD6QDio9lii8109i-d7",0
"PUT YOUR FAITH IN ME (Jazzy Groove)","IQqOIb6ob8bIbOII66ID0oIQDPl6bdbb-d7",0
"PUT YOUR FAITH IN ME ～SATURDAY NIGHT MIX～","OI01b6I6OQ9IdQidll890oqlOPDql9ol-d7",0
"puzzle","091IQQ1PqOdIl9ioPQDdO60Dq069DP69-d7",0
"Quickening","QI96D9PqIQ90PidPQPdbqbi0q9q8lQbb-d7",0
"Quick Master","D01oOb0IOQ1bbIIdi88O0d80Qo9dblqP-d7",0
"rainbow flyer","qbDidIlodPP6PqI00D18P6dDbioIdDPD-d7",0
"rainbow rainbow","0OQdlbo111ib1i88IdIPIbollD68Dii1-d7",0
"rain of sorrow","Qo9l6l6lq0q618bQOb8d6qiooiiPQqoI-d7",0
"Raspberry♡Heart (English version)","60qiDd000qDIobO0QI916i18bbolO919-d7",0
"real-high-SPEED","IDldD8o8P8dbIP6oiDo11i10lo6bP6oQ-d7",0
"REBORN MAGIC","8qPoPbql190Pi9086ildIlQOqlPoQdP9-d7",0
"RED ZONE","81QD89Q6Ob911oOoobO0D98IQ1D1q60d-d7",0
"Rescue Me","iO90Qo66I88P1IdDldo1oIqb8bldqDI6-d7",0
"resonance","1Ob9Il9bOQdbOQbq00oi1qoo1o1dPoI0-d7",0
"Resurrection","PbQ8Q9ol09I18IIb0d6iO8i9ODID10iO-d7",0
"REVOLUTIONARY ADDICT","O0Id19qQlDibiDdIP90o81bOo16qbQ0o-d7",0
"Rhythms Inside","P8IQ8blOl1i08oP18i06Oq1iP9biP6Do-d7",0
"roppongi EVOLVED ver.A","odd1O0boo1boqDb0dIOQdQi1IqdO1DQd-d7",0
"roppongi EVOLVED ver.B","QobO6O8iQP6I16l0I8QPd0Iq6iQ1loQ6-d7",0
"roppongi EVOLVED ver.C","lb9Qo61bbOdQidlQQD8DP8199Q911Id9-d7",0
"roppongi EVOLVED ver.D","l8q6diIod06OdP11P6I8oIddiPo16DPd-d7",0
"SABER WING","dIQDOoO80odDP8OiOQIQ9oI0o99OdQDQ-d7",0
"SABER WING (Akira Ishihara Headshot mix)","PIP60POo0dDQlIiqO9bIQ1oddQD8P9Il-d7",0
"Sacred Oath","qOQQ1qdQPPQ1bbdPldPlIil99IDoPi61-d7",0
"S・A・G・A","iObdoO9b1O9o8dP8o0id9b1QioQ0q9q9-d7",0
"sakura storm","ib19PQ61bi0lI8qi98IQ8dOqOoP91olq-d7",0
"Sakura Sunrise","6lD1ooDi8Pdl0OlO0QoIioI8119I0PPq-d7",0
"Saturday Night Love","o9l8Id0D1lQdl1o9DDIPbO6q998lq8bd-d7",0
"Saturn","dDldd8OlbPQDoD80dO0DiDOiIoP1PQoD-d7",0
"Scorching Moon","16Pio809ID669Di8OoPblQO0lDq668dQ-d7",0
"Seasons","loP08P1PPi990lPD0O060d888O9o6qb8-d7",0
"Second Heaven","9bI0dQdb01Dl1bQq1Pq998i0l096D99P-d7",0
"Secret Rendez-vous","Db9D6Old6lIo01q0qlQ0dD1oDdbdob8I-d7",0
"SEDUCTION","oIQo8IQPbobO6bioiqqdP6P6O8898DOQ-d7",0
"SEDUCTION (Vocal Remix)","PO1olqI8DiDiO0loDIIQ08oPd910bQbQ-d7",0
"Seule","qbl10iqqdO1Do1dIq181Pl6oi8QilQo1-d7",0
"SEXY PLANET","60QoP9DoIo90D616989Q0D0iodOoOd91-d7",0
"Shades of Grey","qo6Ib8QqqDd16i91d8dlQoqIq08bo68d-d7",0
"Share The Love","9P16o1bO16PDDObloibo1Il8IIDdo869-d7",0
"She is my wife","0qDb0d9oIoQPP1Ql0o0OOPoPDbQ699Iq-d7",0
"Shine","q1o901oPqbbI1Q61qo688bDd0Pqlb08l-d7",0
"☆​shining☆","006ob1iI9b1I8dDl0dq1bqIOP8886li1-d7",0
"Shiny World","b6ldDOq9qi1IiIIdiIl1108q1iQ9O6d6-d7",0
"SigSig","qoDOoP99lq8bd19iqiloObQDqD8QbOq0-d7",0
"Silent Hill","80bQi8IQ8o1iidqd6oQiDPQoPi909olq-d7",0
"SILVER☆​DREAM","Q6ql0lOOdq90DI1PqO1bd10bP0Oi8Q0Q-d7",0
"Silver Platform - I wanna get your heart -","bi1Obd9i99P0O9PqQ1l1P6P6o1IOi11P-d7",0
"Ska Ska No.3","idI1dd69l1il16P0d9DoldDP1QDP0911-d7",0
"Sky Is The Limit","08IP8i1qIbQIoP9DiP11IdP190Q98lil-d7",0
"Slip Out","86688l9096PdIqDPl8qoQ10dI8Ioi86l-d7",0
"Slip Out (bounce in beat mix)","lb1l0DibId6Pb9ddlqlDoP6d6oD0o0IP-d7",0
"smooooch･∀･","1l01billdl6oPP96Pq8d0lbbblQI8i8l-d7",0
"snow prism","OQbdD9iD898Q01oIddDliq8q9D1QlQ1I-d7",0
"SO IN LOVE","D06P88iOlIdbbQ1Qd8OOI11dQoq0iOqd-d7",0
"someday...","0ol981b18biO0610IqPi9l6Db86PbIQ9-d7",0
"Something Special","oi9q8DQ1QddP1699qIbqP886iOIPI16I-d7",0
"SOUL CRASH","o1QoI9dQ1i89bPl1oDl6999861obD0qI-d7",0
"SP-TRIP MACHINE～JUNGLE MIX～","1P9qQdiiodODqQPl0OO88iiiqdoDIPO6-d7",0
"Star Gate Heaven","QD0q90q9PIl9PdqqO9D9DO09DbiODOI6-d7",0
"Star Gate Heaven (FUTURE LOVE Mix)","6I0d1d8d690dl8boOb60O1Iq1Ddi6P8d-d7",0
"STARS☆​☆☆ (Re-tuned by HΛL) - DDR EDITION -","bq1O60D90Qbb6iPoi90Ii9olQOIO0Ib1-d7",0
"STARS☆​☆☆ (2nd NAOKI's style)","6qQb9I0QbD89IID9b9iOPdO6dbqPDolQ-d7",0
"STAY (Organic house Version)","6lqoOddiPQ6D6160bOdP116bQdIliII8-d7",0
"stealth","b0DP0oqbid0iIQ6D88dDIiiDiq9oi19Q-d7",0
"STILL IN MY HEART","Qb90bo6I0Pd9181iIoOPoqPOOOQq6dQ1-d7",0
"stoic (EXTREME version)","OoIPPqIDbQ6qIb69q8dil0iq0l6q6DQD-d7",0
"SUNKiSS♥DROP","61IoqIoODb6dlQlQqd99b90idO9QP9iI-d7",0
"SUPER SAMURAI","PDODO6Qdb9iqd6q0QoI0PiI0lb8l9I6d-d7",0
"SUPER STAR","88do8dl8O6Ql1Qlb981lOi8D86oiq91P-d7",0
"Sweet Sweet ♥ Magic","8809ol0qbbd6919bbl0b8id1669PqQ08-d7",0
"switch","9bo00PqOIDoDbO6P1116b9obolOiqPo1-d7",0
"sync (EXTREME version)","8lo1IDqPDD88DObIPodOd8oQ0Q6qQ1Dd-d7",0
"Taj He Spitz","ob86bIdI1IbIl9DoQ1bboq9Q8O6PPPoq-d7",0
"Taj He Spitz (Tommie Sunshine's Brooklyn Fire Re-Touch)","b0lI9Ili8loOb1DD6Dd8lqII60b90101-d7",0
"Take A Chance","8i1ii188q9OlD0qQ9lQ0D1OdDbldqQbI-d7",0
"Take A Step Forward","ibiD8868D116OIqbQ1DQ1IOb8OD1qQ98-d7",0
"Taking It To The Sky","i1Q080DDQD81l8o0109Q6blq0oo8o69q-d7",0
"TEARS","1Q1Q8oO600lodPbio8b8d66b8do1PIlQ-d7",0
"The flower in your smile","boi66iD1809o6q199bbolO0bqQ1lqI8b-d7",0
"The Heavens Above","0q8b6O0qOlDql0oP80OI8i8i1088qbIb-d7",0
"The Least 100sec","lO68Q0iPIOiOIDDd8dOPoiql9OI81DQ0-d7",0
"The legend of MAX","li608di8PolqqIP808iddOqi11qDDq0Q-d7",0
"Theory of Eternity","Oq9QIlI8l11ddqbbDoQ1ql61OqlIi9lo-d7",0
"THE SHINING POLARIS","ODQOP1dblD6q8d160Ioi0dIoQloI6oQO-d7",0
"think ya better D","9lob1d1QPd9qiPlQOQ6l0dbodOoDPq1d-d7",0
"THIS NIGHT","qQl6O8IdiI6991IiqDqidO96bll1qPDl-d7",0
"Ticket to Bombay","ld8b6iqPIiqqbb9q69l8obO66ibI96od-d7",0
"TIERRA BUENA","idDdoI9bD186blQ9Q8610bIQqb86dilo-d7",0
"Till the lonely's gone","99oQO1b8d9qQdPq6O1I6bd1bo1D16DP0-d7",0
"TIME","oDIliqQl90bQo6Qil9bOiD1iO19qI1dd-d7",0
"TimeHollow","O110IdDiDlDQ66bb1o9lbqiqQq6lOid1-d7",0
"Tohoku EVOLVED","OddDoQ6dqi0QdQDDOO6qlO08d8bPbli1-d7",0
"tokyoEVOLVED (TYPE1)","DIDd9l0dbi1QdQ89I6Do9bolDqdb1dPO-d7",0
"tokyoEVOLVED (TYPE2)","i0b0118q8D1QlQbIbli0P0IQ0QP08QdO-d7",0
"tokyoEVOLVED (TYPE3)","6OOd69q0oP8iblIIb08OQO9dq9oIq8i6-d7",0
"TOMORROW","lQbiI10Qo9DdD8liqPIiob61qDO9d861-d7",0
"Tomorrow Perfume","D1D88PPI0PDQqOq00OI6QI1o6dPolqlI-d7",0
"Tracers (4Beat Remix)","iO61Dq9iiIQO0Qbbdo1O8bdqO8dqoiio-d7",0
"Tribe","PlIiPiPoI9DIbPdIPoqQlIq61Pd8QIDo-d7",0
"Trigger","OPOIPIi1OioQ98qbO100q6QiDP8dIDq6-d7",0
"Trim","POQQQqI8q69qP6Id8Ol01QI60OIoiil8-d7",0
"TRIP MACHINE","Pb9II0oiI9ODQ8OP8IqIPQP9P68biqIi-d7",0
"TRIP MACHINE CLIMAX","D81D8689llDiOqPq0IP19bbQQiioPl8d-d7",0
"TRIP MACHINE EVOLUTION","8O6b1D9PDO0ll1IO9d1ODDPPo0QPQbob-d7",0
"TRIP MACHINE ～luv mix～","qQ9Oo611P0dObD8q6O0Q968bbl8I91OO-d7",0
"TRIP MACHINE PhoeniX","b0QQ6OPD1dDqQ6D6IDQqlDd180Db609I-d7",0
"TRIP MACHINE survivor","POO9PlPq66OqIQO6Oq1i90D6Ill100il-d7",0
"TRIP MACHINE (xac nanoglide mix)","l9OQPi0do19dQPO8ilq0QDbll8P8Ib6O-d7",0
"TRUE♥LOVE","oD6l698q0bQqoIOi0Dd66bqObII8QqDl-d7",0
"Trust -DanceDance​Revolution mix-","ddD8OPQoIiQi0IbDOIIdQ6dDDbPQ9bIO-d7",0
"Try 2 Luv. U","doqDbod0d81qP6PoPiP8b0P00PD8oboD-d7",0
"TSUGARU","io688qld6Pqq6bI01q86illP18biq0bd-d7",0
"Twin Bee -Generation X-","0l181DPDqbQPb0qQl0i0dlQd0oQPlQ6i-d7",0
"TWINKLE♡HEART","lo6bOoq86d9od6qQ9PiPibOioOQb96lP-d7",0
"Übertreffen","1oIo1DliQqPol00Q1l1bPODbdOilodod-d7",0
"UNBELIEVABLE (Sparky remix)","I6dI99IOolDD6l6Q1ooPIiDO8Odq0QIP-d7",0
"Under the Sky","oiQliqIliq91Dl169ldqbb18OPblOb1i-d7",0
"un deux trois","99P8bDO1PqlddQqo81QOIPO60lPQqlO8-d7",0
"Unreal","olQl6Qoi0IbobI980q9Q0QIo9qlbq1PO-d7",0
"Until the End","89O8qIII0QPO0Q0l10P6dl19PlQ9d0oO-d7",0
"Uranus","0b1660ibo0liI01ibOO6lD8olIb88qDi-d7",0
"Valkyrie dimension","186dd6DQq891Ib9Ilq8Qbo8lIqb0Qoll-d7",0
"VANESSA","6d6bqoOlqi8ooqOdlqdPblqol88b68QP-d7",0
"VANITY ANGEL","DDqDDqDQ1Db60IiIDbIl6Pd8DPOq0q06-d7",0
"Vem brincar","o6I06bPq8dqIlllbQDPP8boqdq6iQ8Qb-d7",0
"Venus","6bIODbPoIDlOdO66b1id0q68qdQilDd6-d7",0
"V ～for EXTREME～","Ilo6IboPOq8Q10qDOdDDoO6P989bPPi6-d7",0
"volcano","8idID0Pq0O68Qb0Q69P6IDldqI91qi1O-d7",0
"Votum stellarum -forest #25 DDR RMX-","PqPPDibPdD8qd88D0d01dqo6918b0POD-d7",0
"Waiting 4 u","96Q0Piqo9PPQoQdi9001DO6P9Piqi0dq-d7",0
"What Will Come of Me","olloQOobddiIIPObP91l0qPl6oo8P9Dl-d7",0
"WH1TE RO5E","QQbiq1qQd8d1blOldi889OdQd9P1106Q-d7",0
"Why not","dbq9dPPOQ60ibOol0I6b9iQol9lD669D-d7",0
"Wicked Plastik","qI06bbQ1dloi0IIIO1IQ1q8bdPdl6l69-d7",0
"WILD RUSH","01808Q1Q6lQQ1lP0qd80I0b0qqDd1OOP-d7",0
"will","d6iI8ii9qi0Pi80dDQQlPq6qQo69860P-d7",0
"Wings of an Angel (Fly With Me)","blI8D10Q1IDQ8Q19bi0IDlD80oD0bloi-d7",0
"xenon","bDDd08iP8dlIlOo6iqd91dPiI1lQdOQq-d7",0
"Xepher","PQQd6lQlDqilqliI0IobolqIDlo0Iboq-d7",0
"You are a Star","0qOPDqq0qld66bll9ob9iIqiiQPiQIDQ-d7",0
"You gotta move it (feat. Julie Rugaard)","D8I68Ibib9ldQDIPIQdO6lqI61PQlPO9-d7",0
"Your Angel","oiIob81i6d6P6qbddOP6Q0d0obQ0PID9-d7",0
"ZETA～素数の世界と超越者～","96QPqq0q6Id0Ii0QbD1bQqPbiDqb0lPo-d7",0
".59","IQ0dIiDql9Q68d9ddQIiQbq1OPq8Db69-d7",0
"1998","ddOOOibQ6qIi9DI1bl8b108I1Ib6QDl9-d7",0
"30 Lives (Up-Up-Down-Dance Mix)","i9Pidb18b9O8bdqQ91QQP0oPdIdIODq1-d7",0
"321STARS","Q96bO9D61lib19IiIi0i69P80bo6q69Q-d7",0
"888","id9oObq9P6Q6Pq6lQPqI88OP1DD8D0O1-d7",0
"only my railgun","blDbDqdo1D0odlQd9biIoio8ioQPb80i-d7",0
"朝色の紙飛行機","918oPDQDoPlD1OlqlqQI08I6dD9iqoil-d7",1
"天ノ弱","16bl8D8lOddP9Obq0OIlOI6q8Pi1l9O0-d7",1
"妖隠し -あやかしかくし-","06O0ObdQobq86lPDo6P18dQ1QPdilIQO-d7",1
"阿波おどり -Awaodori- やっぱり踊りはやめられない","1d9lDIl6iiiD0D0d8qd6dlDlq6P8o0QI-d7",1
"いーあるふぁんくらぶ","Oq900IIl1Ob8qoIPqDP0PD6blbqIqlP1-d7",1
"イーディーエム・ジャンパーズ","61oIP0QIlO90d18ObDP1Dii6PoIQoOD8-d7",1
"色は匂へど散りぬるを","16IqQ680IioldO69QD61liQod0DQ8boQ-d7",1
"エイリアンエイリアン","bd8oD0iqDQ8Qobd1oIqi8981QbD6I6Iq-d7",1
"エキサイティング!! も・ちゃ・ちゃ☆​","80PdqQ0iiOQb9i91lIliodiO9PI8O609-d7",1
"エンドルフィン","oQolO9oOO01ll0I8969i8O1IQliloDqP-d7",1
"お米の美味しい炊き方、そしてお米を食べることによるその効果。","9I00D9Id61iD6QP8i8Dd6698PoQ9bdi9-d7",1
"御千手メディテーション","ilD80b8QQl9Qo0PP0lQ00b8bO9Oqoobo-d7",1
"乙女繚乱 舞い咲き誇れ","i91q8l0bbi8qll000ob6qDiQP891iiql-d7",1
"おねがいダーリン","qdQoQli1d8DP0Obb919I6P1Odilib1Dd-d7",1
"朧","I96dOqqqQIi9oiqbqDPbQ8I8PQbqOb1o-d7",1
"朧 (dj TAKA Remix)","oPP1Pdl6Qdlb8oq10PP1doDibdbbl9bl-d7",1
"女言葉の消失","0Ib6qIb0iPOoQqqDIl90dP0PI0o9QlDd-d7",1
"からふるぱすてる","id1lodDbo0Iq9088Qd19d1OlDPP01D8o-d7",1
"キケンな果実","i89IO1PPOl0boOol0bQI19Q9liQ0l6O1-d7",1
"きゅん×きゅんばっきゅん☆​LOVE","QIDd80o0OqobODP00ldQ1D9dl81qQi0d-d7",1
"倉野川音頭","8Q8OiP8QPbl8bqID1loQq896ldPQd99o-d7",1
"クリムゾンゲイト","q6iD8idqo69qIPl00IQidoq1o1o1d1b9-d7",1
"黒髪乱れし修羅となりて～凛 edition～","16oDDIlP8bIODQ6Ql0881d9Qqdb19b98-d7",1
"君氏危うくも近うよれ","IbDoODD9qb66Iqd6DbOQiOoDll1DqiO9-d7",1
"激アツ☆​マジヤバ☆チアガール","Pd1d96Q91oiboqb86DdddD68dbq81Pdo-d7",1
"幻想系世界修復少女","QlID98Ddoi6O8lP8IQd6iid610011l60-d7",1
"恋時雨","I1qd16dPdqPi96ql0lP10OQDbo11D89P-d7",1
"恋する☆​宇宙戦争っ!!","Q9Q088PPd0bPi9QQ8iil1lQqPdiQP69D-d7",1
"恋のパズルマジック","i9il1DIDl91Db0OdllOddIqO600Pl89q-d7",1
"恋はどう？モロ◎波動OK☆​方程式！！","qilOP8l6bDPi98lqDbO6O1obOi068QOQ-d7",1
"この青空の下で","qbbPQoqqqiPd98d61P0qDd0iDId6OqoQ-d7",1
"さよならトリップ ～夏陽 EDM edition～","1P9bqO00bIQ0q8d1Q80l0Dq8oi6boqb0-d7",1
"幸せになれる隠しコマンドがあるらしい","D11ldIqD8dQIi9oQQIIo86QOI8D9olP8-d7",1
"漆黒のスペシャルプリンセスサンデー","OoQoQIP06Doq1d88dDQQdlQ8i68Do9DO-d7",1
"しゃかりきリレーション","0d8Q9I86lo8oDlQiPd81ll66ob0qli89-d7",1
"灼熱Beach Side Bunny","6dO6i9qq601D8ild9QIlbO8bodbiQ1Pl-d7",1
"十二星座の聖域","lIlold9IQbDb0d6IdP6600DOQIDb9dOP-d7",1
"シュレーディンガーの猫","DIiQbd09D0PoIiPl9iP1q8qldOOqol8i-d7",1
"春風ブローインウィンド","dlqPb1iqPo81qI89816QIoi01b1b0P06-d7",1
"ずっとみつめていて (Ryu☆​Remix)","80d8obPdlobP9qlqiDb01999o01q6DdP-d7",1
"星座が恋した瞬間を。","ld8lOqloqD6lOl880ldDo819bDb9q1Qi-d7",1
"晴天Bon Voyage","I8diIQiPO90qDD60oQ0o669I99dI69DD-d7",1
"セツナトリップ","IQ0ID09qD6O1oOdIq0oilI8I8l9DlP9b-d7",1
"千年ノ理","D0Qb898oqblPoP68PPq1o9i9dI9o0D9i-d7",1
"創世ノート","9obIQOP8O1l0PQ0Oi1oPQI198o0Pd81o-d7",1
"宇宙(ソラ)への片道切符","P869didbP8Q69IQ0dIqo1ibOb0bb99Q1-d7",1
"闘え！ダダンダーンＶ","P8DoiO0QO6Qb8iiP9D1IQ080lQQPD6ll-d7",1
"打打打打打打打打打打","DDDiQOd1IQQ6QIIq09PDqdQdDIll6bQI-d7",1
"ちくわパフェだよ☆​CKP","biqbD9I9q9D16i0i1Idb9d111l1QDq86-d7",1
"地方創生☆​チクワクティクス","91dD6iqPO066do99169POPbQPbo9o6oq-d7",1
"ちゅ～いん☆​バニー","lIQ1608o9O6bdoPO0ooi8io8i6q6bO1b-d7",1
"チョコレートスマイル","iQP6PI8oDQi1OPQObDQO1IIP9I8i0I1o-d7",1
"チルノのパーフェクトさんすう教室 (EDM REMIX)","Q96Qo0qbQ81odQoqPOOQ98oDbo6Pb1IO-d7",1
"チルノのパーフェクトさんすう教室","P66d8iQQIIQO96qoDdIqi9l19i69D9Dq-d7",1
"デッドボヲルdeホームラン","lQ86Pod1b9oI8OiDDoId099di9OI8d9I-d7",1
"天空の華","D68PQib86POo9D6O8Q0qO8bD6bDb1bdl-d7",1
"ドーパミン","QoODOoqDli0bOoqqDo8ODo1lDI9llblo-d7",1
"ドキドキ☆​流星トラップガール!!","QoId0biOD18610ii0DDP61QqOl6qq86q-d7",1
"突撃！ガラスのニーソ姫！","q1qI0QibDDP6oPdl8DlIlPo80DqDd66P-d7",1
"轟け! 恋のビーンボール!!","II8Dlo69PoPOII9P88qdlQPP8I61DlDo-d7",1
"ナイト・オブ・ナイツ","liq91ddlPQ16iooqDDQ86qlodIO10Qb1-d7",1
"†渚の小悪魔ラヴリィ～レイディオ†","q0QIob1PDI6IP86dlPb6I6il9d6bP606-d7",1
"嘆きの樹","Pi69o0idP1obO9QDqIDbPdqlb90q8Dq8-d7",1
"夏色DIARY -DDR mix-","iIPq9q8PQDDObo610oQoi0ob96PDi8li-d7",1
"虹色の花","Dl690bPIlIq0Ol1PdPbb9QO0I66lIqO0-d7",1
"爆なな☆​てすとロイヤー","lO8O011qIqioPDi9d0oib09DDDPIbqOI-d7",1
"初音ミクの消失","QlQ9Qb00bI0ob9oDIiPqO1QdQ0o6O0O6-d7",1
"ハッピーシンセサイザ","l1bDOIlb6ddI6od0q1llI0I6blq9oP0l-d7",1
"はなまるぴっぴはよいこだけ","6doo1dQ16Ol86oIbQ19PPldI8lIbP0OI-d7",1
"ハピ恋☆​らぶりぃタイム!!","Q86b6I1Qi6Q918l6iOoOQl866oQoIQOi-d7",1
"パ→ピ→プ→Yeah!","668Q8qQdqoIQQiIQOilDqd8lDOOQ8bDQ-d7",1
"ハルイチバン","ibdIdIO60b880i8oPOdQD9qIqldOdDl8-d7",1
"バンブーソード・ガール","160Oo1q8DolI6068lQi66OQbQ9Q8ODQI-d7",1
"ビビットストリーム","1qdb8P8il9li6DOdPolq9d0d9Q6898oi-d7",1
"向日葵サンセット","I6Dd0QIi086il1918dQI6dq0l1d9ibD0-d7",1
"フー・フローツ","0Qb8PDoQ06Q66obPI1P988oI61ioPb6l-d7",1
"風鈴花火","oOI18qilo91qPQl9Q0l9iliO96Pi6DIi-d7",1
"無頼ック自己ライザー","id0QqdbI8oloO9l08IqI9q1D0819OQID-d7",1
"プレインエイジア -PHQ remix-","dDlDPddq08iD8IOb9I1PbODP9696966D-d7",1
"ベィスドロップ・フリークス","qD6P1ldl09Dqq8QP01bbid0b9IdqobPl-d7",1
"ベビーステップ","ObbOibP0ll9I00di6i9oO1qlIQbdD0ql-d7",1
"星屑のキロク","dP88i6I9b9QPQDPPO90POOIo0Il6QloI-d7",1
"ホメ猫☆​センセーション","DoQi6oPoD9DlO0898oo0ol0qoo6891Db-d7",1
"マインド・ゲーム","0ddPq801D8PiiqO1oqoQbdOIQ9lQl11o-d7",1
"魔法のたまご ～心菜 ELECTRO POP edition～","8i9llqdbQ6qP611I90lldPq1o1oQl69o-d7",1
"魔理沙は大変なものを盗んでいきました","PloPqd6Q19Q990dl16I0Qi06i0l8o168-d7",1
"ミライプリズム","811o6o1QPP0lPiolI1ObiD99l08o1dQl-d7",1
"めうめうぺったんたん！！","db1DlQ9qqI8PiqPD6q88O1P8PDbP11dq-d7",1
"滅亡天使 † にこきゅっぴん","Qq6D900bD60PddqqbdQb96Pd60918100-d7",1
"野球の遊び方　そしてその歴史　～決定版～","1dq6Oq918dIQb1doqQdbiPPPO9lIdl0P-d7",1
"ヤマトなでなで♡かぐや姫","Q8Q6d00DoIiPolOb9PIO0Pll96O0I1qD-d7",1
"ラキラキ","0bDqIO9Q0PPIPlPll1D8Pbol9O6DlPdb-d7",1
"ラクガキスト","D08qoOdPd8iOO916bOPIIIdqPP6O00iP-d7",1
"凛として咲く花の如く ～ひなビタ♪ edition～","o91qiqqDi9b6d6l1dQ6qO6oO0QDIlPql-d7",1
"ルミナスデイズ","dqOoPll1qlDdo6Pd6O0DPPO6l16OIdD1-d7",1
"恋愛観測","iP8ll9I0dd8d689PPqlI9008d06io09q-d7",1
"ロールプレイングゲーム","DOQbd61o6P0oq968Po0oqP01qPQ8lPdq-d7",1
"炉心融解","1OQd9o01Oq6Q018POOdlqodQ6bqDPOob-d7",1
"ロストワンの号哭","Q6b1odD8q99D190oP6ol01DolQPD0OdD-d7",1
"ロンロンへ　ライライライ！","9O8bq8b1Pi6Dl08OiPq10OddOdol1qOi-d7",1
"海神","P0IoP69l6q08q8DoPD1Q8bqq099Pi1iP-d7",1
"ACE FOR ACES","ld6P1lbb0bPO9doqbbPOoPb8qoDo8id0-d7",1
"ACROSS WORLD","o81iq91q6lI6OODP9Pb9OboDlQD9Q08d-d7",1
"Adularia","IQ6I61i1b0Ob01QiQlld8o09iIQPoPOl-d7",1
"ÆTHER","l6d0ibbliQPQDdb1lP18D9qbPDi1698b-d7",1
"Ah La La La","Ilqd06QqoQd9IlQobq9idPqb1111Q96b-d7",1
"Air Heroes","6obQo6d0oQ6QoQql0I60b81IO8IOl1IO-d7",1
"ALGORITHM","ddq1DldlQ990iidO6O99q61bI1966Q0I-d7",1
"ALL MY HEART -この恋に、わたしの全てを賭ける-","oIPb0iPd8OdDD181dQd8OI18OQDl01QO-d7",1
"Angelic Jelly","9Q081Q0Do0IDDqQi9O61P111QIQd0oQ6-d7",1
"ANNIVERSARY ∴∵∴ ←↓↑→","Pq1O0qIiQII9PP1Qi6dbi9Pdo88dO8Dq-d7",1
"Another Phase","9O1O0o8O1qbQ08Q961Ib1iOIDPQid109-d7",1
"Astrogazer","6QdIl8odooDQ0oOQ0IObQqo1lO986PP6-d7",1
"AWAKE","lQ1QDdooiOO9QPo8q91iD1IqI8Po9ODl-d7",1
"Back In Your Arms","bqqIiO96di90bdP0QD1biD8DoDQIddOD-d7",1
"Bad Apple!! feat. nomico","8Q8dP1odl1D9lIbiIO86OPPIoq6qPP1l-d7",1
"bass 2 bass","18id0bi1Q6lbl0091iP0QoOIq9DDPo9I-d7",1
"Be a Hero!","dOb880lOloIIod00PQ1iQOQqlOOQ0Ql0-d7",1
"Beautiful Dream","d18DI8bO1lql60Ol1dqQlI8qIobl191P-d7",1
"Blew My Mind","8IdlOq1qI8OO1PP88I6olPiI6IqqqIIO-d7",1
"Bombay Bomb","18ibQ9qbqOI91Q1iiiOd990OPo1q1dPI-d7",1
"Boss Rush","QbD9QQP9bqoD00bQQl8obibP9PloQ9Qo-d7",1
"Catch Our Fire!","P6id8qqolbP0oqO060OOqbl60DI9iQoQ-d7",1
"chaos eater","1iQIIPdQQOOlP9l90oPdIi60D9OOlqoQ-d7",1
"CHAOS Terror-Tech Mix","b16OP1o9qb6bQd66qOl98iq0boiQP919-d7",1
"Children of the Beat","dd80OooqdOIi9O60i91PDdIPIbIiiD66-d7",1
"Chinese Snowy Dance","P8obb0oQq1lbb6Do01PPDI1o8ooO6Pb0-d7",1
"CHOCOLATE PHILOSOPHY","ioDOIO9iP8qqPiP9io9Ib1I91OoQ0q0O-d7",1
"Chronos (walk with you remix)","d18bbq1l699OP9Di6q8oqD9oPb1o1P6I-d7",1
"Cleopatrysm","d91lIllbboPd668QP88I06Q6QqooQiO1-d7",1
"Come to Life","oIII9lI0q6i9Q0b18ldoI6o0PQ0qqD01-d7",1
"Condor","1Ol1i86OQd61IlqPb9O1060l0OQDoDQI-d7",1
"Confession","i19IOi90Dq90ll989iIdOP9diodqi968-d7",1
"Cosy Catastrophe","9QIo1lbD1ldlqPO0iD68io69Pd8b01Do-d7",1
"Cytokinesis","ibl00b69Oli68l96d6o1P1ob8QPillbO-d7",1
"Daily Lunch Special","ldlqDQ0bb8d9do86o898P0qo1OlD88qD-d7",1
"DANCE ALL NIGHT (DDR EDITION)","Oi1DI99DO6i6llQ8DDD6oDqOQqiP118d-d7",1
"Dance Partay","QbI1i8Q8o06qQQIqllQ6091l998D0qIi-d7",1
"Dancer in the flare","ddOqqDI91bqqiOoll6I0i16i1P18019q-d7",1
"DDR MEGAMIX","8dbiodDo1i6IolDQdqdOoqDDD90q6liQ-d7",1
"Desert Journey","PI1DiP0bIi8PodP6O1i8P0P1i8iI1oD8-d7",1
"Destination","9dD6dlq01qd80loD6OOQb60ql6P6068O-d7",1
"Determination","QPol19bIb009IDOPildbi1QPdPlO0dq9-d7",1
"Diamond Night","QD6b8i08P1IQloIPOPiqlIPoDlPi9DPI-d7",1
"Din Don Dan","1i81dQboQ91QbdO9d6bQ1Pi00dPP01li-d7",1
"Dispersion Star","6i000qlo9PD9oi9I9Qb990D6D9i19699-d7",1
"Do The Evolution","lPDqbq6OIb810i8bqIo1i1olol1OlP9l-d7",1
"Dreamin'","89ooi0i98Qlq9PloIl1b190DIo8Do16l-d7",1
"DREAMING-ING!!","8bqd0Oibbo8q81QdODqdl1OOi1l99O88-d7",1
"EGOISM 440","9i0q91lPPiO61b9P891O1i86iOP1I08O-d7",1
"Electric Dance System Music","96Qo1idlD9o8q9qIdiDl18l0O06Qo108-d7",1
"Electronic or Treat!","li0IboIqq8qddDP0Oi1Q9i8OPoD88IQl-d7",1
"Elemental Creation","OiIOPd80d9PQQIbidO6ObioboO88OD9l-d7",1
"Elysium","b60odbPO1IQd6d0qPIi1dQODq16i9811-d7",1
"Emera","OdlOPPblPlbbldOdqblI06Dd1q00PPo9-d7",1
"Empathetic","1i10oIqlooQbOqO9qiodbIliilP1I06b-d7",1
"ENDYMION","PO9Pl1q896bDDl89qQb98D80DQoPio1I-d7",1
"Engraved Mark","lb19I8d0DPb88QDQlP616lDqoboli90O-d7",1
"escape","odQbP0bQqD89PolQ96II0PiqQQIddPi6-d7",1
"esrev:eR","qPDQbQ6lOqqbI9Plb6o9lld0ddIP8oiP-d7",1
"Eternal Summer","Qb6PqOQO8Qd8i91D018olPiD01PbQ061-d7",1
"Everything I Need","81O10b1Oob9blo0888PQbd1I6bP0b8q9-d7",1
"Far east nightbird","9QlqQb9qO008DIPbq8DOlP60P110DPi1-d7",1
"Far east nightbird kors k Remix -DDR edit ver-","bIloQ900Iq01ql6ddP9idIb6iQ11i9D6-d7",1
"Find The Way","liiPP608Oqbbb1Do88DPolOlQiq0Di60-d7",1
"First Time","9Di9ODOOl8PDQiO1O6o8lD16QlI609ob-d7",1
"Fly far bounce","Dq8b8DPD06Q8qob8OOiQIlOdD8QQD0q9-d7",1
"Follow Tomorrow","ObI1oo6QlO981880DDDOlo8bQobI0I9P-d7",1
"FUJIMORI -祭- FESTIVAL","I0Ql0Di1qD6i0Qq1ql0qPb19q0IQ6iO9-d7",1
"FUNKY SUMMER BEACH","9i6dOd608qb0IlqoDIPb8q1o8q1ddQQd-d7",1
"GAIA","idIibqoooOlQ1DId8lOidd6il0bdoql8-d7",1
"Go↓Go↑Girls&Boys!","DPo0bi8Dibli118P6D981oQIPPQI01lo-d7",1
"Grand Chariot","Ib01P6O8OPl8qqQi9QO6dii18ID69I8P-d7",1
"Grip & Break down !!","I90bd6obO890P0d1iiPD0dol8o8QloQD-d7",1
"Habibe (Antuh muhleke)","890q91iIbO96OOD10Qlob6qOObQoq1bd-d7",1
"Ha･lle･lu･jah","l6qQi9qlO8diPd18dl6DdqPid01P91iQ-d7",1
"HANDS UP IN THE AIR","8OIqIi996QI18Oo0q8iiiO8bbb6dI1l6-d7",1
"HAPPY☆​LUCKY☆YEAPPY","ol6IDd019O0qq8dblPQ96ol1oPbI990b-d7",1
"HEART BEAT FORMULA (Vinyl Mix)","qObI8DOldoqob8OQD6Dqdiob0dIb0ll9-d7",1
"Help me, ERINNNNNN!!","9dDOQo8bQ6blDdd989l1QIO8liDq9O0q-d7",1
"heron","DibOOIOD1id66O0DqOQ61O6I9bIIQQ0q-d7",1
"High School Love","811qq00Il1Q681068l8dQbPO60l0oD1l-d7",1
"Hopeful","90qP0000qoO8o8dIidlO611ilO11Oo9Q-d7",1
"Hoping To Be Good","Oo9O18oqOi9DIoOoqb9IqQDo0dbdqP9q-d7",1
"HYENA","6Oi66iq9bqi8bDI6l6lPdqDObo1i9lDl-d7",1
"Idola","1I9ODbQ81qi1006QoQI6d6dbd9iiPD9O-d7",1
"Illegal Function Call","1Ob1I0do8Iq6QqP6PQIiddD18dqDP9oo-d7",1
"IMANOGUILTS","Q8qb1oQobdqDqi0i19qqb11P1oDoiD8O-d7",1
"IN BETWEEN","bdQ6IobP6II86I1io686Il9qQ69dOod1-d7",1
"In The Breeze","o1dbD61Qi98O60liQQ91d8O16I86dqDd-d7",1
"invisible rain","6DQoDoliDO6P96P8D1POoOd8q9QbOibQ-d7",1
"Ishtar","bPb96lbDP9OdI0Oi1189iOPPdllPIDQb-d7",1
"Jewelry days","qOD6OPbP6b0l0ODOiObiQbl1DbPqOi9I-d7",1
"JOKER","bQI1dIlIObIIQood96O9q9iO8li11OO9-d7",1
"JOMANDA","dDQqqIQlDQ9POd90OPl9Dd1i106odDl0-d7",1
"KHAMEN BREAK","Qq8bbbqO6qQ1DPODd16oi1QDQoQ9b8DO-d7",1
"Life is beautiful","dqb09QD6o0O8PooiqbqQOdqQ1l80o691-d7",1
"LoveLove DokiDoki","IPOq96Qo911IdQbdqIo0I816i6O86ioO-d7",1
"Love♡Shine わんだふるmix","qi9qP1dPd6PPDlldbb8OIlD08Pbd9006-d7",1
"Love You More","qIqbqPblQIIObd9166bbDiioOIiIq991-d7",1
"Magnetic","18l0blb188Oqqi8I68o8oq91Qbq86QDi-d7",1
"MAKE A JAM!","6IPiID10iO699bOQlODd1PQ0liDi9i1I-d7",1
"MAX. (period)","89I0ooQbbI1I6O1iq861PQQqIo9iO86b-d7",1
"MAX 360","1Dl19idl0i0qiqidbDIIbQddiP6o11PP-d7",1
"M.A.Y.U.","o96i9P9iO9o0DdbPb9bbQ66DqDq88Db1-d7",1
"MITOれて！いばらきっしゅだ～りん","Db9DllQooo6lqQdl6Q6OD6q066i1IdOO-d7",1
"Monkey Business","bD1DbibPIq9IIlQd0OIIl0o91QI1il69-d7",1
"neko＊neko","Po09DbIQ9QPoboQi0900lbbOqDoPbIod-d7",1
"Neutrino","lO91bIQ0Q990PqPbPIq88b9I9PI6ID0Q-d7",1
"New Century","o068b00O6QD8lo9O1i9PbQlqO6IQOidD-d7",1
"New Generation","6i99bQI11qD818DDdq6qb0Dql880lP8l-d7",1
"New Gravity","PdqQ0oO8lIOi800i69I9100olb9Q6D8Q-d7",1
"nightbird lost wing","ib0l98Q00O1Do9oQq1IQOOqQOOb80bIo-d7",1
"Nostalgia Is Lost","iI96000Ib9DlIOPlDQIO00oDiO9DbPI0-d7",1
"One Sided Love","OQb96d6qD9bPdD819QO0b88blIllldoi-d7",1
"#OurMemories","QD8D6IQ1QoOPIPIIbI10QDOdd96OPIQi-d7",1
"out of focus","I6qdO8Di181P6Q9Ooq0d8d0DOdq1dOOQ-d7",1
"Over The ""Period""","6bid6d9qPQ80DOqiidQQ891o6Od8801l-d7",1
"Party Lights (Tommie Sunshine's Brooklyn Fire Remix)","oQQqlb666o69DDOQoboOI1b1q09lQ9P6-d7",1
"Plan 8","6oI9d9lO6Q0iDD8dIIO08qIODiqiIqDl-d7",1
"Poochie","O6q0qIQdII9086d9q6o0D1PO06liQ9iO-d7",1
"POSSESSION (EDP Live Mix)","o1Od8IPqddIP0oIPod81PDodPo1qo88o-d7",1
"POSSESSION (20th Anniversary Mix)","19q96Q8l1oqbD0OQq6biDbO6O1oqqb6O-d7",1
"PRANA","P0iOob80dDPqI8oIqq1dOiDd9qilQqDl-d7",1
"PRANA+​REVOLUTIONARY ADDICT (U1 DJ Mix)","D8q1ObblD0i6liQ0OD6OdD0qIo9oPldb-d7",1
"Prey","i916bDibPI9l869o9IIQb8DbO9bPDi6q-d7",1
"printemps","1PoOQPd0D01Q9O0doiQQQ8D8Q096bDq9-d7",1
"Puberty Dysthymia","99q8i8bPldDbio919ob0DPi0bqdIoobi-d7",1
"PUNISHER","IIDiDdQ1d6bIqbld9IdO106POdiPO6PO-d7",1
"Pursuer","bl90QbiqoOlDI6iQQQdo0Iol6PIdQblP-d7",1
"Qipchãq","diDO6qoqo9li6qDdidDiqO9bi8lOP8ib-d7",1
"Reach The Sky, Without you","POq8OPlOO9199i11Od0P00801Qo01DQo-d7",1
"Rejoin","ll6iQl0PoiDob8Oi6dlOQ069061doqbq-d7",1
"Remain","qo6l9dbb8D0iDQI1odo0Qb9O1ibDdoIb-d7",1
"RЁVOLUTIФN","IPq8dO1lD8qidDlI0ObboI9IIldQO6IQ-d7",1
"Right on time (Ryu☆​Remix)","q11d0oiQIlbP91dqqddPq9D80lbODbDi-d7",1
"RISING FIRE HAWK","60P9IPOdi1OIbD61D8i0D9ODoq6QOIPO-d7",1
"Romancing Layer","iQqbdqOlqlPP11d1qI8lO6iQb19dO991-d7",1
"SABER WING (satellite silhouette remix)","Do6oPoo1QbOPo9DIii0Q0180l8b1Doqi-d7",1
"Sakura Mirage","QQd9l19POblQdPdd61OD808DQ1qOQ9dl-d7",1
"Sakura Reflection","0Pq6o89llQl10dl8O0DdP6lIO0ib6Doq-d7",1
"Samurai Shogun vs. Master Ninja","9iOoPoQ998qD66DoOOOqD9oDQD88P8I0-d7",1
"Sand Blow","QiQi666Qd9I6d1899iii80PdQdDlO1i1-d7",1
"Scarlet Moon","oQ1PPlOd8Ilb8I1I6biqO0lQPIoOldP1-d7",1
"second spring storm","d1bQ1iIb0I1PoPOQqliIo9PiQQb1119d-d7",1
"Sephirot","Qbbqd9O98bl0DobQ9l6blO8iOPP8QdDd-d7",1
"SHION","Dbd0o8iob1D0990DDIOIIQ6bQqdDQ6ID-d7",1
"Show me your moves","6oolbQ0QiO90Dd0DQbb1D86d8q88id86-d7",1
"siberite","qq8qDqqPQdP0loDI6DDO9d6dQ601iOID-d7",1
"S!ck","QOPioi8P81q9l0QiP6q06b06bdOO8b1O-d7",1
"Smiling Passion","odliP8d18DQi0b8lPbPI1PdoQ0PDd0IP-d7",1
"sola","dPbOQdio1OI8OOI6OlOIqI1Ii18i8ID0-d7",1
"Somehow You Found Me","60dq6Plo0do9iQOl6ql111P9OPd9i01l-d7",1
"south","i86bPlP6ioldqb1OqPqidboqqQ8dQqdl-d7",1
"Spanish Snowy Dance","bo6PqbbPQ6D096OIP6dDPbPPiDi88609-d7",1
"Special One","D9odQ60DDolq9QI9DDl98DIobdPPIil9-d7",1
"SPECIAL SUMMER CAMPAIGN!","9DI8iOP0660lb968I6Oiiid6DQ68IbOO-d7",1
"Squeeze","D9I8d1PDOQ8QqP1o1IIi0o8d6660ddOQ-d7",1
"Starlight Fantasia","bb9lOdO0Pbb1qOIb1oQq8lPlI9i6IP8q-d7",1
"Starlight Fantasia (Endorphins Mix)","1QqObIQPDOq6bI6iOqDiiI66oDQQidlb-d7",1
"starmine","l666Dd0bIO9O69boPd898b19bPDo1IdO-d7",1
"Starry HEAVEN","oQPdiPPdQO1Ob6DqDi0l0q0PDP06QlO0-d7",1
"Start a New Day","l08bl1dddob81IP1IbQqbDbiPo9l069l-d7",1
"Star Trail","I1DiOI16Id0qdlqbQ6ObPlilDP1oiI98-d7",1
"Stella Sinistra","OPQQo1idQoqOq88lIPOQo6DooiP8QO9d-d7",1
"STERLING SILVER","ooo6qID66I6191bQib1QQdlPoio6Iodl-d7",1
"STERLING SILVER (U1 overground mix)","oqPii6QDdPOI6lDDQ96DOI8ill61bobd-d7",1
"Straight Oath","oDD1DQ161816dd9Dl8IioOoi9OQdO01O-d7",1
"Strawberry Chu♡Chu♡","0i68q1iQblI1Pb8QqoQ90i6ddPiqdq8b-d7",1
"StrayedCatz","li6dD9b8dboOd9bbqli886lDl08IPQ00-d7",1
"Struggle","1idIoi66ll806D8ddldOQi8bdiDO0Oil-d7",1
"STULTI","oo6iiQQbqQ98D9oP6OQPibIqIPd66Qb0-d7",1
"Sucka Luva","P8od0Q9DO8i9dl881oPQQIOIIq1Q9Oi9-d7",1
"Summer Fairytale","i90o9Q0D91bb0Q6qIQ1OiDqqiPPP98oI-d7",1
"Summer fantasy (Darwin remix)","loD6oi96869O8ilii1QPOPDoP91l1PQQ-d7",1
"SUN² SUMMER STEP!","D1I09111OiQPiDi9doqP9b1PlO1PqII8-d7",1
"SUPER HERO","d1PbOD8o6b6o1OqOQ98ilDQbid6dddQd-d7",1
"SUPER SUMMER SALE","Id8IPlqQodD01dPiq8oPPQoPQq6booi0-d7",1
"Sweet Rain","DbibObDP860iqI11POiqQDD0i8PPOibd-d7",1
"Synergy For Angels","b9IoO68b1Qd9I6O8qqoo6q1o8DQ8l9lo-d7",1
"TECH-NOID","qdbDo1oP6D9ioODd1dQO0QObObidilbP-d7",1
"Tell me what to do","6loP1dbiOq0Q8i9QQOI6o0iOO6bdIQOO-d7",1
"Thank You Merry Christmas","IPDid8ii1iQb19lb6iqOi91O0il018Ql-d7",1
"The Island Song","8Pl1i1o0O6oIio0b681qOoDOQdPPOObb-d7",1
"The Lonely Streets","90D66ObIiqP09oqoDoq6b908b699oqqi-d7",1
"The Night Away (MK Remix)","0Ob1601118Dii9Qdii9lPbioPP6qoi1I-d7",1
"THE REASON","1iIoi89doDiQoo8o0ddl9PQdQP0Ili8O-d7",1
"The Wind of Gold","Dbdi9P91PQl660llPQO0l86oDqi1O9Ob-d7",1
"Top The Charts","l9i996ld6PbbiO1911OoOI8lIPQ06ID8-d7",1
"Towards the TOWER","l66Io69ob00OoOiDOI9lIqlidbDoDq89-d7",1
"Triple Counter","d810q0I8q6d0l1POlIO6d66bOPb96dql-d7",1
"Triple Journey -TAG EDITION-","lDOPd60Q9obl6D0q8qqdQi9lioblD1db-d7",1
"Truare!","bilO9D91P1lo81oIDP6qOoqdDdQdoDlP-d7",1
"True Blue","D9lq0DioIl9D6ll0d61990DP9qPPb1dP-d7",1
"TSUBASA","o9Ib8bob6b9qIDq1d09bq8q1I06Odi90-d7",1
"Twin memories W","Po1D6bo0dQbdl91bPOl86lo8DbP9biiO-d7",1
"Vanquish The Ghost","891b0OdIdO8b9obi69b6PQlPIqDI01dO-d7",1
"VEGA","d1dPPII1o69IlI0d0DlPi1i1idbdPD6O-d7",1
"WILD SIDE","I81iP0Io9o1l9li0Iq99P1091O8DoDOd-d7",1
"Windy Fairy","8bI68oIq08d99P880bDPQ9D80O099Q10-d7",1
"Wow Wow VENUS","Qo1qdD0Q9d11d9Id6o09P9id8lPbOQ6o-d7",1
"Yeah! Yeah!","8OPDQ1oQIOPdqqD18oo0lQ8OQOIbbDoP-d7",1
"You","D0qloQo0bQliQqooQ609IP8i09old99D-d7",1
"ZEPHYRANTHES","I61ioI01IOPDPbP1OO0l98PD0iDbid0D-d7",1
"8000000","Dd98lDdo8Ob698d9qbO9iD0PqO19oQbI-d7",1
"IX","00obPO6oPIPOoD9qb0dIl6q6D8P6o9bI-d7",1
"愛言葉","QPd01OQqbOIiDoO1dbdo1IIbb60bqPdl-d7",1
"ありふれたせかいせいふく","d0DDd1dP6llPbioqPdiQ0IDd918bDqI8-d7",1
"すろぉもぉしょん","666ObIO9bO8D8q8q08I1OQo96DdIbbiO-d7",1
"脳漿炸裂ガール","oOOI98q81oQQQP88d6Q6qlbl8QI9d0dI-d7",1
"*ハロー、プラネット。","D16P668Q8loqIoDo1IdoIlIloiIoIDll-d7",1
"放課後ストライド","PqOilI0ql6QDID6oo0Qb9iDo1doqQqPQ-d7",1
"回レ！雪月花","dOblQOoDb96l00dqPlIb9DQl86q9PboI-d7",1
"妄想税","b9QiIQ18b6o1bqPdqI6lI1OIqboPIDI9-d7",1
"ようこそジャパリパークへ","od66Qb16lI019I06lllII811I9ol6l0i-d7",1
"輪廻転生","91qD6DbDqi96qbIO66oboliPD8IPP6io-d7",1
"六兆年と一夜物語","Ol01P9IIoDIOldo8IQI0l6bd9lb9q0oo-d7",1
"Believe","00q86iQQIIiOlqi6Doqi6b9PiOodo10O-d7",1
"Break Free","6DP8POdO1PiP0D8il08Po6iD8oI9Pidl-d7",1
"Happy","9OP0iqDD8PDIb8lblD0ol09oP1I1d9PO-d7",1
"Hillbilly Shoes","dll6Dq0blbl1iPbIIiQ61QIoo00doqiI-d7",1
"I Want You To Know","00Qbd9qoI681Q0biQOIiI08bI91i080l-d7",1
"More One Night","qOlDPoiqibIOqod69dPilbiqD6qdO1qQ-d7",1
"Shut Up and Dance","qPi8qIqO1lQd08b01PiPlql9O1dOPDPq-d7",1
"Time Of Our Lives","1i8d1DodloQiQ8doOlloDIOO9PI6OIoO-d7",1
"Wake Me Up","io9b89PD18ibIO8PIqb1QODliqDdqiIO-d7",1
"39","80Q1idDo6O6Db0106b0q6qbOP1P8QQb0-d7",1
"愛氏AIされ","dD6DOI1lDI8o90iO006Dl96D1doDdQ69-d7",2
"アイスクリームマジック","6iqOPoP6lQi8ilD10o8ol11DQbqooOqP-d7",2
"蒼が消えるとき","6d10P0Pd1PiD1l6DPQdoPD1Q8DP0QlqQ-d7",2
"あおばの足音","PP0P9ilQb1o160O6O6PqQIl60oDi8Db6-d7",2
"朱と碧のランページ","8IQIld8DI9OPD00dqio1lDQ1bq6Q6P6D-d7",2
"朱と碧のランページ","d6Doi9oi600lP9lI9iiO8q68li8iOO8D-d7",2
"アドレナリン","111O66bbPIQb09PlIoolIOD666QqqIdP-d7",2
"アユミ☆​マジカルショータイム","PDoiQoi9q08PQ96Pl6oD9IIi6iq0Q6D6-d7",2
"アリスサイド・キャスリング","D6IIDqlO8idioiPo8l61Ob11D6Di0DiQ-d7",2
"イガク","oQIO6Il1IboPPDb6oDql61oIob9l619q-d7",2
"鋳鉄の檻","Odb0b0ld6P80b8b6QD0IIO866iq8OQ0b-d7",2
"イノセントバイブル","DQ1dqP1IoiD11QOPiI0Q8PqO0Qddo6q6-d7",2
"イマココ！この瞬間","d01QdIl6i69DqIbbQQd6IPOiQOObPdIi-d7",2
"↑↑↓↓←→←→BA","8ooI09QP161IqI00IdPOD1QdDd8oDod9-d7",2
"ウサテイ","9oIO98IPOiq1idiIIbOOqdDQIOdQPPd6-d7",2
"ウソツキ横丁は雨模様","q8iPi1DP6Do6D110OQiQDdPq06q80Qb0-d7",2
"梅雪夜","bi9OolI1P9oI8dDPlbQiq01Dl080PQ61-d7",2
"エクスプロウル","0Od1iPb8QO8oDd9db9iq6iOP8DQ08I01-d7",2
"おーまい！らぶりー！すうぃーてぃ！だーりん！","lqI8DD9Plq6IO8P8P6Pl8Di98DlI9oP8-d7",2
"御伽噺に幕切れを","I606oqOODOdQoP0IQOdP6b0DPdb86ddO-d7",2
"踊れ！！バーチャルアニマル！！","8IoP10odbqPdPPbIq01OID99o98DIoQl-d7",2
"おひさし中華街！","9oP18iDQ9P96bdooq0boQDPQqiiIqOql-d7",2
"音楽 (STARDOM Remix)","bdP0IOiPiQ8OlIbD1QQO8O6dPQqqb1Qb-d7",2
"蛇神","88qq1I89IQ8P9PdqbbdD0ood8oi9d68I-d7",2
"覚悟せよ！エンタンメ～ン ～より身の切り売り自暴自棄版～","dDqq9QbDDO8l6q8i1l91oQPbQD8Pqi0i-d7",2
"革命パッショネイト","l1lO999PqIboPQOD86PDQo1ol1iIiiOi-d7",2
"カジノファイヤーことみちゃん","II1199iiDiido80Iq0Q199I1olq0l8i9-d7",2
"カタルシスの月","6DibIbiiDlq1OiI6QOlPlO1loQOiDb1q-d7",2
"カラフルミニッツ","O6P1dIO0IDO6o8ib6i8oP86Qb9D08idd-d7",2
"可愛くてごめん","O6ld8Oo6Dq6OO61dIl1iPqqPO8b0d9bd-d7",2
"患部で止まってすぐ溶ける～狂気の優曇華院","6OIoOPDb9iI8i1Do9qQ96Q0ddOdd6q9i-d7",2
"ギャ・ギャ・ギャ・ギャラクシー！","61iqiQDQiobb8Pbq8o9qoldq8PlIdbIb-d7",2
"キヤロラ衛星の軌跡","6dQ0P6odPlD6dQdbP8dIiQQdQ66qllI6-d7",2
"きゅうくらりん","8OlQb0IDIOD1qIIiIqI0l6ol06bbDiDi-d7",2
"鏡花水月楼 (DDR EDITION)","q1DPdd1ooiPi9P0b0Obqq1QqbD86Qb18-d7",2
"狂水一華","Dooii0960OioP6Q1l0qi68Q8Dbd9OO91-d7",2
"共犯ヘヴンズコード","8I090lbOOOP90O01bDbi0Qo0OPldIdP6-d7",2
"強風オールバック","b86i9lPlObdl1008PO0PIi09q9o9l88i-d7",2
"極地大衝撃","1bo1qQDPidPPOlD16Ii9PoQOlQ996qb8-d7",2
"きらきら☆​ユニバース","id8lqDol8I889lO9ld0Qbqd9O6PoQlld-d7",2
"月光乱舞","8D0OOb0bi90oi1Io9iIqqiI9110ll8I1-d7",2
"恋歌疾風！かるたクイーンいろは","db6q6DlPd68bbQOOQ99OI1I9QD8PqDo8-d7",2
"恋の氷結おてんば湯けむりチルノ温泉","6l99bqIQOQl0QQDIoiQ6PQPOoDPlD0O9-d7",2
"ここからよろしく大作戦143","DdQ1lQ1Qb1P1oPl1QOd0Q0O9qqidiI9q-d7",2
"コメット⇒スケイター","9ioI0IQ16OPb1Q0q8Oqdd6D9dPqDb618-d7",2
"コンフェイト＊コンチェルト","q8llPoIloObO6QIPlQOl9P06dDQlPlQi-d7",2
"混乱少女♥そふらんちゃん!!","Q9iiOo800blDqO0DDDPI1PIbl1lIidI1-d7",2
"最終鬼畜妹フランドール・Ｓ","i0P1O6lbP1oDd6q6b08iPPoq6iPdI818-d7",2
"最小三倍完全数","O9qDQOQO8dDDIiO9dPP0Pb8qQo9l89D9-d7",2
"最速最高シャッターガール","9bqO1dPbO1b89q9dO1iOP1ibiPdP01q9-d7",2
"サインはB -New Arrange Ver.-","0i8iq6bldDo9l0iDi9q9OqIoQOlqld0q-d7",2
"逆さま♥シンデレラパレード","llo89P08I1PlID9DO8lqdbbq69O8Qiib-d7",2
"逆月","Dl89dQdOQooI0i0DoPQd68db6di86PD8-d7",2
"雑踏、僕らの街","O91llDdDb1lbbPDbDoPQ09l0l68o9iQ1-d7",2
"サヨナラ・ヘヴン","lO08lblo68qbdPq0dIlIqqdiiOq900Pb-d7",2
"残像ニ繋ガレタ追憶ノHIDEAWAY","16Qb0Oib60oQ1Oql8P806dDd8D0boDi1-d7",2
"弾幕信仰","lDIO66Dqili0bD0Qo00iIlO6b100i8i0-d7",2
"至上のラトゥーリア","qlPqO10q6PliDQDbd01IP0b6iqO0bDb6-d7",2
"疾風迅雷","PdD1dlq1q00q8o9Il6IIqi61Il9DIo61-d7",2
"灼熱 Pt.2 Long Train Running","l0OPoQ1O8q8DPDo0Iol6qD6DiIqdD9P9-d7",2
"シャムシールの舞","i6bb1iQb8qObPd09dOlibbdqb91Q0OOb-d7",2
"粛聖!! ロリ神レクイエム☆​","618q1bI6Odd9dqQd9Q8OIoOdolqi66lq-d7",2
"しゅわスパ大作戦☆​","dQQ6dQb1dQDd8bPqIPI0blb11ioq1QQo-d7",2
"唱","9qQP11666b9qO16QIQ0oQ8PPi01IIDQi-d7",2
"シル・ヴ・プレジデント","o1d0DDobPPPlq0l8Qli1d6ODI8ldo1qb-d7",2
"新蛇姫","Pd8bD1od1iOOl80oOiiiIb9QdqIQQllQ-d7",2
"スーパー戦湯ババンバーン","boqo0IoO8DodOl99Q8P8qOi8PqDq11b1-d7",2
"スイーツはとまらない♪","qoidddb08iIoDOo9DQoO0loPl8lPQ81o-d7",2
"水槽のクジラ","Po8qD6i6io866qdQ00QbbO0i9I1qIO0O-d7",2
"スカーレット警察のゲットーパトロール24時","1liPbq0890qqI0D8qDP9diOOPlDdi0Oi-d7",2
"世界の果てに約束の凱歌を -DDR Extended Megamix-","l9QibD8IoooD9DIl1O8Q0lo89I9qdido-d7",2
"雪上断火","qib6O1d6010d8Iql8IQ0q8diqOP6dIqb-d7",2
"絶対零度","i080lP1QqIiO998qPl888qboIiIDdiD1-d7",2
"千客万来☆​無問題！","loQ0Ibqqo8OO11oI9i9D6o0DDI0PDiOO-d7",2
"打打打打打打打打打打 (にじさんじダンス部 ver.)","Iq6olol00o1q66l61QIDdl6biq8OoIoQ-d7",2
"旅人リラン","b8QDI09il61i0qlO9IibPQPiqQOoi6iQ-d7",2
"ちくわパフェだよ☆​ＣＫＰ (Yvya Remix)","I8qDQbQoiPPi9D1bdQ6iOlqb0Il9DlI0-d7",2
"チュッチュ♪マチュピチュ","OoQiq8OiPbIPI80OqOlliP661bOIDd9o-d7",2
"チルノのパーフェクトさんすう学園","8P1809bo8PoqQoqOQilPidOdobbo6iiO-d7",2
"追憶のアリア","Od08diDbdbl1Pi90QdO0ibqq8D111q9b-d7",2
"月に叢雲華に風","QQ8IoPqdIb61D8o886oo8b6didDIPqql-d7",2
"罪と罰","b9iI8O6bd0bq0I1OoooQ9i9iddidODbO-d7",2
"テレキャスタービーボーイ","dbod1o098DoibO0PoiPIiQ11Pdlqdoo9-d7",2
"ドーパミン (STARDOM Remix)","Q8PqoP91qqI6I909IdQ098091q9q0i19-d7",2
"東京神話","oQ868oOio6O90i9qO1o8I96P1do11ID0-d7",2
"東方妖々夢 ULTIMATE MEDLEY","6IDll6i6d8iII686qq6DddiI00iD8o9d-d7",2
"童話回廊","lqqIbPboOl80QOioqb0bq6DoibdOQOlD-d7",2
"都会征服Girls☆​","88lIDIi1Pi0IObl8D9oblqQ9PPdI1DqI-d7",2
"どきドキ バレンタイン","Dlq6qdP1bOPDObbbQQ6b8iPbd1ODq69P-d7",2
"匿名M","dQlo0DDqlIPod6bq89DPDODllDOi681i-d7",2
"とこにゃつ☆​トロピカル","Oqo009llDdDIODldDOI6OIolqlI9PI0d-d7",2
"トラウマ催眠少女さとり！","Qqd8ObO96dIQ60808diOOqbdb6boQodO-d7",2
"トランスダンスアナーキー","8069d8dPiqloqD8i8od1o1Pq1Q6Q8i9D-d7",2
"ナイト・オブ・ナイツ (Ryu☆​Remix)","IlbI1QQOPI0o0IdoPI6QPldqQob16DOq-d7",2
"ナナイロライト","D8P1qO8bqQIP9bOOP1dPOP660OdIllbD-d7",2
"ナナホシ","Do06Q18olQo0bloll9919olDQ8lDoqbd-d7",2
"寝起きヤシの木","IdOQPlbD9d9IO16Pd1IDO0b88Qo0boO9-d7",2
"熱情のサパデアード","P160qOD09PQoOPI6iIOO69qDoqQl1qDQ-d7",2
"ノープラン・デイズ","Oq8ID68oq16I9QP9bio0ibD6PQiDbqqI-d7",2
"彼方のリフレシア","ilbQ0lq89DId9oDl89lbb8lQIPl6i0QO-d7",2
"ノルエピネフリン","8Qd118IPdqld06Qd1q10iQd06bDdbdQI-d7",2
"パーフェクトイーター","diq9D0qbI00iOOb69q6Q1Q90PQOlo6dl-d7",2
"ハイテックトキオ","DOd9bIqddQ91qbQI1bdbbDi1lqPObo8l-d7",2
"白日と幻月","16l6O00OPl9Ilqob1i8PlllDP1b6898Q-d7",2
"伐折羅-vajra-","iQDQD8889Q8O018Oi60I69D6qD6odDI0-d7",2
"ハジマリノアイズ ft. りんたる","8i0QblodqDQ196b0Oi81I0811QI99Q8b-d7",2
"走れメロンパン","diPbi6I8O1lQ1b9lO0q8IoqDqbD9P6dP-d7",2
"バッドユース・アウェイク","iQi1DOQoqI6Q08I89PQD8iIQloPd190I-d7",2
"花は折りたし梢は高し","8DO0DbDioIid8qDQiQdOdOPOo0PO0906-d7",2
"羽根亡き少女唄","dI0q9QdPOI1lq6888qI980dqll6dbqib-d7",2
"パピポペピプペパ","19Q9lQId91d9l8o09oI81OQqPd00dQ69-d7",2
"ハラショー！おにぎりサーカス団☆​","16b91IPI881lPIo8Qq9Pl1IPiD8Ddodl-d7",2
"春を告げる","IObPQb9QlP0iIiboObPoPqIqDo0O11Qi-d7",2
"叛逆のディスパレート","QiboqIool99ol9Q0d08b68OIIiD89qqO-d7",2
"び","QD9Ib18D9lIO10O19d16PbPb68q1190d-d7",2
"ヒカリユリイカ","1Q809666i9oblO8qO688OiD6OIbiP0Oq-d7",2
"人マニア","iDli1d0oP8lI6i8Qobbilo86OIPIqQlb-d7",2
"悲報！ワイ！ニート！","ODIdIPOi6q6i0i6qDqODQ9qIbD0DQbqd-d7",2
"ブタサンダー","0bqi6lPDP1qOl9dIb0DD1I9i8l8OlbQb-d7",2
"閉塞的フレーション","Pbd01POIdQPdl6IDd6D6oP0006o6iO00-d7",2
"ホーンテッド★メイドランチ","I0qiD6Ob86D1oQOib81lID6Dll8iOOOP-d7",2
"鳳","QiPiIb8I99loq8loIq91iP6l1OOoq8oq-d7",2
"鳳 (Five Flares Mix)","Dbl69I9bO9qo6iidPbPPPD11boQPqi8q-d7",2
"星屑の夜果て","IDP9ldQoD8bdQ6d9Q0oI6QlI9b6Db9Oo-d7",2
"ポジティブ☆​ダンスタイム","Q8P19lIP698I9Q8oolP98Qb6DIqQ10ql-d7",2
"ほしのつくりかた","IdlqO9DoOq0qPQdDbOb80dOPDlb98l0l-d7",2
"ポチコの幸せな日常","8909Q00li66qQ906I9QoldIqbiIP1QoQ-d7",2
"ポッピンキャンディ☆​フィーバー！","09PIO19oPoo09q0ioli6oO1di89o8Ilb-d7",2
"ポラリスノウタ","D6iI9O90il0OoIqP1Q86OIQdDQQilII8-d7",2
"まにぃまにあ××","ObiiQb81io69166olbOqODQOQO10DbQi-d7",2
"未完成ノ蒸氣驅動乙女 (DDR Edition)","96d9qiDD8l09DQq6O1DO6O6I1IdP8q0D-d7",2
"ミッドナイト☆​WAR","06DO8bb0O891IQ9QP01diqOOl0D80QbO-d7",2
"みゅ、みゅ、Müllる","0q90DbbI1O90D91I8ddDdDlP9IdoQ0oo-d7",2
"未来（ダ）FUTURE","D686d06lO9IID8D0boPq0Pd8P89idO99-d7",2
"ミカヅキ:コネクト","8PIO18IQqIoODlD8866Dd0I0OD8lb9ol-d7",2
"ムラサキグルマ","I1i6li9l091l6ooqPlP91OlODPbqqo9P-d7",2
"斑咲花","I86OI9lQ1qQ66dPDlddo8PoPo01PO66i-d7",2
"迷宮のロンド","DDlbDddPO8liioQ196P0I9090bDDPQ6Q-d7",2
"明鏡止水","0Q6I1llb809bd8i1oo86PQdlo6IQ8DQd-d7",2
"めうめうぺったんたん！！ (ZAQUVA Remix)","6QQ1OdO99Ob001OQ90iP86o0I8OoQbib-d7",2
"メズマライザー","8DO8obP1b669b9QI6q01609bPOdd1o1b-d7",2
"メテオラ-meteor-","QI8ID6bQ9Ql0IdqddI16OqPdib9OO1Do-d7",2
"メンタンピンドラドラ","8q96ObOdqPq8blPob9QdDq9b1iQoIQOI-d7",2
"モノクロモーメント","10IOllioqPoOQ668PQqolDPiib0iIQql-d7",2
"ヤサイマシ☆​ニンニクアブラオオメ","IQ9ddqDqq908QqQl196DQODQD9Q6oOiQ-d7",2
"勇者","Od6ddPiQ9qD89loO9lQ86b96bl9DlP10-d7",2
"勇猛無比","I1I0qd19DqIoI0qdqd6oPO68O8DDi6OI-d7",2
"ユメブキ","IPid909iDid06d68IDo816OqbdQq8O0O-d7",2
"酔いどれ知らず","IqibilD8QI9idP60P8o9ob0lqblQD89P-d7",2
"羊皮紙の上の銀河","qb9Od0IQI16b6D9PP0O6ilqoq0dDQO66-d7",2
"ラビットホール","ID8Q0oO98i0D0o1i0doIqo6O0O9QDO68-d7",2
"ラブキラ☆​スプラッシュ","loii6b8OODDOl9q0OD88Ibb9I0qO0PPo-d7",2
"ランカーキラーガール","D08lqQOPdOO6D6ll690Qd6PdbO111011-d7",2
"リスペク風神","OiQI998qPiooq60099bPdO886q9bd011-d7",2
"リメンバーリメンバー","8QoODoOldQ9Dodlb9I86liOb0lP010ql-d7",2
"リメンバーリメンバー","qQb09PdOD61ioPPdD9DbIil9iQQii1q1-d7",2
"量子の海のリントヴルム","dPI9loII89Q6P6iD6Ioo1iiI880DI1Dd-d7",2
"量子の海のリントヴルム (STARDOM Remix)","9PO0qPdi1OQo68Qb09qdIOo6008QoIPq-d7",2
"リリーゼと炎龍レーヴァテイン","IidO8qlodqdoioodqqb9Dqiq991Ilo10-d7",2
"輪廻の鴉","dIiD86llO8biiDollQ1ioIoQl6iQ8dbQ-d7",2
"恋愛観測 -2021真夏のエンディング ver.-","bqoboI0o8lIObPPdqq8lDDdI8b1QPDb1-d7",2
"恋繋エピローグ","PoO90Q6P0q9oOQ16i0P0l1iodOQP9o0O-d7",2
"ロキ(w/緒方恵美)","1qPbqd11l6b8ibq1ODQ6di90PIo0D618-d7",2
"路男","0b96d606l9bdllQDi1Q89d1O0IPlIb69-d7",2
"ロマンシングエスケープ","91bPDIdqPbdOIQPP68Q6IP61Io980QlI-d7",2
"惑星☆​ロリポップ","Pb0D8b8b8PoDIO9Q9DbiQiI8qi0D89D8-d7",2
"私をディスコに連れてって TOKYO","6l1l8D006lD8OoOi91QI0b10d19Did1O-d7",2
"我ら完全無敵のアイドル!!","IPq86q6iq6DP9IOPiiP090PoI0Qb0Io8-d7",2
"ヴァンパイア","Dl09QdQ19IoQl6D81qdlPPIdolP1lDi0-d7",2
"Ability","iQ9qQ8Iob108iPD9D0bdoIol0d81IOdo-d7",2
"Abrupt Madness","OQO1Di8IQIQqP1d81d1ID9QD110b0888-d7",2
"access super [hyper] focus","ooil0dl9OobDPblIPlqoi1P9lll6DD89-d7",2
"Ace out","l61ldlPo1DQ081860O86D0Qo0qdOd0qP-d7",2
"Acid,Tribal & Dance (DDR EDITION)","q8QPqbiQ00i6odq81P0D960I108bIiQb-d7",2
"actualization of self (weaponized)","i6P0dI11PdoIIQ19D6PQPidqd0bI6lqi-d7",2
"Afterimage d'automne","blld8o09oQo80PIIoIdbP9688DIqlbdb-d7",2
"Aftermath","9IQoPbOidod8I0qQ989Ql60D09I99q1Q-d7",2
"AI","OO1O10bDI6OP0O1OlOlI6qQDiPIdidbO-d7",2
"Akatsuki","0Q9b998QQ60806lqq8b8dOlbqqb18Pbb-d7",2
"ALBIDA","Io196q006I86IllQPOb098qd1DQd60Oq-d7",2
"Alone","bdbQoi98Dlb18DiPDPdD801DoOD8619O-d7",2
"ALPACORE","6d8DiDl0i1oldbbo0o60PQ0q96d608Dq-d7",2
"Amazing Bomberman","lq6DqO1o99Q1OdbDPl9loO0P0O8d8loO-d7",2
"Ambivalent Vermilia","00qIiO99Q18biD8bQ6d1QOooDP00O1Od-d7",2
"Anthurium","oDiqd818i0IPPoIOddbb8DQiQqqqo098-d7",2
"ANTI ANTHEM","1q6Qoi0lldP6qoQI9PI199d6P0Q96ld0-d7",2
"ARACHNE","98QDoo1I6dP8QoPiDQOdQ09Db80Il68q-d7",2
"Arcadia","6qdbqO66oOo1Q0d6I10IIIbQI9D1dDP6-d7",2
"Are U Ready","o8996Q8lQ08dQbOoqP0id80bi18lql9b-d7",2
"Aria","688O16o80Iib0DPI8oQOIOdbIdQq0P1Q-d7",2
"Autosummer","iiDdl6b6Pb81oIPbd1DPPQOI1iq0D6ol-d7",2
"Avenger","9DoD10OPQ999IlP0doo69olbOQ680q09-d7",2
"Awakening Wings","QO69qib8Q61lqbO8QI0dODo8D1b6Iqlq-d7",2
"BabeL ～Next Story～","IqPq866IQD0liq9lOl00qDqiPlq9bOD0-d7",2
"Bad Maniacs","6O9O0ooOb8O8Q6D0ldqi1O8o6891Iq86-d7",2
"Bang Pad(Werk Mix)","oloPOQPQ8Q8IQQoiO9bqdDOo8o6OQ6qI-d7",2
"Battle Against a True Hero","I6oq8ODq6DOOiqod1iI1109DO1II9iiO-d7",2
"Be Happy Next 2 You","O0DDiq9DQlI9iq861lOoo1d1DI8qqd6d-d7",2
"Beluga","DqoQD9iDodq9Iq108l119OQ1olOPi6D1-d7",2
"Better Than Me","8dqQDblP6dPI10qq10qiPbqi1llQ06iP-d7",2
"Be With You (Still Miss you)","DDPPb680Pd1Do0I0899Qq18OIIqiP06D-d7",2
"Beyond The Earth","bP61iObqb9Oo1IOQOdlQ0idilOII9O66-d7",2
"BIGソムタム","66P0q8Ibddl9q669b6bD6Ood9IOQbDPI-d7",2
"BITTER CHOCOLATE STRIKER","o9P816l0QQ1b9l1l6i1o6OD9bl9dP00l-d7",2
"Black Emperor","9dI8ilPi9bd9blI6Q8D6IPb1lblqDl1Q-d7",2
"BLACK JACKAL","OO1oqdIPP80QdoP11QP61OdDb0lI1qIq-d7",2
"BLAKE","b0dIdlPD6IDQ000l6lIoO9oD1IQiqQ6I-d7",2
"Blizzard of Arrows","PDbDl9dQQQiold81d9DQ6QQobQqb1OO8-d7",2
"Blφφdy Cφncertφ","dbIQ6o1lDi1OqqdO60q0lqqD9qPD0qlP-d7",2
"BLSTR","I9Ob6PlIiOQl6iQ6qO6QO0iQ1ld9DDO0-d7",2
"blue anthem","bO10Q9999DQ9DDP890lQbdlIlIl6IID9-d7",2
"BLUE FOG, SILVER BULLET.","qQd06O6d19ODl0QP8l6Q8lPlloo69ddP-d7",2
"BONE BORN","IPdQ8qIqPiIdqQloI1dQQ688O0qlOQQo-d7",2
"Bounce Trippy","l81l981iPod0PDIIObIldoQb6Ol9o1Iq-d7",2
"BRAIN-HEART","oo1P6l616OOdl0IqPPqobPI0Il81qqii-d7",2
"BRE∀K DOWN! (World Version)","9OOIPiqDooPb1QQ900QODl60dqbP8Dib-d7",2
"BREAKING THE FUTURE","dlq91b19ld10IdIqQ9q99O8QDOOi18dq-d7",2
"BREDLI","O8Qb086QQIQ109d1lqilOQ9QD8lPIqdd-d7",2
"BRIDAL FESTIVAL !!!","91ioD99OdDD9db8qilod818OPqb88idQ-d7",2
"Broken","6qPlI8DQPoDIo6D819boPioIPPDIPblq-d7",2
"Burstix Comet","d88qo6I08PI8lDiiPoo0o8lPdqQDiq01-d7",2
"Bye or not","0P6PI0QP9b91QOlIibodd9IO90PbQO6I-d7",2
"B4U (The Acolyte mix)","01lbO69qQiP691ll6DIiqPbIdd9O806o-d7",2
"CANDY (UFO mix)","1idPoQOiI8611P01Oddo1D19lQO8dQdl-d7",2
"C-C-C-N-N-N","odPq866q0QPOP9QOQ9QQIlIO60Oid16o-d7",2
"chaplet","Od6bOOb69PqbqPdb6lO1QI66DOqo0POO-d7",2
"Cheerleader","8Q08qIiIOq0P66q90b0lI0PbP6lb9bOI-d7",2
"Chocolate Planet","0Pd8il0PQd80i1O01i1D9960IdqoQo01-d7",2
"Chromatic Burst","1IdqDqDdd08dboO911P6OQ8lobb16PDd-d7",2
"City Never Sleeps","6OiD0q6O8qi6oDbQ18Ilo8do8biDD1ll-d7",2
"Clarity","IO0IbQPOP6q8OddoiO99qq9I81l90D1i-d7",2
"Closer to my Heart (jun remix)","0ill9Po6Db090biqIlD1I9lo6PO8lQQ9-d7",2
"Collapse of the Sanctuary","oIIPQQD09OqdOP8bb61biDOPI69OP8q8-d7",2
"Come Back To Me","O8oPP6D8OQq1Q6Q860dqlOi6609bO1lD-d7",2
"Come Back to Me (Feel It)","qi0lbbDIo8Qlo9IiD8oqqo69DIPQ1IIO-d7",2
"Come To m1dy","bll06Di6q1QOlddDlPDPiQDDI09bOOoP-d7",2
"Complete Game Victory","919bPoOo9QO6dODOI6d0loO6qo6OqDlI-d7",2
"Concertino in Blue","qoD0olPq6qbOi6bbPllOib0q1i16iI1O-d7",2
"concon","OqQ68Ooiqi80891QIPoioib11qdl0l9b-d7",2
"CONNECT-","O11olQOQIOOqdo1IbPP8iDDqIP0b1Dl6-d7",2
"Continue to the real world?","1Dd0b8lIQOd011qqOPiq1QDbDqod9Od8-d7",2
"COSMIC V3LOCITY","68oQQ8lO1qbi0qI8lbO60bP1098qOD88-d7",2
"Couleur=Blanche","86q90PPqld0qili801IqDOD0Q6boblI1-d7",2
"Crazy Hot","dq6b0b6OD9DbDPQOO608oDo8Q80ODIqO-d7",2
"Crazy Shuffle","OdQqDiIDbD6ioi60ob6lDOlD8oio9l0b-d7",2
"CROSS","Q0o8olIPb1iOo0loPPQI0PddI0qlb1Db-d7",2
"Crystarium","oP8iIdilQ0QiDllqDbDIOl0iQPd9PQ9I-d7",2
"CUE CUE RESCUE","od0idqqoq6lb9qIo9iOblo6D8q18DQDb-d7",2
"Curry Up","18d0iP6oIQQIb6IIOi99iDQ116bbP9I9-d7",2
"CyberConnect","1qPIiqqQo0P9dD90I11q90b0ooIidbPO-d7",2
"Daisycutter","o1biqbO9i1IiObD0d1D8d8iqb6q86Qqi-d7",2
"Dance and Death","86106098616o998i9d1PD6Pl0bD19dlD-d7",2
"Dance Phenomena","oQ91qO6Dii66bO69I9ooIQD101Dl68Qi-d7",2
"DANCERUSH STARDOM ANTHEM","9PoQqIP0D6lPIq9obl1db9IqD0D09i80-d7",2
"Dance With Me","OIdoib69Di68bloq1bb0oblbb00l1P9Q-d7",2
"Dance With The Dead","1dldQ1il1O89O8Ol0Ib0Dq8Pl8ol111I-d7",2
"Dance wiz the Rhythm","Ib08idDooQbP00Q1Io0QlObloibb1b8Q-d7",2
"DanRevoAthlon","l08OoDq6P9DIQo1Po0Pdd80qoq6QID9o-d7",2
"DDR System Songs+​Replicant Mix","Oo66i08qboI8PDbdQoiIb9qQ1i99oboP-d7",2
"DDR TAGMIX -LAST DanceR-","dQODIo01o98oPll086Qdol8bq9QP8d61-d7",2
"Dead Heat","6iO8d9ld00I6lDIO6qbOldP99oqloqb9-d7",2
"DEADLOCK -Out Of Reach-","i6bl89d6OOi1O00qlQOIl8b8Qld6IiQP-d7",2
"Deadly Dolly Dance","D90qii9D6P0POQ69Iiblib00Po1DIoi8-d7",2
"Death by Glamour","qqdlo1QOQo6QIi8PqOi8iIOO0il1IblQ-d7",2
"Debug Dance","dQdo08Qb6bOPIl8686DPDd60I1oqidIP-d7",2
"Deep tenDon Reflex","1IQ16dPQPQ0Q1qdidld6lO1o86q98o69-d7",2
"Dense Flyer","1QbddbDiOiii8O90Dq68dqO91oQq0oqi-d7",2
"DeStRuCtIvE FoRcE","Pi81dQi00lo9i1Pib91lQ01i0biIbPIP-d7",2
"DIABLOSIS::Nāga","QlQ10I6o1l88loioo6DIObi0P09PPdiD-d7",2
"DIAVOLO","Pdlib1o06DD6oIbdIdIoIqQqO8P896do-d7",2
"DIGITALIZER","dqQbQ9oPlIi6bDdi18d9qPlDb0PiDddi-d7",2
"DIGITAL LUV","0dOOOolo0P6180OQDo16DdO6o6D8O8lQ-d7",2
"Din Don Dan (にじさんじダンス部 ver.)","Ob8Q19QldDliP6qddP1o1ODP91bd1oQl-d7",2
"District of the Shadows","0DODq0P9Qi6i6q8QPoPPOiOi6ib0188b-d7",2
"Don't Stop The HYPERCORE","iQ0qQP11I8I9D9oIdllbP6989PDiiPoI-d7",2
"DOUBLE TORNARD","Iiq6Qoll0oQi801QdPdlOO06DOdIDdD9-d7",2
"DOWNER & UPPER","lldPQPDP0qq8iqQ910l8b8PoQ6O668Q0-d7",2
"Dozen Flower","1d6oI0ol8oO8O1qq16O96d1D19doD0bl-d7",2
"Draw the Savage","D6ll81qoDDPIq0d89O69dIQIldQdQoId-d7",2
"Drive Away","b0o6bl18Q1bqI9o9oqQ9POoP8DiDDibP-d7",2
"♡Drive My Heart♡","DqioIqbiolQ0lQlo19idi96Obi6DDl9D-d7",2
"Drop The Bounce","08PiiDq6b1oQ8OIIbDql0bDbIID0b1iP-d7",2
"DUAL STRIKER","9b60DI1OQddDI6D9D1qPoDPODD19Db8d-d7",2
"Easy Peasy","iiIblq9IDiOill8qdI68OOIPq6OPdiDo-d7",2
"EBONY & IVORY","00o6QPq0Qdl8IQolO80q6dD86696O6ob-d7",2
"Eira","6PoillDiqb0Oo9qOiIDOb1qQQIbPqDoi-d7",2
"Electronic Sports Complex","Q99q619i0lDqll6Q0lq8l1oQ0qPO8o6I-d7",2
"El ritmo te controla","lO8oill61lld1do1O96bIDbPPQD6Ob0b-d7",2
"EMOTiON TRiPPER","db8Ddd060IQ9lPlOlqO0PoPi0Qdb88o6-d7",2
"ENDLESS","d8oDqIQOoD6DQoQbOIP9I6DPPOl89lo6-d7",2
"Environ [De-SYNC] (feat. lythe)","1PQiP6D6IqP016dqb8qPq86Q1o8bQq6q-d7",2
"Eon Break","QD8l9QQd89PO9ql1iOD0dO69OQ1DldbP-d7",2
"ESPRIT ONE","Doo9l68ddi11PQOOd6o11Q9Dd1lIQ9I6-d7",2
"Euphoric Fragmentation","0dD8bq9QiD1DO0Io118idQoiP6PP900d-d7",2
"Evans","P06O6iQbiPPqiIqOd0IQdqolbPbDId6Q-d7",2
"EYE OF THE HEAVEN","dDIbQIPo0PIoIP6lbbl8q9Q1Q8ib9P18-d7",2
"Feidie","DDPPI6IIi0i9looibDbiODoOPOl6ID8i-d7",2
"Finale","Qid6OQOIibbOiDo808oq9oQO668bDodP-d7",2
"Finally Dive","OQ6o9D6ldd0iqoqoQQ0QbIi01DI9dO6b-d7",2
"Firestorm","qqDOddP66Ol1q1IIOb1OPO68DP1ood1i-d7",2
"First Action","odb1D9l8QoDbii0861iP0qo9i1qibqdP-d7",2
"fixer","q6l9OQ91o1PDO9qiPl1iiPO6OOPdI886-d7",2
"Fleur","iOql19lQibIoo1bObo0Q1DqQ9qOqI0oq-d7",2
"Flip Flap","Id1D9D68OOqqqdDiOoDd6Q6oo10P6oqI-d7",2
"Florence","PIPdidPO68916i10dO8lPoI9Q9blPbID-d7",2
"fluctus","8qIbQqbIDDPPi10Io0QdQ8Ilod11qQdl-d7",2
"Fly Like You","Qib986b6oDqPl8IQiOoDOQ06IlbD68bl-d7",2
"Four Leaves","P1D0q8O1QblDOQP96QQolql9QII0i6Pb-d7",2
"Funky Flux Fusion","0QlIdbiPq11Q0IPoQDI60Dq8Ib66o988-d7",2
"F4SH10N","ObIOQ6id8DOdlQlil8819ObqoDQIIoiO-d7",2
"Gale Rider","0Ilqbl8q8Q6l6886Q9P9DOi69oIb1b1d-d7",2
"Ganymede -re:born-","Dlo0PPibIoQbOI8I61O1DobQOIiDb11b-d7",2
"GERBERA","bd8OODli0POo9bOq6i0oIPdIlbDlI910-d7",2
"Get Into The Groove feat.WaMi","ODlO019O088Q0bl9QI1PPqQ01iD68191-d7",2
"Get it","lb969IOOoI06P18PPq81o1lPD1b1OqqI-d7",2
"Get On Da Floor","Pq0Qq0OQqlPDQOld8bddlIDPD89o8bO8-d7",2
"Get Your Wish","8O9o9OPPdd1Db6996P99bq9oQI66P88o-d7",2
"GHOST KINGDOM","dQbolPiDiiObioli96DlOo9OlP9DoDIi-d7",2
"Give Me","d9llb88lDI1q0QI10P01lqIqlI6QO0Dl-d7",2
"glacia","1IIiOQiliQ8b1dbo9D6D9PlODqIPOOb8-d7",2
"Glitch Angel","9IdoP1ld9098PI90QQ6bP0Idl1ibo80D-d7",2
"GLITTER","8IDiil0bDd00P1l1iQiq9DP6bO0b8dQb-d7",2
"Glitter Flatter Scatter","06lOillb6id0Dib9o1b06iPblqPl61PI-d7",2
"Globe Glitter","lilO9P0i1dlOl1PI6dQbiob1iP0dliOQ-d7",2
"GLOW THE CROWN","8d9Q0olQ980lQdPIdqbIiD8o1l1dQPI0-d7",2
"Go Down","iIDOlq6QoQPiqoii0iiDOiI9ODiQOIDb-d7",2
"Going Hypersonic","6Obi001oi9Qd1966dOd6d6Qo66dbbill-d7",2
"Golden Arrow","dIdDQD1Q8oPQ90Q1DPbiQI661qD9oi6I-d7",2
"Good Looking","i9PQoDbQI0qqd6I00d19bQo6q9PoOIbO-d7",2
"Good Sound United","0iII09bDqIbOQDDoo8lO8DOOQdiP1Iob-d7",2
"Go To The Oasis","l106dqq891bI19iPoIo9OO688l8oOQQ6-d7",2
"GRADIUS REMIX（↑↑↓↓←→←→BA Ver.)","ob0P66Q8dqbI81qi6OQDPP6086iPoO1P-d7",2
"Gravity Collapse","1iPqdbQiqoi9l8D6Q106i01DbOO8191b-d7",2
"GROOVE 04","lOOo9bPb09dIOb6Po19bqqbqOlb8Dq0i-d7",2
"GUILTY DIAMONDS","QbdQold98oq9lODoIloIbPiIqld6i0Qb-d7",2
"HANIPAGANDA","8Oq81q8q1Q9D0l0PO0bQQ00l9P19didi-d7",2
"Happy Dance Day 2 U","OlPqPi1qq1bIlDPOQQPi80D0lOQl8PP8-d7",2
"HARD BRAIN","Qb8P9PODDo68lPqQ0o6d80bIqDOiPD9Q-d7",2
"Heavens and the Earth","dqbd8PD01bI8qlQ1QQ9iP896P88D1O1o-d7",2
"Heavy Rain","1lIi8O100iq1Plolql1biO1QIOOillOQ-d7",2
"Helios","OPdooDlO9iO09lI1ODP00660loDiiodi-d7",2
"Hella Deep","i8iPdIlP1IIDib96Qq080ibq6bblQqQD-d7",2
"High & Low","ODli9liO1loIiqb9qIol6o1PO91DP8QQ-d7",2
"Hold Tight","Q910dl1olqQ9qdO6q1q1O9Pq9b80lP6P-d7",2
"Hollywood Galaxy","qdbod6lI0I8O118DPq80D8b0o00OodlI-d7",2
"Hunny Bunny","q8i11qPbo9iq8lQb9d08di81Q88q8P9o-d7",2
"Hyper Bomb","Di8lP6PobQ6l8do0llO9IIqQ6iqqiqDo-d7",2
"HYPERDRIVE","ID00liOPPd6PiDb09608dQbOIDlQ68qo-d7",2
"HyperNOAH","DoOoDio1q81OQdoOO0b6bPQPOoq6I0Qi-d7",2
"HYPER OVERR DANCEFLOORRR","90DO081odOdPDblDOqQi1O68Iq988obq-d7",2
"HyperTwist","0bq9qI9PoPIlQl89bDO60o9q8I1iIP66-d7",2
"If","6ID160b99ibbd9OoblD0DPOl98lPbq6D-d7",2
"I Love You","1900DdoIl00b88q6Qq9ob9D6lQ8IQiPb-d7",2
"I'm an Albatraoz","69b01qbo8Qdi6liOPq091bqo01i16oQ9-d7",2
"I'm Flying Away","OiDP81OQD0I810I89qdqIiDDP6i9qO0q-d7",2
"Indigo Nocturne","P18io0P06q09qiId0lP6OO901li96bbl-d7",2
"INFINITE WORLD","lob09DPQD0Dl6Q09dbq8biIb6QqDql8i-d7",2
"Inner Spirit -GIGA HiTECH MIX-","9o6bIq98Qo8dOd11DI0d8boblOqO0I1i-d7",2
"insist","6oIO00P8bdqqbP9qlqIqDP1Q1d9PD0qi-d7",2
"In the past","8oP1ibbO9qdP19d9lQoi1q16P69b1II9-d7",2
"IRON HEART","lq9iPP06O8qiP1iooiboPO910b86di19-d7",2
"Is this dance a Hakken?","q0I018lPqbdi66qiiiQlqIb9O19O9061-d7",2
"I Want To Do This Keep","dIbPlPdo09i8oOlOQ1OOq166Q8iP8Oqi-d7",2
"I WANT YOUR LOVE (Darwin remix)","IoiD0b6IqiDi6qP1qb0P1dbQlIODbiid-d7",2
"I-W-U (I Want U)","ob6IPbiqD969Q66808obd908DI81bqPi-d7",2
"jet coaster☆​girl","66b1Pibq019dqbdPOdlqDbdbbDdi9Q08-d7",2
"Jetcoaster Windy","qD1I6qqll88q9dq9PoloD68lqddIDo6O-d7",2
"Jucunda Memoria","PPb6l1di1Pi0o8O08odqIDlbPll61QbQ-d7",2
"Jungle Dance","iQi8Oool866oDQ6i660o88b86689QiOb-d7",2
"JUST BELIEVE","iI90119iIb9l609b9981l8QDblDOb0I6-d7",2
"Kill The Night","99ll6bPDDPqQ8boPIQbdQ6bPo8bl69O9-d7",2
"Kilonova","61Db8oi9d9bOIlloq8dqI8O000ilDb08-d7",2
"KING","O8lq1l6qIi6I9l69IOPdoI6lbiodQOP6-d7",2
"Knock Yourself Out XD","iq001Pi8b699iil0b9IlqOqodI606q8P-d7",2
"Komainu Adventure!","9ddIP1i0O6l8oO9iI9Ii1Q1o800boQ0D-d7",2
"Lachryma《Re:Queen’M》","bIlqP91O9ld1lqlq6qoq9OiPdqIDPP0l-d7",2
"Last Card","891iilD9Pq1lPQd6diqiP0dd611dOPPl-d7",2
"Last Summer","iOl86b6I00IP9Q9I881oq9qOIDPqqDoO-d7",2
"Last Twilight","PllDll9di16l8ild6b688l6OP6olQid8-d7",2
"Let Me Know","IOb6Qdi861O00I8q969bDdd60I6I89oI-d7",2
"Let Me Show You","99llllDoOQqlo68o089PPlO1oiq06d1D-d7",2
"Let's DANCE aROUND!!","ddqQ801q1lIdIooDiq66qPil1oD0611I-d7",2
"LEVEL UP","D9ooldO1009Pq1dP6P88lD80P0Oi060P-d7",2
"Liar×Girl","blq0Oq8q6oi89odoPOqIDDQIPO11IQ9O-d7",2
"Lichtsäule","qP8qb6lIqPIlO696q8881qoIqi1O6ldI-d7",2
"Lightspeed","bqi9QiQ0lbi8id6lOi88iIi9lo6Pdd90-d7",2
"Like A Star","691bdoD0DIP6di9D6QoPiDbD19Ol0lqi-d7",2
"LIKE A VAMPIRE","ooiqoi6Q0dil6b10QOq8DiOIiq9iQb10-d7",2
"little steps","Q8iOiOPbl1lI6D6bbib8Il8lPqlIl1b9-d7",2
"Look at the Sky","biO8o0DdD9lqdI9I8QI9q8oQoO8oI8q6-d7",2
"Lose Your Sense","b1QllqO8oQdqo086QdIlIblDDbPodDoP-d7",2
"LOVE EAST","Q86bq1iQDIqDllbdD6ldIO089q8Q1689-d7",2
"LOVE SHINE (Body Grooverz 2006 mix)","8dDQIPOo681iID8IiibbD8IbIldI86P1-d7",2
"Love You","D8o868di9DidPo98ibOdqbi98Ii869Qb-d7",2
"LubedeR","l8IqlD99d81l6PdldDql08ODOQo6lDdq-d7",2
"MANA","ibOId89QQPI6dli9I6PO09Qo86686O6i-d7",2
"mathematical good-bye","08O1i8ib1lDPbdOoPlD069PoOI1860qi-d7",2
"MA・TSU・RI","qIIDP8iPlII9qlOQIIol0i81b0d68qo8-d7",2
"Megalara Garuda","O9Odqd8qiQiOqQdOOq01D8OQlOiO1iPD-d7",2
"MEGALOVANIA","PddldblI909IqI8PPiQIo9lIIiQdDo1l-d7",2
"melody H4CKER","9DlbD6PI1IQQ9q0OIdD1I8olIPPo6dPl-d7",2
"ｍｅｍｏｒｙ／／ＤＡＴＡＭＯＳＨＥＲ","D1QDql1OQDl1dblId0P81Q999dO9POoP-d7",2
"Mess With My Emotions","8D9D6ld0bP9bP119OIlQI9ol919IDD86-d7",2
"Metamorphic","IqiOOoDoo061DlbqPPQdPlP1qloP6096-d7",2
"Meteor","d9iqoill801Q891P1OiPDIbDlQ9qoQ1b-d7",2
"Midnight Amaretto","ll0O8PlqQd0iOO8ib61lO6iDiliQdiPP-d7",2
"Mighty Beat Monsterz","QID6qIPod8III8ll8ooQild1QdlPOIdi-d7",2
"MODEL FT2 Miracle Version","IdDblQIbq8Di9iOo61O0bQIIPqPQ16o8-d7",2
"Monsters Den","0QI6ODo0bPq6Io8ibP16d6I81dbI6oDi-d7",2
"Move On","QQODQlOodQdbOdO6iQPi89PPIQi9oodQ-d7",2
"MOVE! (We Keep It Movin')","19old9dq1q9DilPQDol88d19dI96blb6-d7",2
"Moving On","9lO9do19O1I9dbiPi8q9OdqdiOoQ8PQQ-d7",2
"murmur twins (guitar pop ver.)","OlQbP19IPDDDqDDO1bd0DII8IoqDo1QP-d7",2
"Musician","q8q0D8QoP89IqooiiD0q66QPI1b8lDi0-d7",2
"MUTEKI BUFFALO","d10d86DQqqd6QDlQlOI1bQi9do66l8Od-d7",2
"MVP","bD1P1l6dDPdl0b99lPl0llD9i9blQIi1-d7",2
"My Drama","DQqO696iPldD6olDOOdP09l08ll989l8-d7",2
"Mythomane","lbD8DodiOiP8D61lidIi88DIiPqi8o6P-d7",2
"Neverland","1iDPo19Pb9ooi8OqiidbqPb06DDdqiqo-d7",2
"Never See You Again","Q9QlQI6Dd09P6i1bP9d8q0IQlPoqiQ81-d7",2
"New Era","DdIo9DQ0ddDld99DQdiiqbPP06OI91I0-d7",2
"New Millennium","q96q9D9oIIOQl8QQ60ii19P0Dbq8Q609-d7",2
"New Millennium Pt.2","dlbqIDqQiolDo6qdoQli6OO9lQolP6Iq-d7",2
"New Rules","Pqb60bq60o9QO0obI1Od9liQo9iIiOD0-d7",2
"Next FUTURE","qiqP8qb8Qlld0Oqbll00o0bqlq9PoO09-d7",2
"Next Phase","b80oDO98iPDO1100IbOo8160bPdd898I-d7",2
"Niji no Sekai","9QP8IdI00QP101lQPPQbP89DIDQPoD0d-d7",2
"No Life Queen [DJ Command Remix]","I9P1dbOqD1qIP8bd9O80Ooo869bldobD-d7",2
"No Matter What","bDDq1qO80o6806dQOb1Qo0bPI6899q1D-d7",2
"No More Love","odlOiO6di119680QOoOo8dO8IO0DliI9-d7",2
"Not Alone","i6bIQ6D0P09olqbOiP8I919006DdII1P-d7",2
"No Tears Left to Cry","Db6odqIqQ90PIDIlD1DIb8l09ol6qIDl-d7",2
"Ødyssey","I18Iolqio01IlPi9QIqPQ8Q9O6iOod0O-d7",2
"O JIYA","I98DbDO1OqIPD9Q608DqoO1I6Iqi1ddo-d7",2
"ON-DO","l6oP66ODld89Q99o0lDPP90qdbo11PPQ-d7",2
"On the Night of a Still Wind","Q9bo8o9600D869o10ioPb8bPO10bIOiq-d7",2
"ONYX","Dl91ldlb8PODoO96OI801DP0PPl8Plqi-d7",2
"Open Your Eyes","0OQiI9qD6OiodDoQlPllqPoPoqi98D8P-d7",2
"ORCA","99OQb9b0IQ98P6IQdPOiqi8q16o16iqP-d7",2
"Origin Pulsation","1PQDi1P0dd6bIi9bQ0P0IQId808bPi1Q-d7",2
"OROCHI STRIKE","dOilPdQDPQP0l8Po6Pli96i010d88dii-d7",2
"Our Love","PoP6o0Db8odIO9oOqddodd8IlPl1iDli-d7",2
"Our Soul","QI06q9lPIoo80DlI18Ooi6dbPl89bqi0-d7",2
"ΩVERSOUL","P1boP1O60bdI16i6lqqd1Q8ioiPbolqd-d7",2
"PANIC HOLIC","9IlP00lPi6oOQQqOl1DoI0o10bi1iid1-d7",2
"paparazzi","lb01Qb1iOOIIobPO06Oob9ODilIDOQ6Q-d7",2
"PARADISE","db9qPQQ1lDbDIPP98IOqil9IO1i0oilO-d7",2
"PARTY ALL NIGHT(DJ KEN-BOW MIX)","bIio1d6QOPlqlDOqoIQoPIbIbb0iQIil-d7",2
"Party Rock Anthem","09oIbO1bi8O8Q1o01q610ID0qPOqoQQP-d7",2
"perditus†paradisus","OPbd0ldd89Ddll690qiObDld9oDdPdOi-d7",2
"PERSIAN LAND","8o08l8DPiO01dlo1OI8DqQDq9lQ1bPq1-d7",2
"Phlox","1088IDQiIDl6I888OQi60l66DP6D0qOl-d7",2
"Playing With Fire","bOQ0dIIIilDD9Do6qIDdlObQdo01DD80-d7",2
"Poppin' Soda","Q0dQDqillPqIId0Q81q01ooObQIlO1QI-d7",2
"Prettiful!","88Qq96qbdd69bqI089600l9bDDdiQI0l-d7",2
"Procyon","1DPD60Q8D1qD8i80P160bqDQ81DObDlP-d7",2
"Pump Pump Pump","bI0oqdIDPPi8dDqlOO1Ii8qDQb1lq88o-d7",2
"Pure Rude","IiiqDblQ8Oqlbo8OOiqI6IqO6P8I8I1d-d7",2
"quaver♪","09P10l1q98b1DiDQdlIii0bld111O86D-d7",2
"Qwerty","6ibO1P1I1ooDdd9l1oDOqDDdOlO9o6io-d7",2
"Racing with Time (NAOKI's 999 remix)","oloqOddo8oI1696Oqidb081ldlPQ89qO-d7",2
"Rampage Hero","Ol8PPooqO8iOqQ6900o0q0QI9dPo0O0b-d7",2
"Rave Accelerator","DodQ1I1DiPIqDQP0PqO6PIQ1iPQd6O8d-d7",2
"Rave in the Shell","PIl8P90Pll19Pido608olD61QIqq0b9d-d7",2
"Red. by Full Metal Jacket","0b8lD690qQO1bDOib1IqiO0OO169o9IQ-d7",2
"Red Cape Theorem","Qi1Q6I80b09Oq91OPldbO19080q0dd0b-d7",2
"Re:GENERATION","ODdoiODodb0ddIP06IqDQdl100q0dIP6-d7",2
"REINCARNATION","DqIO9PI98blQlid88dQiO0ldoiobOqdb-d7",2
"Re:RHYZE","l1b8iDqOdQl6PbIIdb966qQ8d9i9dOPQ-d7",2
"Right Time Right Way","1qPOO8o9089lI1qQIDIDi0lidob9i6lq-d7",2
"Riot of Color","I9Oood9l9li0D08Q6d6DQPiIQiloidO6-d7",2
"Rise As One","DdIQdo1D01PblPQd06696dPq610o1lIl-d7",2
"Robot Footwork","IDIQilDID9lO6lO86dq6ldoDlqiii1o1-d7",2
"Roche Limit","QoD9DQ8QQ11ib0Idob9dbIQqbq0Q8Q6i-d7",2
"ROCK THE PARTY","1II6199qOd1bo0P0D19Q9qd06ll1QOl9-d7",2
"Roll the Dice","0i8idqoQ8lOIi6qOPO0DOOi8OlPq10D8-d7",2
"ROOM","ODd6QDIIdi6ild0O8lqIdl0oiQ98669l-d7",2
"Run The Show","I189iqQI6iPDdIDbo81b1iD6lIQiI0Po-d7",2
"Sahara","qlQbI6dQ8i1iOO1oPbOoQ9b6ODII08Qb-d7",2
"一途","dqP6loDiD0l6b0I6i0iO90i6D0O68qO1-d7",2
"腐れ外道とチョコレゐト","QoDQ0oq08QqiI0DQ8dIPb10qIi6d6i89-d7",2
"恋","6lb86I9Q18Di6do1lDdod8b1Po688019-d7",2
"サイカ","o8IDq8P8lP9o8IIO6lPPqqQP91bo0ddl-d7",2
"雑草魂なめんなよ！","D6b8boIiOqQOq1QP9D1qd08I6Q0IIqq9-d7",2
"思想犯","oIid19qq6dQ00O16IDiQ991D9OqdQil0-d7",2
"スカイクラッドの観測者","QiOl969Iq1Pl6o60QOQ9PooDbbiOPioo-d7",2
"すきなことだけでいいです","PldO10PIiQ6lOiI16o060OQIiq69QO96-d7",2
"タイガーランペイジ","Q9l0i6DPO08obldq101ldDioiqdIDqlq-d7",2
"毒占欲","oDQqbI86bdlqbiO1dbiDP0PDd91bI6iP-d7",2
"なだめスかし Negotiation","PIP1OIoObQ11Q0Po6idiloqOl9OQqqdd-d7",2
"ミックスナッツ","99I10l8o6DPI886l9818ID16OlqI8oId-d7",2
"妄想感傷代償連盟","I6q1PQ1D1Dblli8Iilo9ood8DbbQlb8O-d7",2
"ライアーダンス","OoqbDO180q18oqi1ooO1QIdOoOPl69b1-d7",2
"令和","illQ66d0QlbDl18OOb8P0ODD0oDP19PQ-d7",2
"BUTTERFLY (20th Anniversary Mix)","6dQQd1d1OQlqQdQ98i01DQ1i9P6QDQdQ-d7",2
"CARTOON HEROES (20th Anniversary Mix)","8Io6oi89Q8DblI8IPdPPI0q98Ql9o98Q-d7",2
"HAVE YOU NEVER BEEN MELLOW (20th Anniversary Mix)","lIlQ8DbPP6Iil1DOlQ6d8IPQblDQ8IiI-d7",2
"I believe what you said","oI0P1oq89blIobOd0QqilPqd9Didd0OD-d7",2
"LONG TRAIN RUNNIN' (20th Anniversary Mix)","D9IO16idQq6iiI88loI1i986lIID0O9O-d7",2
"Play Hard","oi6P9Oq19ooo00bDiPQ809DQQQD8qPlD-d7",2
"Realize","00ibl6biOOOdDd96OP0P0i8iObo8i09d-d7",2
