song_id,EncodedID
10,DQlQ1DlPbq900oqdOo8l0d6I1lIOl99l
11,DblIbDd6lQQQoO9bloOI9iIqO1IiQoID
12,IQqOIb6ob8bIbOII66ID0oIQDPl6bdbb
13,DbPodlqiOQdD88bo8lPO9D6iql1DO8P0
14,8Il6980di8P89lil1PDIqqIbiq1QO8lQ
15,9qP16D6l11i9P1lQ0b1DIqoOqqiIQDl9
25,dq190Il9iO1bD698ll6ddObIlqdIQ1O9
26,Pb9II0oiI9ODQ8OP8IqIPQP9P68biqIi
27,06loOQ0DQb0DqbOibl6qO81qlIdoP9DI
28,1P9qQdiiodODqQPl0OO88iiiqdoDIPO6
29,Pl0dPid9lQDo6PDQDqPboPqO6iIDIqoo
41,6IPiID10iO699bOQlODd1PQ0liDi9i1I
42,9doPbId8qid9I9l6ooloPQD1lq1Plb6I
43,qQ9Oo611P0dObD8q6O0Q968bbl8I91OO
44,i8II16blIIbQQd196b616OPbPO910oi9
45,9lob1d1QPd9qiPlQOQ6l0dbodOoDPq1d
46,0lDDIlQ91lq6O16q9QQ681d6Db1l0oOb
58,8liDbidQoI6Q01lO9iibIdboIiDl66Qo
84,Dq0Iio09Pb9iD0lbb0I0qd8Q8i10II09
124,Pd99DQo0bD9D9oIbPIId18P6l8qlDQO6
126,1QIPID18qib8D9Oo9lOo8I6DPi9qiod6
127,P98dl8qdoilqbPqIO86ood601o1696D8
128,901q61iP6lPiDqIQoQod9PDqlOPq1bb9
129,80bQi8IQ8o1iidqd6oQiDPQoPi909olq
130,0lDP0P06PIPl1iiIDOb919iqo1oPdlP8
133,q6qI6llb69D1IQq0OiP8OD06Qioob91Q
137,Qo9P1oOoDQIoOb8Dd0PdOdoD1D1Pbd8D
138,di9ddbd1lb80q98ODdod0ODQ0q6PdQP1
139,8O0D9P6l9P9ooQdODioDIdQPq6DiDlbl
140,boP0i08bqQ9d9OoP8Ol6I0l9Po01DiQb
141,dQ1oPoQqD0db8O19P1P0D1oq8I68i1Id
154,Q0OiPQQ8IbIDq08IO9Io0qDdoDPPdd1q
155,ioi6db99oOPPDd1db888D6oi6bb06o0P
156,01808Q1Q6lQQ1lP0qd80I0b0qqDd1OOP
158,88do8dl8O6Ql1Qlb981lOi8D86oiq91P
159,8l808Do60DP0qDbD066QQqP1qOQdob90
160,DPQo8Q0l9D8IPiDiq11l8OI6i11OOb6O
182,P8P1dlqi9D111iIDPOP0l9DIO1l6lqO9
183,D81D8689llDiOqPq0IP19bbQQiioPl8d
184,ii6Oooool0IoOqi1qdDo96QIil6IoOq0
185,O1blDPOQ8IQb00o0D89QIDIlo8b06liD
186,1d10660Dd0IOibDI890Ild80q6ddoQO8
187,6Qq1q91q8iIPlI89qDq96bO8QDD0qOql
188,boOdPIqbDd8li0O0IqliPo1Doq99Ob09
190,6Ddo196olOPi9IQdbQ8Qbd8do8Q1obOD
195,8lDOiqP0biD8dD9lOQO619i1PqbqDiP8
196,IQ0dIiDql9Q68d9ddQIiQbq1OPq8Db69
197,ODq019O9o1OPdq9PiPl0o8D8DQ8bid88
198,D81Pq66DQPiQdliqIPl0ioPOi9OlQoQ9
201,1q6obddbql8lQdPI19liD6PdQ0dPIODd
213,61ido0DPl8q0dI1i011Do1b6669dPIlo
221,i0bdP6II6dqb6lbQQ9q9OQq68i1qPddO
222,60QoP9DoIo90D616989Q0D0iodOoOd91
233,qIDI69oIo8OlQqdqqDilI1do6IbP16Q6
234,Qb90bo6I0Pd9181iIoOPoqPOOOQq6dQ1
235,bPD6ObloQPOOiQb1DbQDdilodiddlIlb
236,qdi88l6bo1Iqi9Qiqli8lIQQIPO1doQ9
237,iIP09bOq1l1b9b1l011IDIQ6Iill90Io
238,QDP0i688bQi1Idqil1dOqDdPdoIPP6Q0
243,IPi69l86oqdDd8qoll61166D8969869I
244,PP1q0iii1D6Dq9QOd0qqDOQD0160QoPD
257,Q0qQO0P8818lIoo0boO66O0qd09dIlO8
258,doIiQl6oDPP6i9qobqoobblPQqPiI9bD
267,18911Q6o6do9Dd1blIo6IliPd0PPb99i
269,6oldqOoilo1OoP6P9OoO8bdD9lI86qdQ
270,DOqPd1Iid6oObd8i96I9oo8obbODb96o
297,bP69QdDQ0QQ9dP0dDio0dO61i9Dbdl00
299,olQQ8QPPqqObDD9ooodOl9i9od8b06I9
325,6P18lOliIQqIO6Di0PP8iDlDQ01b0o0q
332,iOPbIi1b99819b9QiD8QbdPbq0DqO0DO
333,OPbqldiq0dQIo1011086IOl1qbOloOl9
336,D06P88iOlIdbbQ1Qd8OOI11dQoq0iOqd
342,iQo0QOoI6bOPQlbb9ldOo9lbdD1idiOO
343,98q8616ddDIqdo1dbqbO0Po96oldo1Oo
346,8809ol0qbbd6919bbl0b8id1669PqQ08
354,Db9D6Old6lIo01q0qlQ0dD1oDdbdob8I
356,Qo9l6l6lq0q618bQOb8d6qiooiiPQqoI
357,lObPDQDI08DoodDq1061IP1qbQ1qQQbl
358,8Pb6oPdbO6lo8lbiQ181IDidI9ll8q80
359,io688qld6Pqq6bI01q86illP18biq0bd
360,bqQ1OQDidQD8QbIqql06O6o1QD6oOodP
361,i86qD6Pl61dPI0Q9db1P8bl1ii99q1lD
364,DddIPd6iId8Doqq8OibDlD1dOi8PO8o9
365,1Qqo9bID18OdiI1Qb0lP9DIqIO6ldPOP
371,l9lq19DdiD8qQPoPOlboi1qQii0IQI86
372,DdO1iboqI6980Q6QPD9P1PbQQ88I16lq
373,808dq8OIq16PP19i1bP0IDP1OqPOlo6q
374,i18OPo6l8Q6bo9q0qP6889IDqoP8O0Qq
375,POIDil00didIo98D10loIObibPOob88O
376,d0P01d9q8oOd8OP1bQPoqlq96906PqPD
378,lPloI86odlIbIo96P169b9I0Ob8lD189
380,O06Id8PIDbDblO109ddi1dldd0bqDdQ1
381,0qQ1odlooiQO99DDP6bD9bOq89669PQb
382,DOOb99dlP8PdIbDOQIqoqll60Iob9189
383,ibOQ0QOdIPdIbIo0oPoDDI1DqPId00li
384,QdbPPPDlIQiI191qPdblO01O8P8o6D68
385,1qDD1DdPlId69010IQ18I6q8Q00IoI6D
386,Dd6lP00DPqIb0d6iqOdlO08l69l6q1di
387,oio6bqP08PPoP9qIq1oi9Dib9PIq9l11
388,O6q1o06Po9lQbqOl08Io1obqQ9QPi09b
389,8DQDq16PPlli6o9iDl11DqooqOPlOb08
390,d99P0I1i960QO0oolD6oQIO8OObO9Plb
411,DDqDDqDQ1Db60IiIDbIl6Pd8DPOq0q06
414,IoI10obli6qd9DI699l61Pq16P9bboDd
415,8O86IP9dqQ8818ld9od8Q0PiDId6666P
420,ODQOP1dblD6q8d160Ioi0dIoQloI6oQO
421,I0b6lIP691dOOI8PqDDlbPid9iO8o0lO
428,doQI0i6lQbOo66DOi6olPqOPqIqO8Qd1
429,qIP6DPdbD9iO86i1DO9qDd8l6dPdbl0P
430,O9Id8Qi6OIDIQ6bPi610q0001l1P099q
436,qIoDdQ1OOoPO8Q1Io0P168161DODPoqb
437,iI8qbP0IIb16Oi9bIbb8O9dbDDi1ql86
438,8IIoIQQqlooiI6QD9ldIO6qidP98QP68
439,lPoD60qooQ91QDq1qO9d19q9IoDIlPq9
440,1diQi81loIodIdOlQ8Pd6Qd8b69Q1DP8
441,lO68Q0iPIOiOIDDd8dOPoiql9OI81DQ0
442,69qoD0l6olQqqbl09b069q898b600I6o
443,8qd9d01dPOq1lOOoPiOIoPobdd1QODPq
445,P0O81Dl9Oiiid8bdOi0oqbD8DqolObbP
446,i9DPi1Do9qoIQid09o1oilodPlDP6doO
447,10oQOoD00O1ql8qD88dI0i0biP69blq6
448,Ilo6IboPOq8Q10qDOdDDoO6P989bPPi6
449,oIb699q80OIPdlP0odl6bqbD0PlQodOq
452,odOQ1d1i6oil81b1QIDP6dOqqdooD918
453,6lqoOddiPQ6D6160bOdP116bQdIliII8
454,iOqb60DOOolIioDIOPi09P91i8PDiOqq
456,IQ9bDo1dPbIo0ODQiObbQ99iP1bOi8iI
459,I8lidoibqQqoQOqiDi6QiDbP9DIdd989
462,1PQdDiqOD6o1b61iiDOoiiblIQbI91Pb
463,oo8DId90dbDliiQQlQPQQoIq6lPliqo9
464,68iQ9666QIQP1IOQbbd9989DQQ1D0dOl
465,9qbdq1PiI1O81P1PdioQli66Ob9QiiQP
466,li608di8PolqqIP808iddOqi11qDDq0Q
467,OboID1PloIIoOOObQdQOP110I61Ddl9I
468,Dl69Pb9OQDlbOi80OQdIObiQ1Q08Dlqo
469,8lo1IDqPDD88DObIPodOd8oQ0Q6qQ1Dd
470,OoIPPqIDbQ6qIb69q8dil0iq0l6q6DQD
471,Q96bO9D61lib19IiIi0i69P80bo6q69Q
472,ddOOOibQ6qIi9DI1bl8b108I1Ib6QDl9
473,0l181DPDqbQPb0qQl0i0dlQd0oQPlQ6i
474,bDDd08iP8dlIlOo6iqd91dPiI1lQdOQq
475,911lId0IooIOq1oDPoQ0iQiDiOIbd6oo
476,O09lbd0I8D0DI08O06l6iiI0i11I1iIb
477,oDlO8QQOQ68IO61q9PQd800QiOll1odI
478,I08olqilqQi9Dd0qOq0o09PPqI0l11QI
479,qbQ9I1bI6q91Q18DlDlI1Qdi8q6Qlo91
480,6lQ9iQdq8P0Q11q9O8dbl9Q9Pi8bIb98
481,POO9PlPq66OqIQO6Oq1i90D6Ill100il
482,il6PIiDq11dD1981dQ00918D96lPQ0iQ
484,1Q1Q8oO600lodPbio8b8d66b8do1PIlQ
486,O6I9ioqii8i6I1DIb1PqOD6q0ooo8bDo
24576,i6Q00D16PbbQPl19oibiiQ6qQD01D6o8
24577,doqDbod0d81qP6PoPiP8b0P00PD8oboD
24581,Q8Ioq8POo69ol8bPiOPQPq61oqoPo0DO
24582,o9l8Id0D1lQdl1o9DDIPbO6q998lq8bd
24583,d0q8IDbqDI686q9Dl09ll0Id6bIio9Pd
24586,D1D88PPI0PDQqOq00OI6QI1o6dPolqlI
28690,OQol16I968Q8bDoQd80i90oQQbqOdbdP
28691,1i6ObblIOoPo6dDd9dIIq11l60qiD9di
28700,DibQ8O0bIodbdQo8D681qlqiDqllDPql
28701,16Pio809ID669Di8OoPblQO0lDq668dQ
28717,99P8bDO1PqlddQqo81QOIPO60lPQqlO8
28718,89I0ooQbbI1I6O1iq861PQQqIo9iO86b
32768,68dqbIdOiiiiddlbb1OD66qq6d80I6D8
32774,IP00ID9bdlOoP9o9lo1qlO0D1Pdo9I8l
32784,PPddP6OOldodoOPqiId19Pd919OOid61
32785,6qQb9I0QbD89IID9b9iOPdO6dbqPDolQ
33028,ObP1P1OoDII9b9ll698Q981ilIddb8Id
33034,b0Po680ibI600ObOi6qqidI06oqo0Olq
33038,PQPloiIQ19QDP9QoI1ld9DlDObIOP689
33044,b6dqPiOO6iO6b8D90Ido6QPOlObd9o98
33047,OI01b6I6OQ9IdQidll890oqlOPDql9ol
33048,QI96D9PqIQ90PidPQPdbqbi0q9q8lQbb
33664,l609D9lOqbDP6iIld1dI18l888dODQ6Q
33665,D6oPIlOlIIOi1oq6Pd6011lqobbqOlib
33666,0Oo6iId08018qOqbo6O1o0QQ9D09Piq1
33667,6P6dPoi66qO980bQo6l1QdlQIooq086l
33668,lQbiI10Qo9DdD8liqPIiob61qDO9d861
33669,oIQo8IQPbobO6bioiqqdP6P6O8898DOQ
33670,O8qii6oiooPd8lbPqDo9QQioIoQQOoq0
33672,8PQooio0ilPoQ8Di66I19QOQP90Ddbdi
33673,D8I68Ibib9ldQDIPIQdO6lqI61PQlPO9
33806,iI1iQD6Id0PiPDoo919doOooDib09I6b
33808,OoQ6Oq81oIql8iIlbI6qldIlqoD1Di1I
33811,lii9bbbIq08b6DIdQ16Q0QOPiOibliIO
33818,qOP1qP69o6id061o9bo8l6P11P1PQI1O
33834,OO0QbD9D6QQIb10Q9IDOQd8odb6ob6qP
33835,0ib0Pqol08o9ODDq166iDl8oll061lPl
36864,0DDo1ilPDQoIoPd8ol9OPO1IPbi9ii6d
36865,81QD89Q6Ob911oOoobO0D98IQ1D1q60d
36866,8DdIqobi0liOPDO1qld6lQ9Dq00I66qi
36867,PQQd6lQlDqilqliI0IobolqIDlo0Iboq
36868,Ibd8d0bllqOo61lqlQPd8lP01D0Qb9o6
36869,PD9lP16dllbPqbdIO0Ii0I8D1I90QIIl
36870,ilIbq9Db1d86PIo0b96qdd0oPOQ6bqi1
36871,DQO6qbiP6dldo6IIqlob9i8dqiqOio6o
36872,Io1D1l9QiDo6IDObd8qo1Q9lQ6iollQ9
36873,qiDOD0iidOli9l0qbP6IbOD19OQ8D8Po
36874,9idOOIdDO01D8PO06bOPPbOIOoiQ8O0P
36875,lI8qIDQPD0PDOdO1d01iOq8bI98iiQ1l
36876,81qibDQqq8idiD1lQqq0qdqD6i6q1QDb
36877,POoldOddQl9Dbq8b6iOP0iPoQd6IdOPl
36878,ql1Q8P100IIlbl0Pdi08I8qD900idqQq
36879,I9iODl9bl1d8PilOilii9Dd19PP6QI66
36880,oiQliqIliq91Dl169ldqbb18OPblOb1i
36882,0OQdlbo111ib1i88IdIPIbollD68Dii1
36883,D0dI08oDqi11Oo819D6ob1dlDbPlIPl0
36884,bd8o99iPI9lqOl1Q8P68lbQOlo8Oq1qO
36885,idDdoI9bD186blQ9Q8610bIQqb86dilo
36886,idI1dd69l1il16P0d9DoldDP1QDP0911
36887,ibI0QllidqQ089ql8dob6bIoodbbIoqq
36888,QQdIOi1Q81IqIoDqo80P0I1Q9qIdq1il
36889,d96OiPiOIboqI8o6PIDO8D9qPb9P18il
36890,qDi0dIlObi6Q6P8dQ1b8oIb188O9608o
36891,Io1661doQq6OQ8DoobPq1IQlbqoDD1q8
36892,dDOdPQOqD6P68dIOl6O6I8q99Q6dd9Ob
36893,qbDidIlodPP6PqI00D18P6dDbioIdDPD
36895,QD0q90q9PIl9PdqqO9D9DO09DbiODOI6
36906,O6llIdODQD6oDQ6QiPQDOlob9i8l6qib
36914,DObld6O6OdblOo1di9dlP86DO909O6qI
36916,D01oOb0IOQ1bbIIdi88O0d80Qo9dblqP
36917,8IdP90DQDi9bqodPqDQIIqOqOO08PPio
36920,PO1olqI8DiDiO0loDIIQ08oPd910bQbQ
36925,8o1iQPiId8P6Db9Iqo1Oo119QDoq8qQ8
36928,9IOdDPPO1IIPD9oDbOPo0Qo99Ii6Q8oi
36931,oD6l698q0bQqoIOi0Dd66bqObII8QqDl
36934,109P1iO9i6q1q0bdQobiodQDoD619dqd
36935,6iq1dqQ1PDQlDO0bio0l89oDDDi6b0oD
36936,0D096II0i9l0doPlbPQbiPo1IQDDoOP0
36937,8QbqP80q9PI8bbi0qOoiibOQD08OPdli
37120,DQI8O1bD9Oi9i90i0DqqOqbll91IiQI1
37121,o1QoI9dQ1i89bPl1oDl6999861obD0qI
37122,6I0d1d8d690dl8boOb60O1Iq1Ddi6P8d
37123,olOOdb66Q0bP0dqQPdIdQ8IPQql8D6bi
37124,O111bDqd0oQ1O8IqiIDQq091l1IDO8oI
37125,98PiPl8P0qlq8dd8P60Iq6dq899lbQDI
37126,bi1Obd9i99P0O9PqQ1l1P6P6o1IOi11P
37127,POQQQqI8q69qP6Id8Ol01QI60OIoiil8
37187,9d0oQdIolIb0Po9b06QOiOP60IQlb8qO
37188,i11d86DOOdOb8Pbb1QqIilQI9Idib8PP
37189,1Q9l881P1bq8bQQ9OOqQ10OioP68bQ8o
37190,60qiDd000qDIobO0QI916i18bbolO919
37191,oQ0bqIQ8DdPlilO000DQloOo6Od8IdQ6
37206,DdIbd6Pbl910P6QOqD6iQI0l0b1qdI8q
37207,dd8PodO0ilIQQb0P0OQPDiodI9biP91d
37221,8dDQIPOo681iID8IiibbD8IbIldI86P1
37222,9OOIPiqDooPb1QQ900QODl60dqbP8Dib
37223,dPb99qdqOQ1ioQ9Dqb1I9Q1bI0l0POII
37224,1idPoQOiI8611P01Oddo1D19lQO8dQdl
37225,01lbO69qQiP691ll6DIiqPbIdd9O806o
37226,i19IOi90Dq90ll989iIdOP9diodqi968
37228,d6iI8ii9qi0Pi80dDQQlPq6qQo69860P
37229,Q8iOiOPbl1lI6D6bbib8Il8lPqlIl1b9
37231,OiDP81OQD0I810I89qdqIiDDP6i9qO0q
37232,I8Odid0QlODlOilqdllqlQldq996QQbP
37233,dqbd8PD01bI8qlQ1QQ9iP896P88D1O1o
37234,9lO9do19O1I9dbiPi8q9OdqdiOoQ8PQQ
37236,i1ibID6lOoiPQ1lli86P9lIIqOoDlldQ
37237,d0IiI99IlI00lq606l68qOIl8PidiOlO
37238,8D9D6ld0bP9bP119OIlQI9ol919IDD86
37239,1iIoi89doDiQoo8o0ddl9PQdQP0Ili8O
37240,PDODO6Qdb9iqd6q0QoI0PiI0lb8l9I6d
37241,6o6OObQo9oQl6Q1oq6OPqibQI61IlPq8
37242,Q910dl1olqQ9qdO6q1q1O9Pq9b80lP6P
37251,iP6qIl6lD809098io0OiPP08Ii18I6OI
37254,PlqI9Q1I6qdqb0IolOl1qP0bOQP0ibPP
37255,olQl6Qoi0IbobI980q9Q0QIo9qlbq1PO
37256,bq1O60D90Qbb6iPoi90Ii9olQOIO0Ib1
37264,Iqo9PQiPbq8Q0I6io6lPIDi608lQqbbq
37265,6bIODbPoIDlOdO66b1id0q68qdQilDd6
37266,PP9QDQ0IQQID00P61d8qdDdP09b19iiI
37267,O0O1lPoIIIQ9lbOi90odI0Di80qq16lo
37269,1oIo1DliQqPol00Q1l1bPODbdOilodod
37270,6bdDP91o1II60Qo99D60QI81o6oPlI80
37273,b0QQ6OPD1dDqQ6D6IDQqlDd180Db609I
37274,o6I06bPq8dqIlllbQDPP8boqdq6iQ8Qb
37276,ii119ll8dOQ8IQqi1IOP1o8DIQbqo8Pi
37277,8idID0Pq0O68Qb0Q69P6IDldqI91qi1O
37278,61Q6Q8OOiiQIbIi0l6l10qQ0Ii8P0Qb6
37279,dD6PqbboDil89DPIID86Pldi6obI1b8l
37281,io1d1Dq80Di08O1Pb9bQ8DoP9d9Ooi90
37282,9bo00PqOIDoDbO6P1116b9obolOiqPo1
37283,b0DP0oqbid0iIQ6D88dDIiiDiq9oi19Q
37287,ddD8OPQoIiQi0IbDOIIdQ6dDDbPQ9bIO
37288,0IldoDlDQql99DqQo0Qq9ioPIiiPoIoi
37289,ddib8P601q0Oqdb0Pl8oqobq9DD608P1
37290,PqPPDibPdD8qd88D0d01dqo6918b0POD
37293,0b1660ibo0liI01ibOO6lD8olIb88qDi
37294,oOdl0d1IOo0bd008DOl91606Pd0PP86d
37295,dbq9dPPOQ60ibOol0I6b9iQol9lD669D
37296,qo6Ib8QqqDd16i91d8dlQoqIq08bo68d
37297,b8dqI0Iq60iQPPobiiQ8O6PiIqdodDiQ
37298,1PiiOiQoq8dbdi819q9Ild966o6o19QQ
37299,d11l6160iiP1bDbQPQl0Pi8lddlld80i
37300,Oo91QPdQDd1Od1oQI6IIldbQ1lQ88bO0
37301,1O9P1DqQQqObOQPP6Il989qDqi0bQ8Qb
37302,dd8loQPD0I86DiIql8b8o9qbO8l0d9Q9
37303,6boDb6Pdd6QDP1oPdlQ0Qo1ld0lQb6P6
37304,PooiIP8qP0IPd9D1Ibi6l9bDoqdi9P8O
37306,61IoqIoODb6dlQlQqd99b90idO9QP9iI
37307,dDldd8OlbPQDoD80dO0DiDOiIoP1PQoD
37308,1P00OOoibd668i90Oqb0dl9i8D10b1iD
37309,PIO8dod8P9OOP1bi0D1POIi6OdOdQDql
37311,Iiq6Qoll0oQi801QdPdlOO06DOdIDdD9
37312,boi66iD1809o6q199bbolO0bqQ1lqI8b
37313,091IQQ1PqOdIl9ioPQDdO60Dq069DP69
37315,O110IdDiDlDQ66bb1o9lbqiqQq6lOid1
37316,iObdoO9b1O9o8dP8o0id9b1QioQ0q9q9
37318,d88boiQ609PO8ODDo6IliPIb69I80dlP
37322,iO61Dq9iiIQO0Qbbdo1O8bdqO8dqoiio
37323,96Q0Piqo9PPQoQdi9001DO6P9Piqi0dq
37324,d9qd6lI0ddbQ068dq1oD8o6QDIi6blDO
37354,8ll9P9bOloIqbI0O9PboP9li1iloIPPd
37355,ld8b6iqPIiqqbb9q69l8obO66ibI96od
37356,ob86bIdI1IbIl9DoQ1bboq9Q8O6PPPoq
37357,dIQDOoO80odDP8OiOQIQ9oI0o99OdQDQ
37358,61D9oiPDI68Dq60Dqi99qqd9DqD1D1qd
37359,dPdO9OP6616o99l99qiI9DddQdD9D80b
37360,88qIddPQ9Q0QbQb0l6obD6IQ99oIiQQi
37362,IoiD0b6IqiDi6qP1qb0P1dbQlIODbiid
37363,bDDq1qO80o6806dQOb1Qo0bPI6899q1D
37368,i1ol0PO8QbQD0q0oDI6qq0IO68868bP8
37369,dQD6lbPO66DllOb1i0IoqDqbii0IOQi9
37370,8i1ii188q9OlD0qQ9lQ0D1OdDbldqQbI
37406,i66lIl9D60DPq0dQ0O9666ID8bPlID9i
37407,I8ql1i90i80oDO0Q9qdIliIqPq66lQd0
37408,86688l9096PdIqDPl8qoQ10dI8Ioi86l
37409,PIdPo9o0qOIiPDIIlbo9l9dObP81lQqi
37414,qDIdbDO1OiDPqd1i60Dd6OPOlO90D10Q
37415,b0lI9Ili8loOb1DD6Dd8lqII60b90101
37416,PIP60POo0dDQlIiqO9bIQ1oddQD8P9Il
37417,lb1l0DibId6Pb9ddlqlDoP6d6oD0o0IP
37418,98D001P6b696O18P8qiIOl811bq1oQ16
37419,iI90119iIb9l609b9981l8QDblDOb0I6
37420,odQbP0bQqD89PolQ96II0PiqQQIddPi6
37421,DIoP0QD6i8PoQOo6DIdb1o19iqb10qQO
37422,60dq6Plo0do9iQOl6ql111P9OPd9i01l
37423,d1PbOD8o6b6o1OqOQ98ilDQbid6dddQd
37424,D9o1DqDidP696lii99881io9Dbb0lQl0
37425,0OQiI9qD6OiodDoQlPllqPoPoqi98D8P
37431,i9Pidb18b9O8bdqQ91QQP0oPdIdIODq1
37432,99oQO1b8d9qQdPq6O1I6bd1bo1D16DP0
37433,0ill9Po6Db090biqIlD1I9lo6PO8lQQ9
37435,q1DPdd1ooiPi9P0b0Obqq1QqbD86Qb18
37436,89ooi0i98Qlq9PloIl1b190DIo8Do16l
37444,Q61QoIQOQdoO98DP1oDlOIoO6D6lqq1o
37445,OPDQ9Oi8I6D1I1iqi8iOiP0bDI9Pl86P
37446,OPOIPIi1OioQ98qbO100q6QiDP8dIDq6
37447,Io9i8oQlbO1QqIdbbDPQl6b00OIPlIOP
37448,O86D9iqi81QllOqP19dQqqId1qdIolqI
37449,oloqOddo8oI1696Oqidb081ldlPQ89qO
37450,PI1DiP0bIi8PodP6O1i8P0P1i8iI1oD8
37451,Q6ql0lOOdq90DI1PqO1bd10bP0Oi8Q0Q
37452,90D66ObIiqP09oqoDoq6b908b699oqqi
37453,890q91iIbO96OOD10Qlob6qOObQoq1bd
37454,ldDD06dIQ0qQPD9OI88P90OOi0bQPD1O
37455,8006PP188Qldob68ld6OPqlbl1biod6D
37456,di088lOPlqQ1OoQIbilI1P0q119i8o9O
37462,QQOOldqQ8QQDQ06i81d9DP9PlOlo1lqq
37466,bq8DOQ9Idq9Ii9PQ1bqPIQoQPl961d1o
37472,1Ob9Il9bOQdbOQbq00oi1qoo1o1dPoI0
37484,PO68qOQI1oo8iQidQ9iIi9o9PPOD9OP6
37485,q1q8IlPI1111D8IqiQ190qIoP0b0bIIo
37487,I8bQ8ilD9l1Qi9Q9iI0q6qqqiolo01QP
37488,bql00PQ1PiboIqDQoD909Il8o1PIDiD1
37489,dQ69Oqd0Do8Dodd6bQD9l16Olo9P01DQ
37490,dDO8ili1081QQIb86POQ8qd0P111011o
37491,o6bPdI8O089O8lbl8OlIb1lPo8o1lODQ
37492,P01qbiIoO6dqIIqo6Db9dqq1bI6ddbqI
37493,o6oqqiOOb9Pob66loQoQddlDP6PP69lo
37494,boQPliilD01OD1bIdOOIOOi0Q9P16OlO
37495,ioQP0b6I11Do1OQPIQ6OIDiPODD0l0dd
37496,0D1618DDbol8bl9dP0lDdiD66ioIiidD
37497,0qP01Q60boPPlQ8qO6O6q89iI91Pl0PP
37498,oOI88lollO1OOQQd9DPi0690I6i6oiII
37499,1980q80l1Q96O881IidPd16qDbOol9Qd
37500,qIqqdd1Odqi1Iiolq9qqPOi0bPPld8Pb
37501,1o6dQqq9P8IQ6PbQO88OI1b91P9DoqQ8
37502,6o966dbdo9dPIil6qQ09d1I0o0Qld611
37504,l0QP6DiIDIId0oiQiOl8q10DlI96OPiO
37511,b1ObooOQ9iI0DilD9Q6qlIQ8D1d8dQO9
37512,IDldD8o8P8dbIP6oiDo11i10lo6bP6oQ
37517,iO90Qo66I88P1IdDldo1oIqb8bldqDI6
37518,DDPPb680Pd1Do0I0899Qq18OIIqiP06D
37520,odd1O0boo1boqDb0dIOQdQi1IqdO1DQd
37521,QobO6O8iQP6I16l0I8QPd0Iq6iQ1loQ6
37522,lb9Qo61bbOdQidlQQD8DP8199Q911Id9
37523,db9qPQQ1lDbDIPP98IOqil9IO1i0oilO
37524,DiqobPO1iliqP6DbQiDodPIPDiQO96dl
37527,Do6oPoo1QbOPo9DIii0Q0180l8b1Doqi
37530,6i99bQI11qD818DDdq6qb0Dql880lP8l
37532,i1Q080DDQD81l8o0109Q6blq0oo8o69q
37537,0dOi10q9Q6oi0Q9960iQQDO6olqlDDqo
37538,6loP1dbiOq0Q8i9QQOI6o0iOO6bdIQOO
37539,8l0ld8Oq86P09lb91DdD9OliiPq9oq9D
37540,POl689q8ODbPI0PDo8l8oD81Plio8qlP
37541,qI06bbQ1dloi0IIIO1IQ1q8bdPdl6l69
37542,oi9q8DQ1QddP1699qIbqP886iOIPI16I
37543,8Pl1i1o0O6oIio0b681qOoDOQdPPOObb
37544,Q9bo8o9600D869o10ioPb8bPO10bIOiq
37545,qOQQ1qdQPPQ1bbdPldPlIil99IDoPi61
37546,olloQOobddiIIPObP91l0qPl6oo8P9Dl
37551,Oo9O18oqOi9DIoOoqb9IqQDo0dbdqP9q
37562,18d0iP6oIQQIb6IIOi99iDQ116bbP9I9
37563,iqlOo1bdoiDqDbIODDl0POl1PqlQd8l6
37564,qQI9IQOd061Q69Oo89lll9bd99108Qqd
37565,Ilqd06QqoQd9IlQobq9idPqb1111Q96b
37570,18ibQ9qbqOI91Q1iiiOd990OPo1q1dPI
37571,q1o901oPqbbI1Q61qo688bDd0Pqlb08l
37572,l0od6D6dl9PQdl1iDPOlD80io0iqqDb8
37584,lIPP90Ilqib08Obob9901PiP19OQ18P9
37585,ibiD8868D116OIqbQ1DQ1IOb8OD1qQ98
37586,8o6ibb0b1i66Q0D8699boob69b80Qb1i
37587,oDIliqQl90bQo6Qil9bOiD1iO19qI1dd
37588,81O10b1Oob9blo0888PQbd1I6bP0b8q9
37589,Q10PdOD6bDD9QPQQqiO11669bb0lQ189
37590,9P16o1bO16PDDObloibo1Il8IIDdo869
37595,dQoqo68881IiO9i00bP0q1lOD6i1PdD8
37596,oQQqlb666o69DDOQoboOI1b1q09lQ9P6
37597,D0qloQo0bQliQqooQ609IP8i09old99D
37599,qQl6O8IdiI6991IiqDqidO96bll1qPDl
37600,olIo8PdO8dq16QqDIQboQq6oPqDO9qoo
37601,0q8b6O0qOlDql0oP80OI8i8i1088qbIb
37602,lqOQbO0ql96IdDdD689o9PI1iI8Q1Ibi
37604,lO8oill61lld1do1O96bIDbPPQD6Ob0b
37613,0qOPDqq0qld66bll9ob9iIqiiQPiQIDQ
37614,qbl10iqqdO1Do1dIq181Pl6oi8QilQo1
37615,b6l6qPPdiOqqPqqII0IPqI981bolOqIb
37616,89O8qIII0QPO0Q0l10P6dl19PlQ9d0oO
37617,id0i6dQId1D9l1P9bq9iP9608Ioi9iq8
37618,IDPbb8oiQl0od6b8OqlPDo08o0QDo6iQ
37623,1DD68qQdqQ0i6bQ61ddQ06ql1D6O1l6P
37638,ib8o1iD68il66olQ1lddIPi0lIb9dd1I
37639,0ibD9Oio99IlQ0di916lId0bi08IPD9b
37640,1l01billdl6oPP96Pq8d0lbbblQI8i8l
37641,69l8lOiooPPPqb9Io9Il01dPD0Q988Iq
37642,IPdDlblblqO1do9IQbDoi0iOoPDoiDlI
37643,iqiqod1l08DlDql98QOi10oibldd8b86
37644,96QPqq0q6Id0Ii0QbD1bQqPbiDqb0lPo
37645,9bI0dQdb01Dl1bQq1Pq998i0l096D99P
37646,6d6bqoOlqi8ooqOdlqdPblqol88b68QP
37647,i8O81i0iQdqiI8qqP0oo8IPl9IoId1bO
37648,0qDb0d9oIoQPP1Ql0o0OOPoPDbQ699Iq
37649,q6di1DQbi88i9QlPol1iIPbb8lP1qP1b
37650,qD8Q180QlIi11o1IiI6DPoqolqoD61Ib
37651,D89QP18016o01qoOi60I6Q19dlOQPbdo
37652,PQP1l9qDilqbD0qOqiD8dd86qboI8bob
37653,QdIl6D808iDoDQi0Qii99Do6do8DOdQO
37654,QQbiq1qQd8d1blOldi889OdQd9P1106Q
37655,l9i996ld6PbbiO1911OoOI8lIPQ06ID8
37657,P8IQ8blOl1i08oP18i06Oq1iP9biP6Do
37659,08IP8i1qIbQIoP9DiP11IdP190Q98lil
37660,o0l1Qioq1i9iQl6b9q6il0iqi1b1OQ9b
37661,qD6q1PD0lIDP89DPDbOOIdq0Pi8iIdD6
37662,6lD1ooDi8Pdl0OlO0QoIioI8119I0PPq
37663,DD6olq00PD91odbO9QbldDb0bQ18oqo1
37664,il0QbI6IOIidllO108olqd8i9Pb1Oq8Q
37665,l8q6diIod06OdP11P6I8oIddiPo16DPd
37666,ObiIq6PDlOiPd0d1oP8IIQbqiq09IDII
37667,006ob1iI9b1I8dDl0dq1bqIOP8886li1
37668,0ol981b18biO0610IqPi9l6Db86PbIQ9
37684,186dd6DQq891Ib9Ilq8Qbo8lIqb0Qoll
37685,b6ldDOq9qi1IiIIdiIl1108q1iQ9O6d6
37686,9ib91bdq6i11l69d081qDD989Q0qO0qI
37687,dqPDQ8Pb68iib8bIIPld10Q0oD8l600o
37688,6bO0Dq60bboi009iDbO8o9Q9999PiiDP
37689,l6999IbQI61IO9qQbllobqo68lqobibq
37690,6i189o0bl000608OPdOIODOOibq6QoPI
37691,id9oObq9P6Q6Pq6lQPqI88OP1DD8D0O1
37692,o6qi6idD9oqIdi81ldQlODqIqIiqlD1d
37693,QQldo10ObPPQPlliODiDIIl0Q1oPoo61
37694,I8b69IdbID0Di06ldo6o1lb1IdI89Iqo
37695,PP9q1DDi0liP1P00lqIoIbbqo9QqlIqP
37696,ib19PQ61bi0lI8qi98IQ8dOqOoP91olq
37697,oiIob81i6d6P6qbddOP6Q0d0obQ0PID9
37698,DbQbDQOl0lII16ib1081d6ddIodD0P9I
37731,b08D1ODPP0IqlIl91dDDdD1d0lD8bP1d
37733,loP08P1PPi990lPD0O060d888O9o6qb8
37734,i0dqDPqDll9il0b6qoDPd19OQ0qO9qDO
37735,OQb96d6qD9bPdD819QO0b88blIllldoi
37736,odD0Ql6iQbidDlqdPIdo8iQO09OoIbD0
37740,OqIlb9PQIo0Io90PIQi6q86dO8iP19Oi
37749,90lolio9qd6qo6Pl8oo69iqi81oiiQib
37750,Oq9QIlI8l11ddqbbDoQ1ql61OqlIi9lo
37752,D6IQ1O1D00D1o8IQq0O9qqIibqDiiO0i
37753,OlDo09P8l0d6d80i8qD0qQddbi0QQD8b
37754,09looidO89Q9DiDdqQiDPlIQDoiobobQ
37755,I6dI99IOolDD6l6Q1ooPIiDO8Odq0QIP
37756,bqqIiO96di90bdP0QD1biD8DoDQIddOD
37758,QbI1i8Q8o06qQQIqllQ6091l998D0qIi
37762,blI8D10Q1IDQ8Q19bi0IDlD80oD0bloi
37763,bo8DPdi09odO8oq9ql0iI8booOioOqi0
37764,loD6oi96869O8ilii1QPOPDoP91l1PQQ
37765,iq6QI06oQlloO9Db9dbI8IDoi91dD8d9
37767,liiPP608Oqbbb1Do88DPolOlQiq0Di60
37775,19b01l0QPiDlDQb6lqd0dQ8Qlld6Dl6l
37776,1l8ibdlb0O0q00o6l9Pq1ibdbIQqqOb1
37777,606b9d6OiliId69bO9Odi6qq8o8Qd0dq
37778,8O6b1D9PDO0ll1IO9d1ODDPPo0QPQbob
37779,DI91q6O00bliOldqO6DqDdqib86iqPPP
37780,Qb1db18qP1Ib6liPI1668Pq8QPb0QO09
37781,8qPoPbql190Pi9086ildIlQOqlPoQdP9
37782,dbD8PlibPqqdI99901obObb6odqD8qDl
37783,08PO96OlIoQqPdq91Q1Qqlo8lPidbPP8
37784,qOdib0OIO1qOdiQiOi9qIiQiO91idbQq
37785,PlIiPiPoI9DIbPdIPoqQlIq61Pd8QIDo
37786,PbQ8Q9ol09I18IIb0d6iO8i9ODID10iO
37787,q9oQ1Pid9OiIDO66Pd19blOi09019i98
37788,Pld9iO6oi9qlDD08l8QDdIi6d6Q6iDd1
37789,OddDoQ6dqi0QdQDDOO6qlO08d8bPbli1
37793,6dqPOId9Od11Il90QO0q9iQI6d68IolD
37794,61QQi8i9Iliq66IOq1ib888b666o08O8
37795,qoDOoP99lq8bd19iqiloObQDqD8QbOq0
37796,OQbPdOIo6dPPIq6d8qid6DbPP0q991i6
37797,oQ8oqddQOObiq0ldo68i1d6o1IidObi6
37798,1OlD9Iqb9Oqol09dDi6iiQ9Iod1oP0il
37799,q08PbOPPbPobob0OII096bP9iil9908D
37800,ibI69PPO1iP0D1IlI0bb11QOq6081POo
37801,8bQQ0lP96186D8Ibo8IoOd6o16qioiIo
37802,oQ9QDQ6I9oo9DP8Oi86id61o9Pbbl9bD
37803,P8DQP9QIioPdi9IO6q0100PlQOIl86I9
37810,ilqiIlDdiQQ0oOIP8bPobDQqP0O90Q08
37811,DIDd9l0dbi1QdQ89I6Do9bolDqdb1dPO
37812,i0b0118q8D1QlQbIbli0P0IQ0QP08QdO
37813,6OOd69q0oP8iblIIb08OQO9dq9oIq8i6
37814,II68b0dooOIOlOiq0iQO18blDd6b9O9D
37815,61P0I66id16QIi08Q1918PlldOOiooql
37816,Od8ld9bQQPDddIqDQ1PloOOdQ0IQo0O9
37827,P8od0Q9DO8i9dl881oPQQIOIIq1Q9Oi9
37828,dd80OooqdOIi9O60i91PDdIPIbIiiD66
37829,QD6b8i08P1IQloIPOPiqlIPoDlPi9DPI
37834,i90o9Q0D91bb0Q6qIQ1OiDqqiPPP98oI
37836,8QPioDo6lIDdq861DDooq1O9dqdOOPiD
37840,lo6bOoq86d9od6qQ9PiPibOioOQb96lP
37859,O0Id19qQlDibiDdIP90o81bOo16qbQ0o
37860,11dQb0qIdbO098ObDqOQQ8Ili9Il0lOd
37861,88o0qb8Ii1ldPlDQQdoq90dOd0PoO99d
37862,bllQi9boq8qobOQDOD6QDio9lii8109i
37863,l9OQPi0do19dQPO8ilq0QDbll8P8Ib6O
37864,6l0iQ18D0I00P89lIqI8bl9biIOi018O
37865,dQPPd10QO9d8IiOiIi8iDD1Qdq8lQli0
37866,9O1O0o8O1qbQ08Q961Ib1iOIDPQid109
37867,8IdlOq1qI8OO1PP88I6olPiI6IqqqIIO
37868,DibOOIOD1id66O0DqOQ61O6I9bIIQQ0q
37869,ib0l98Q00O1Do9oQq1IQOOqQOOb80bIo
37870,d18DI8bO1lql60Ol1dqQlI8qIobl191P
37871,1Ol1i86OQd61IlqPb9O1060l0OQDoDQI
37881,OQbdD9iD898Q01oIddDliq8q9D1QlQ1I
37882,bo9l0Dl0PbqQQQ16Qq6bOOi68o0996Pq
37883,dO9b8Id9QQ8DOO69Q0lqi6O9QlDPIPl9
37884,lOb8O16P9P81olPdI1o1Dl9I6QQoIqIP
37885,Q8Q6d00DoIiPolOb9PIO0Pll96O0I1qD
37886,6obQo6d0oQ6QoQql0I60b81IO8IOl1IO
37887,b60odbPO1IQd6d0qPIi1dQODq16i9811
37889,80d8obPdlobP9qlqiDb01999o01q6DdP
37893,bo6PqbbPQ6D096OIP6dDPbPPiDi88609
37894,lIQ1608o9O6bdoPO0ooi8io8i6q6bO1b
37895,PdqQ0oO8lIOi800i69I9100olb9Q6D8Q
37896,oDD1DQ161816dd9Dl8IioOoi9OQdO01O
37897,i86bPlP6ioldqb1OqPqidboqqQ8dQqdl
37900,oQPdiPPdQO1Ob6DqDi0l0q0PDP06QlO0
37901,o81iq91q6lI6OODP9Pb9OboDlQD9Q08d
37902,bQI1dIlIObIIQood96O9q9iO8li11OO9
37905,diDO6qoqo9li6qDdidDiqO9bi8lOP8ib
37906,Q8qb1oQobdqDqi0i19qqb11P1oDoiD8O
37907,bD1DbibPIq9IIlQd0OIIl0o91QI1il69
37908,I81iP0Io9o1l9li0Iq99P1091O8DoDOd
37910,db1DlQ9qqI8PiqPD6q88O1P8PDbP11dq
37912,OiIOPd80d9PQQIbidO6ObioboO88OD9l
37913,0bDqIO9Q0PPIPlPll1D8Pbol9O6DlPdb
37914,I8diIQiPO90qDD60oQ0o669I99dI69DD
37915,oo6iiQQbqQ98D9oP6OQPibIqIPd66Qb0
37916,Dl690bPIlIq0Ol1PdPbb9QO0I66lIqO0
37917,9I00D9Id61iD6QP8i8Dd6698PoQ9bdi9
37918,9obIQOP8O1l0PQ0Oi1oPQI198o0Pd81o
37919,b9IoO68b1Qd9I6O8qqoo6q1o8DQ8l9lo
37920,1i10oIqlooQbOqO9qiodbIliilP1I06b
37921,idIibqoooOlQ1DId8lOidd6il0bdoql8
37926,1i81dQboQ91QbdO9d6bQ1Pi00dPP01li
37927,id1lodDbo0Iq9088Qd19d1OlDPP01D8o
37928,i89IO1PPOl0boOol0bQI19Q9liQ0l6O1
37929,P8obb0oQq1lbb6Do01PPDI1o8ooO6Pb0
37930,q11d0oiQIlbP91dqqddPq9D80lbODbDi
37931,IPq8dO1lD8qidDlI0ObboI9IIldQO6IQ
37932,q0QIob1PDI6IP86dlPb6I6il9d6bP606
37933,P0iOob80dDPqI8oIqq1dOiDd9qilQqDl
37934,Dbdi9P91PQl660llPQO0l86oDqi1O9Ob
37935,DbibObDP860iqI11POiqQDD0i8PPOibd
37936,18l0blb188Oqqi8I68o8oq91Qbq86QDi
37937,0Qb8PDoQ06Q66obPI1P988oI61ioPb6l
37938,dPbOQdio1OI8OOI6OlOIqI1Ii18i8ID0
37939,lDOPd60Q9obl6D0q8qqdQi9lioblD1db
37940,biqbD9I9q9D16i0i1Idb9d111l1QDq86
37941,o91qiqqDi9b6d6l1dQ6qO6oO0QDIlPql
37942,Qo1qdD0Q9d11d9Id6o09P9id8lPbOQ6o
37943,8bI68oIq08d99P880bDPQ9D80O099Q10
37944,1PoOQPd0D01Q9O0doiQQQ8D8Q096bDq9
37946,OPQQo1idQoqOq88lIPOQo6DooiP8QO9d
37947,0ddPq801D8PiiqO1oqoQbdOIQ9lQl11o
37948,IIDiDdQ1d6bIqbld9IdO106POdiPO6PO
37949,6Oi66iq9bqi8bDI6l6lPdqDObo1i9lDl
37950,qilOP8l6bDPi98lqDbO6O1obOi068QOQ
37951,D9lq0DioIl9D6ll0d61990DP9qPPb1dP
37952,ldlqDQ0bb8d9do86o898P0qo1OlD88qD
37953,d1dPPII1o69IlI0d0DlPi1i1idbdPD6O
37954,lQ86Pod1b9oI8OiDDoId099di9OI8d9I
37955,D9I8d1PDOQ8QqP1o1IIi0o8d6660ddOQ
37956,1dq6Oq918dIQb1doqQdbiPPPO9lIdl0P
37957,II8Dlo69PoPOII9P88qdlQPP8I61DlDo
37958,00obPO6oPIPOoD9qb0dIl6q6D8P6o9bI
37959,dP88i6I9b9QPQDPPO90POOIo0Il6QloI
37960,6i000qlo9PD9oi9I9Qb990D6D9i19699
37961,lb19I8d0DPb88QDQlP616lDqoboli90O
37962,iQqbdqOlqlPP11d1qI8lO6iQb19dO991
37963,qPDQbQ6lOqqbI9Plb6o9lld0ddIP8oiP
37964,l6d0ibbliQPQDdb1lP18D9qbPDi1698b
37965,lPDqbq6OIb810i8bqIo1i1olol1OlP9l
37982,QPol19bIb009IDOPildbi1QPdPlO0dq9
37986,Db9DllQooo6lqQdl6Q6OD6q066i1IdOO
37987,IPOq96Qo911IdQbdqIo0I816i6O86ioO
37988,IQ0ID09qD6O1oOdIq0oilI8I8l9DlP9b
37989,D08qoOdPd8iOO916bOPIIIdqPP6O00iP
37990,160Oo1q8DolI6068lQi66OQbQ9Q8ODQI
37991,QlID98Ddoi6O8lP8IQd6iid610011l60
37992,1I9ODbQ81qi1006QoQI6d6dbd9iiPD9O
37993,QoId0biOD18610ii0DDP61QqOl6qq86q
37995,d1bQ1iIb0I1PoPOQqliIo9PiQQb1119d
37996,d91lIllbboPd668QP88I06Q6QqooQiO1
37997,ilD80b8QQl9Qo0PP0lQ00b8bO9Oqoobo
37998,Qq8bbbqO6qQ1DPODd16oi1QDQoQ9b8DO
37999,ObI1oo6QlO981880DDDOlo8bQobI0I9P
38000,I0Ql0Di1qD6i0Qq1ql0qPb19q0IQ6iO9
38001,IQ6I61i1b0Ob01QiQlld8o09iIQPoPOl
38002,iI96000Ib9DlIOPlDQIO00oDiO9DbPI0
38003,dDQqqIQlDQ9POd90OPl9Dd1i106odDl0
38004,Pi69o0idP1obO9QDqIDbPdqlb90q8Dq8
38010,6dO6i9qq601D8ild9QIlbO8bodbiQ1Pl
38011,1d9lDIl6iiiD0D0d8qd6dlDlq6P8o0QI
38012,9DI8iOP0660lb968I6Oiiid6DQ68IbOO
38013,l666Dd0bIO9O69boPd898b19bPDo1IdO
38014,bb9lOdO0Pbb1qOIb1oQq8lPlI9i6IP8q
38015,oQolO9oOO01ll0I8969i8O1IQliloDqP
38016,li0IboIqq8qddDP0Oi1Q9i8OPoD88IQl
38017,IPDid8ii1iQb19lb6iqOi91O0il018Ql
38018,6oI9d9lO6Q0iDD8dIIO08qIODiqiIqDl
38019,q6iD8idqo69qIPl00IQidoq1o1o1d1b9
38020,P0IoP69l6q08q8DoPD1Q8bqq099Pi1iP
38021,9i6dOd608qb0IlqoDIPb8q1o8q1ddQQd
38022,qo6l9dbb8D0iDQI1odo0Qb9O1ibDdoIb
38023,bilO9D91P1lo81oIDP6qOoqdDdQdoDlP
38024,DPo0bi8Dibli118P6D981oQIPPQI01lo
38025,o1Od8IPqddIP0oIPod81PDodPo1qo88o
38026,1iQIIPdQQOOlP9l90oPdIi60D9OOlqoQ
38027,9iOoPoQ998qD66DoOOOqD9oDQD88P8I0
38028,QiQi666Qd9I6d1899iii80PdQdDlO1i1
38029,9dD6dlq01qd80loD6OOQb60ql6P6068O
38030,ol6IDd019O0qq8dblPQ96ol1oPbI990b
38031,9i0q91lPPiO61b9P891O1i86iOP1I08O
38032,6bid6d9qPQ80DOqiidQQ891o6Od8801l
38033,i91q8l0bbi8qll000ob6qDiQP891iiql
38034,Qq6D900bD60PddqqbdQb96Pd60918100
38035,811o6o1QPP0lPiolI1ObiD99l08o1dQl
38036,qObI8DOldoqob8OQD6Dqdiob0dIb0ll9
38037,D8q1ObblD0i6liQ0OD6OdD0qIo9oPldb
38038,1QqObIQPDOq6bI6iOqDiiI66oDQQidlb
38039,918oPDQDoPlD1OlqlqQI08I6dD9iqoil
38040,o96i9P9iO9o0DdbPb9bbQ66DqDq88Db1
38041,0Ib6qIb0iPOoQqqDIl90dP0PI0o9QlDd
38042,lQ1QDdooiOO9QPo8q91iD1IqI8Po9ODl
38043,oQ1PPlOd8Ilb8I1I6biqO0lQPIoOldP1
38044,1idIoi66ll806D8ddldOQi8bdiDO0Oil
38045,DoQi6oPoD9DlO0898oo0ol0qoo6891Db
38046,06O0ObdQobq86lPDo6P18dQ1QPdilIQO
38047,iQP6PI8oDQi1OPQObDQO1IIP9I8i0I1o
38048,1qdb8P8il9li6DOdPolq9d0d9Q6898oi
38049,lO8O011qIqioPDi9d0oib09DDDPIbqOI
38050,q1qI0QibDDP6oPdl8DlIlPo80DqDd66P
38051,QoODOoqDli0bOoqqDo8ODo1lDI9llblo
38052,668Q8qQdqoIQQiIQOilDqd8lDOOQ8bDQ
38053,QQd9l19POblQdPdd61OD808DQ1qOQ9dl
38054,D68PQib86POo9D6O8Q0qO8bD6bDb1bdl
38055,o1dbD61Qi98O60liQQ91d8O16I86dqDd
38057,iIPq9q8PQDDObo610oQoi0ob96PDi8li
38058,l6oP66ODld89Q99o0lDPP90qdbo11PPQ
38059,Dd98lDdo8Ob698d9qbO9iD0PqO19oQbI
38060,o9Ib8bob6b9qIDq1d09bq8q1I06Odi90
38061,Po09DbIQ9QPoboQi0900lbbOqDoPbIod
38062,Pd1d96Q91oiboqb86DdddD68dbq81Pdo
38063,OoQoQIP06Doq1d88dDQQdlQ8i68Do9DO
38064,6doo1dQ16Ol86oIbQ19PPldI8lIbP0OI
38065,91dD6iqPO066do99169POPbQPbo9o6oq
38067,96Qo1idlD9o8q9qIdiDl18l0O06Qo108
38068,8OPDQ1oQIOPdqqD18oo0lQ8OQOIbbDoP
38069,8OIqIi996QI18Oo0q8iiiO8bbb6dI1l6
38070,ooo6qID66I6191bQib1QQdlPoio6Iodl
38071,oqPii6QDdPOI6lDDQ96DOI8ill61bobd
38072,o068b00O6QD8lo9O1i9PbQlqO6IQOidD
38073,Q96Qo0qbQ81odQoqPOOQ98oDbo6Pb1IO
38074,61oIP0QIlO90d18ObDP1Dii6PoIQoOD8
38075,0Ob1601118Dii9Qdii9lPbioPP6qoi1I
38076,O6q0qIQdII9086d9q6o0D1PO06liQ9iO
38077,1P9bqO00bIQ0q8d1Q80l0Dq8oi6boqb0
38078,8i9llqdbQ6qP611I90lldPq1o1oQl69o
38079,Oi1DI99DO6i6llQ8DDD6oDqOQqiP118d
38080,I1DiOI16Id0qdlqbQ6ObPlilDP1oiI98
38081,qD6P1ldl09Dqq8QP01bbid0b9IdqobPl
38082,QOPioi8P81q9l0QiP6q06b06bdOO8b1O
38083,qdbDo1oP6D9ioODd1dQO0QObObidilbP
38084,8Q8dP1odl1D9lIbiIO86OPPIoq6qPP1l
38085,9QlqQb9qO008DIPbq8DOlP60P110DPi1
38086,bIloQ900Iq01ql6ddP9idIb6iQ11i9D6
38087,18id0bi1Q6lbl0091iP0QoOIq9DDPo9I
38088,60P9IPOdi1OIbD61D8i0D9ODoq6QOIPO
38089,lIlold9IQbDb0d6IdP6600DOQIDb9dOP
38090,oIPb0iPd8OdDD181dQd8OI18OQDl01QO
38091,ddOqqDI91bqqiOoll6I0i16i1P18019q
38092,l6qQi9qlO8diPd18dl6DdqPid01P91iQ
38093,91Qdq6DbPDlQOiOq08di0IQo8IP8PPqQ
38094,DDDiQOd1IQQ6QIIq09PDqdQdDIll6bQI
38095,qbbPQoqqqiPd98d61P0qDd0iDId6OqoQ
38096,qq8qDqqPQdP0loDI6DDO9d6dQ601iOID
38097,P869didbP8Q69IQ0dIqo1ibOb0bb99Q1
38098,6QdIl8odooDQ0oOQ0IObQqo1lO986PP6
38099,I96dOqqqQIi9oiqbqDPbQ8I8PQbqOb1o
38100,Dbd0o8iob1D0990DDIOIIQ6bQqdDQ6ID
38101,QIDd80o0OqobODP00ldQ1D9dl81qQi0d
38102,I90bd6obO890P0d1iiPD0dol8o8QloQD
38103,liq91ddlPQ16iooqDDQ86qlodIO10Qb1
38104,PloPqd6Q19Q990dl16I0Qi06i0l8o168
38105,9dDOQo8bQ6blDdd989l1QIO8liDq9O0q
38107,16IqQ680IioldO69QD61liQod0DQ8boQ
38109,l1bDOIlb6ddI6od0q1llI0I6blq9oP0l
38110,16oDDIlP8bIODQ6Ql0881d9Qqdb19b98
38120,oIII9lI0q6i9Q0b18ldoI6o0PQ0qqD01
38121,D9odQ60DDolq9QI9DDl98DIobdPPIil9
38122,16bl8D8lOddP9Obq0OIlOI6q8Pi1l9O0
38123,Q6b1odD8q99D190oP6ol01DolQPD0OdD
38124,Q86b6I1Qi6Q918l6iOoOQl866oQoIQOi
38126,8Q8OiP8QPbl8bqID1loQq896ldPQd99o
38127,l66Io69ob00OoOiDOI9lIqlidbDoDq89
38128,ibl00b69Oli68l96d6o1P1ob8QPillbO
38129,1Ob1I0do8Iq6QqP6PQIiddD18dqDP9oo
38130,OdlOPPblPlbbldOdqblI06Dd1q00PPo9
38131,9Q081Q0Do0IDDqQi9O61P111QIQd0oQ6
38132,li6dD9b8dboOd9bbqli886lDl08IPQ00
38133,Ib01P6O8OPl8qqQi9QO6dii18ID69I8P
38134,Qbbqd9O98bl0DobQ9l6blO8iOPP8QdDd
38135,I61ioI01IOPDPbP1OO0l98PD0iDbid0D
38136,d810q0I8q6d0l1POlIO6d66bOPb96dql
38137,l08bl1dddob81IP1IbQqbDbiPo9l069l
38138,90qP0000qoO8o8dIidlO611ilO11Oo9Q
38139,bPb96lbDP9OdI0Oi1189iOPPdllPIDQb
38140,I6qdO8Di181P6Q9Ooq0d8d0DOdq1dOOQ
38141,9Di9ODOOl8PDQiO1O6o8lD16QlI609ob
38142,Q9Q088PPd0bPi9QQ8iil1lQqPdiQP69D
38143,iP8ll9I0dd8d689PPqlI9008d06io09q
38144,lO91bIQ0Q990PqPbPIq88b9I9PI6ID0Q
38145,POq8OPlOO9199i11Od0P00801Qo01DQo
38146,9QIo1lbD1ldlqPO0iD68io69Pd8b01Do
38147,bl90QbiqoOlDI6iQQQdo0Iol6PIdQblP
38148,Dq8b8DPD06Q8qob8OOiQIlOdD8QQD0q9
38149,PO9Pl1q896bDDl89qQb98D80DQoPio1I
38150,d18bbq1l699OP9Di6q8oqD9oPb1o1P6I
38151,ddq1DldlQ990iidO6O99q61bI1966Q0I
38152,80PdqQ0iiOQb9i91lIliodiO9PI8O609
38153,9O8bq8b1Pi6Dl08OiPq10OddOdol1qOi
38154,1iDPo19Pb9ooi8OqiidbqPb06DDdqiqo
38155,99OQb9b0IQ98P6IQdPOiqi8q16o16iqP
38156,ld6P1lbb0bPO9doqbbPOoPb8qoDo8id0
38157,QlQ9Qb00bI0ob9oDIiPqO1QdQ0o6O0O6
38158,D11ldIqD8dQIi9oQQIIo86QOI8D9olP8
38160,I6Dd0QIi086il1918dQI6dq0l1d9ibD0
38161,8bqd0Oibbo8q81QdODqdl1OOi1l99O88
38167,ibdIdIO60b880i8oPOdQD9qIqldOdDl8
38168,P8DoiO0QO6Qb8iiP9D1IQ080lQQPD6ll
38169,i9il1DIDl91Db0OdllOddIqO600Pl89q
38170,0d8Q9I86lo8oDlQiPd81ll66ob0qli89
38171,Po1D6bo0dQbdl91bPOl86lo8DbP9biiO
38172,0i68q1iQblI1Pb8QqoQ90i6ddPiqdq8b
38173,6DQoDoliDO6P96P8D1POoOd8q9QbOibQ
38174,IbDoODD9qb66Iqd6DbOQiOoDll1DqiO9
38175,P66d8iQQIIQO96qoDdIqi9l19i69D9Dq
38176,qOD6OPbP6b0l0ODOiObiQbl1DbPqOi9I
38177,dOb880lOloIIod00PQ1iQOQqlOOQ0Ql0
38180,dqOoPll1qlDdo6Pd6O0DPPO6l16OIdD1
38182,qIqbqPblQIIObd9166bbDiioOIiIq991
38183,ioDOIO9iP8qqPiP9io9Ib1I91OoQ0q0O
38184,811qq00Il1Q681068l8dQbPO60l0oD1l
38185,I1qd16dPdqPi96ql0lP10OQDbo11D89P
38186,DOQbd61o6P0oq968Po0oqP01qPQ8lPdq
38187,bd8oD0iqDQ8Qobd1oIqi8981QbD6I6Iq
38188,1OQd9o01Oq6Q018POOdlqodQ6bqDPOob
38189,Oq900IIl1Ob8qoIPqDP0PD6blbqIqlP1
38190,QbD9QQP9bqoD00bQQl8obibP9PloQ9Qo
38191,dlqPb1iqPo81qI89816QIoi01b1b0P06
38192,0Pq6o89llQl10dl8O0DdP6lIO0ib6Doq
38193,Qb6PqOQO8Qd8i91D018olPiD01PbQ061
38194,D0Qb898oqblPoP68PPq1o9i9dI9o0D9i
38195,dDlDPddq08iD8IOb9I1PbODP9696966D
38196,oPP1Pdl6Qdlb8oq10PP1doDibdbbl9bl
38197,bdQ6IobP6II86I1io686Il9qQ69dOod1
38198,891b0OdIdO8b9obi69b6PQlPIqDI01dO
38199,D1I09111OiQPiDi9doqP9b1PlO1PqII8
38200,ld8lOqloqD6lOl880ldDo819bDb9q1Qi
38201,99q8i8bPldDbio919ob0DPi0bqdIoobi
38202,dqb09QD6o0O8PooiqbqQOdqQ1l80o691
38203,Id8IPlqQodD01dPiq8oPPQoPQq6booi0
38204,oOI18qilo91qPQl9Q0l9iliO96Pi6DIi
38205,i916bDibPI9l869o9IIQb8DbO9bPDi6q
38206,ll6iQl0PoiDob8Oi6dlOQ069061doqbq
38207,id0QqdbI8oloO9l08IqI9q1D0819OQID
38208,odliP8d18DQi0b8lPbPI1PdoQ0PDd0IP
38209,qdQoQli1d8DP0Obb919I6P1Odilib1Dd
38211,lldPQPDP0qq8iqQ910l8b8PoQ6O668Q0
38212,08PiiDq6b1oQ8OIIbDql0bDbIID0b1iP
38213,qi9qP1dPd6PPDlldbb8OIlD08Pbd9006
38214,8dbiodDo1i6IolDQdqdOoqDDD90q6liQ
38215,6oolbQ0QiO90Dd0DQbb1D86d8q88id86
38216,19q96Q8l1oqbD0OQq6biDbO6O1oqqb6O
38217,b16OP1o9qb6bQd66qOl98iq0boiQP919
38218,1Dl19idl0i0qiqidbDIIbQddiP6o11PP
38219,9DoD10OPQ999IlP0doo69olbOQ680q09
38220,DIiQbd09D0PoIiPl9iP1q8qldOOqol8i
38221,Pq1O0qIiQII9PP1Qi6dbi9Pdo88dO8Dq
38222,QD8D6IQ1QoOPIPIIbI10QDOdd96OPIQi
38223,P6id8qqolbP0oqO060OOqbl60DI9iQoQ
38230,D0Q0oIDDqoQd0IQddi1IiD16dO16O88o
38231,PdPdbdQ1lDI18O90Q0li8QI0bo99bidd
38232,80OqPo1D6lD616lIDI1IPq0oPllld6b1
38233,6iO8d9ld00I6lDIO6qbOldP99oqloqb9
38234,PPQb966D6Ql6Q8iPo68810PdDiI6D0bl
38235,0DODq0P9Qi6i6q8QPoPPOiOi6ib0188b
38236,OPdooDlO9iO09lI1ODP00660loDiiodi
38237,1DPD60Q8D1qD8i80P160bqDQ81DObDlP
38238,Dqb08DI0Ii8ilD0lioi9o9D1dodl6dO0
38240,D0iDbio81PIbI8dD6QOIP9IidDOP0PDP
38241,l1ODQ1bO9POQ6d8O0Iobbio11qb6O6bd
38242,0IIO08bII0QQDOdobqbl8Ib8Q8O8q1li
38243,bP10qq9dPDDqIl16lPIDDd8b00dIIP08
38245,qoidddb08iIoDOo9DQoO0loPl8lPQ81o
38246,1Q809666i9oblO8qO688OiD6OIbiP0Oq
38247,ObbOibP0ll9I00di6i9oO1qlIQbdD0ql
38248,l1lO999PqIboPQOD86PDQo1ol1iIiiOi
38249,P160qOD09PQoOPI6iIOO69qDoqQl1qDQ
38250,Pq0Qq0OQqlPDQOld8bddlIDPD89o8bO8
38251,ddIiQ90DblbOQQIQPIbQOdb9DdPoOQ9Q
38258,ObIOQ6id8DOdlQlil8819ObqoDQIIoiO
38259,8qd0DIiiQ6dPl1b6b0OqDob6i0d1dQP1
38260,d9llb88lDI1q0QI10P01lqIqlI6QO0Dl
38261,Ol8PPooqO8iOqQ6900o0q0QI9dPo0O0b
38263,1qPOO8o9089lI1qQIDIDi0lidob9i6lq
38264,O9qDQOQO8dDDIiO9dPP0Pb8qQo9l89D9
38265,QI06q9lPIoo80DlI18Ooi6dbPl89bqi0
38266,D9ooldO1009Pq1dP6P88lD80P0Oi060P
38267,b80qOO6l8060990qQPod1bOd8Q9d69qo
38268,Q0o8olIPb1iOo0loPPQI0PddI0qlb1Db
38269,Db6odqIqQ90PIDIlD1DIb8l09ol6qIDl
38270,Pqb60bq60o9QO0obI1Od9liQo9iIiOD0
38271,6ObP9i0qi1ibbi9DOd6bOOOd6Q9dlPi6
38272,IO0IbQPOP6q8OddoiO99qq9I81l90D1i
38274,69b01qbo8Qdi6liOPq091bqo01i16oQ9
38275,bdbQoi98Dlb18DiPDPdD801DoOD8619O
38276,09oIbO1bi8O8Q1o01q610ID0qPOqoQQP
38277,I9Ob6PlIiOQl6iQ6qO6QO0iQ1ld9DDO0
38278,DdIo9DQ0ddDld99DQdiiqbPP06OI91I0
38279,OO1oqdIPP80QdoP11QP61OdDb0lI1qIq
38282,6d8DiDl0i1oldbbo0o60PQ0q96d608Dq
38283,D686d06lO9IID8D0boPq0Pd8P89idO99
38284,l61ldlPo1DQ081860O86D0Qo0qdOd0qP
38286,OdQqDiIDbD6ioi60ob6lDOlD8oio9l0b
38287,OdldObODIdilOP0QqI0b1oO1diqdq61b
38288,b1do8OI6qDDlQO0PI16868ql6bdbI886
38289,blld8o09oQo80PIIoIdbP9688DIqlbdb
38290,6DQ9D9oi66I8ODi8o0dPdOD1ibbIqIdI
38291,D6o8lIiDQ80oi6iIbiP9DlOPIl0Q8d69
38292,d9QO9odlI18i96I6DQPld1iiol8ODl0o
38293,lqI8DD9Plq6IO8P8P6Pl8Di98DlI9oP8
38294,0lIIil06b8q819P9lDil09o6qlqo9I1i
38295,06DO8bb0O891IQ9QP01diqOOl0D80QbO
38296,96d9qiDD8l09DQq6O1DO6O6I1IdP8q0D
38297,obd0PDIDq8qqd9q9qdbDdqD98bd61I8D
38298,8q68D8iP6lIdiP8bo9PoOib8lb9loIob
38299,I0qiD6Ob86D1oQOib81lID6Dll8iOOOP
38300,9IdoP1ld9098PI90QQ6bP0Idl1ibo80D
38301,olDoq69qD008Q9bb8d9OOlPO160Qd0dq
38302,l81l981iPod0PDIIObIldoQb6Ol9o1Iq
38303,lq9iPP06O8qiP1iooiboPO910b86di19
38304,d8oDqIQOoD6DQoQbOIP9I6DPPOl89lo6
38305,Q8bIDb60oPo890oi0l0O9PQd9lOb8o1Q
38306,1qPIiqqQo0P9dD90I11q90b0ooIidbPO
38307,Pi81dQi00lo9i1Pib91lQ01i0biIbPIP
38308,bbiPqbo0lQq9P19i06q690blI91dbbq6
38309,0dOOOolo0P6180OQDo16DdO6o6D8O8lQ
38310,dIdDQD1Q8oPQ90Q1DPbiQI661qD9oi6I
38311,0bq9qI9PoPIlQl89bDO60o9q8I1iIP66
38312,bIlqP91O9ld1lqlq6qoq9OiPdqIDPP0l
38313,qqDOddP66Ol1q1IIOb1OPO68DP1ood1i
38314,P1boP1O60bdI16i6lqqd1Q8ioiPbolqd
38315,D08lqQOPdOO6D6ll690Qd6PdbO111011
38316,D6ll81qoDDPIq0d89O69dIQIldQdQoId
38317,lbD8DodiOiP8D61lidIi88DIiPqi8o6P
38318,Di8lP6PobQ6l8do0llO9IIqQ6iqqiqDo
38319,q8i11qPbo9iq8lQb9d08di81Q88q8P9o
38320,1900DdoIl00b88q6Qq9ob9D6lQ8IQiPb
38321,ODdoiODodb0ddIP06IqDQdl100q0dIP6
38322,Dlq6qdP1bOPDObbbQQ6b8iPbd1ODq69P
38324,d6OoI6oOd1l99DIoodI9lIDI0bidDP00
38325,8oP1ibbO9qdP19d9lQoi1q16P69b1II9
38326,ID00liOPPd6PiDb09608dQbOIDlQ68qo
38331,i0P1O6lbP1oDd6q6b08iPPoq6iPdI818
38332,IlbI1QQOPI0o0IdoPI6QPldqQob16DOq
38333,bIio1d6QOPlqlDOqoIQoPIbIbb0iQIil
38334,DodQ1I1DiPIqDQP0PqO6PIQ1iPQd6O8d
38335,bqi9QiQ0lbi8id6lOi88iIi9lo6Pdd90
38336,0088dOQPiD0Qb0Dl8ol09D98IOllI1id
38337,ll0O8PlqQd0iOO8ib61lO6iDiliQdiPP
38338,9PoQqIP0D6lPIq9obl1db9IqD0D09i80
38339,O8oPP6D8OQq1Q6Q860dqlOi6609bO1lD
38340,891iilD9Pq1lPQd6diqiP0dd611dOPPl
38341,6Obi001oi9Qd1966dOd6d6Qo66dbbill
38342,dIbPlPdo09i8oOlOQ1OOq166Q8iP8Oqi
38343,QbdQold98oq9lODoIloIbPiIqld6i0Qb
38344,I9P1dbOqD1qIP8bd9O80Ooo869bldobD
38345,DDPPI6IIi0i9looibDbiODoOPOl6ID8i
38346,POdll6oPi1dd68q19q8ID6iQ6d08bl99
38347,dq6b0b6OD9DbDPQOO608oDo8Q80ODIqO
38348,qlPqO10q6PliDQDbd01IP0b6iqO0bDb6
38349,I606oqOODOdQoP0IQOdP6b0DPdb86ddO
38350,ODd6QDIIdi6ild0O8lqIdl0oiQ98669l
38351,llo89P08I1PlID9DO8lqdbbq69O8Qiib
38352,QD9Ib18D9lIO10O19d16PbPb68q1190d
38353,Q8bIddo10ilqbd6I8QOq1bod1OO8dqlO
38354,IDP9ldQoD8bdQ6d9Q0oI6QlI9b6Db9Oo
38355,loii6b8OODDOl9q0OD88Ibb9I0qO0PPo
38356,8i61Oi09bOIP0lOldI668b8IPbIq8l0Q
38357,oQ868oOio6O90i9qO1o8I96P1do11ID0
38358,dqQbQ9oPlIi6bDdi18d9qPlDb0PiDddi
38359,6OiD0q6O8qi6oDbQ18Ilo8do8biDD1ll
38360,I9Oood9l9li0D08Q6d6DQPiIQiloidO6
38361,dQbolPiDiiObioli96DlOo9OlP9DoDIi
38362,oloPOQPQ8Q8IQQoiO9bqdDOo8o6OQ6qI
38363,d10d86DQqqd6QDlQlOI1bQi9do66l8Od
38364,qPDO188oQ0i1b8b1b9OPoO0I10lPbQbi
38365,PibQ18qDb06Doq99boODIDQODqiDQIbP
38366,QiboqIool99ol9Q0d08b68OIIiD89qqO
38367,D6IIDqlO8idioiPo8l61Ob11D6Di0DiQ
38368,8DO0DbDioIid8qDQiQdOdOPOo0PO0906
38369,Od08diDbdbl1Pi90QdO0ibqq8D111q9b
38370,6d10P0Pd1PiD1l6DPQdoPD1Q8DP0QlqQ
38371,PoP6o0Db8odIO9oOqddodd8IlPl1iDli
38372,PllDll9di16l8ild6b688l6OP6olQid8
38373,Dooii0960OioP6Q1l0qi68Q8Dbd9OO91
38374,8Qd118IPdqld06Qd1q10iQd06bDdbdQI
38375,9IlP00lPi6oOQQqOl1DoI0o10bi1iid1
38376,8IODdDQI6P8o0QobDPOldbQ06169b01o
38377,Qb8P9PODDo68lPqQ0o6d80bIqDOiPD9Q
38378,i6bl89d6OOi1O00qlQOIl8b8Qld6IiQP
38379,qD1I6qqll88q9dq9PoloD68lqddIDo6O
38380,IObPQb9QlP0iIiboObPoPqIqDo0O11Qi
38381,9o6bIq98Qo8dOd11DI0d8boblOqO0I1i
38382,bi9OolI1P9oI8dDPlbQiq01Dl080PQ61
38383,16b91IPI881lPIo8Qq9Pl1IPiD8Ddodl
38384,DQ1dqP1IoiD11QOPiI0Q8PqO0Qddo6q6
38385,q8iPi1DP6Do6D110OQiQDdPq06q80Qb0
38386,Qi1Q6I80b09Oq91OPldbO19080q0dd0b
38388,iIIDo60oO0lOdiQ9ibIPD0106I69098b
38389,Q9QlQI6Dd09P6i1bP9d8q0IQlPoqiQ81
38390,91ioD99OdDD9db8qilod818OPqb88idQ
38391,OIOdod8llPlO0lOlb6P8iIQ90qQqoDiP
38392,Q99q619i0lDqll6Q0lq8l1oQ0qPO8o6I
38393,I189iqQI6iPDdIDbo81b1iD6lIQiI0Po
38394,O11olQOQIOOqdo1IbPP8iDDqIP0b1Dl6
38395,o9P816l0QQ1b9l1l6i1o6OD9bl9dP00l
38396,I6DdI9O1Oo8O9lo1D08ldOllo0o166I8
38397,l9QibD8IoooD9DIl1O8Q0lo89I9qdido
38398,DdQ1lQ1Qb1P1oPl1QOd0Q0O9qqidiI9q
38401,Q88dlIQDd9lbiiiio0dddO6QP6O091lI
38402,b80oDO98iPDO1100IbOo8160bPdd898I
38403,D1QDql1OQDl1dblId0P81Q999dO9POoP
38404,i6P0dI11PdoIIQ19D6PQPidqd0bI6lqi
38405,Q8b91l6od9bq6IPqlddiP0bb0l1iqD8I
38406,bll06Di6q1QOlddDlPDPiQDDI09bOOoP
38407,8iiqQ9o1P089901DPIq8PDPOl6oDOl1P
38408,i9PQoDbQI0qqd6I00d19bQo6q9PoOIbO
38409,i8iPdIlP1IIDib96Qq080ibq6bblQqQD
38410,P06O6iQbiPPqiIqOd0IQdqolbPbDId6Q
38411,qQd06O6d19ODl0QP8l6Q8lPlloo69ddP
38413,QiPiIb8I99loq8loIq91iP6l1OOoq8oq
38415,ilbQ0lq89DId9oDl89lbb8lQIPl6i0QO
38420,6ID160b99ibbd9OoblD0DPOl98lPbq6D
38421,PPb6l1di1Pi0o8O08odqIDlbPll61QbQ
38422,o8996Q8lQ08dQbOoqP0id80bi18lql9b
38423,Q0dQDqillPqIId0Q81q01ooObQIlO1QI
38424,Dl91ldlb8PODoO96OI801DP0PPl8Plqi
38425,ddqO1b1ldlQd6OOoQ1boPdoboDQqd9D8
38426,8dqQDblP6dPI10qq10qiPbqi1llQ06iP
38428,ODli9liO1loIiqb9qIol6o1PO91DP8QQ
38429,I1I0qd19DqIoI0qdqd6oPO68O8DDi6OI
38430,lb01Qb1iOOIIobPO06Oob9ODilIDOQ6Q
38431,dI1Ii100bQ6006l89diod0d116diOl8D
38432,dQODIo01o98oPll086Qdol8bq9QP8d61
38433,19old9dq1q9DilPQDol88d19dI96blb6
38434,1qPbqd11l6b8ibq1ODQ6di90PIo0D618
38435,Odb0b0ld6P80b8b6QD0IIO866iq8OQ0b
38436,boqo0IoO8DodOl99Q8P8qOi8PqDq11b1
38437,ooiqoi6Q0dil6b10QOq8DiOIiq9iQb10
38438,lilO9P0i1dlOl1PI6dQbiob1iP0dliOQ
38439,IPid909iDid06d68IDo816OqbdQq8O0O
38440,o1d0DDobPPPlq0l8Qli1d6ODI8ldo1qb
38441,IQqi9Q9qD0DDQIqQOb868QIOioqDqI01
38442,l0OPoQ1O8q8DPDo0Iol6qD6DiIqdD9P9
38443,I0DDidl0PIo6bO6o8I08Q1Pq89IdP6Pb
38444,bI0oqdIDPPi8dDqlOO1Ii8qDQb1lq88o
38445,iOl86b6I00IP9Q9I881oq9qOIDPqqDoO
38446,989od088q99DPIIq6IQidI1IQ1qQOlb6
38447,Oq8ID68oq16I9QP9bio0ibD6PQiDbqqI
38448,9ldQqb9oqi60Q80iob61OiQbbDO6PID9
38449,b0dIdlPD6IDQ000l6lIoO9oD1IQiqQ6I
38450,i0Q0o98q0DqbbiDd6966QIIoddlob6lI
38451,99llllDoOQqlo68o089PPlO1oiq06d1D
38452,lb969IOOoI06P18PPq81o1lPD1b1OqqI
38453,qi0lbbDIo8Qlo9IiD8oqqo69DIPQ1IIO
38454,DqioIqbiolQ0lQlo19idi96Obi6DDl9D
38455,0DDIQOo6Pl9961I8OiOb1i0OODDPlldl
38456,691bdoD0DIP6di9D6QoPiDbD19Ol0lqi
38457,0iII09bDqIbOQDDoo8lO8DOOQdiP1Iob
38458,IOb6Qdi861O00I8q969bDdd60I6I89oI
38459,8o08l8DPiO01dlo1OI8DqQDq9lQ1bPq1
38460,9qO16DoQPDODQI6IPD0lPD10b88Qqi1i
38461,1q6Qoi0lldP6qoQI9PI199d6P0Q96ld0
38462,OO1O10bDI6OP0O1OlOlI6qQDiPIdidbO
38463,boDqoIDqDlP1io6bQ0O10diDbbqOD96I
38464,8O9o9OPPdd1Db6996P99bq9oQI66P88o
38465,oDiqd818i0IPPoIOddbb8DQiQqqqo098
38466,IdlqO9DoOq0qPQdDbOb80dOPDlb98l0l
38467,10IOllioqPoOQ668PQqolDPiib0iIQql
38468,1PQiP6D6IqP016dqb8qPq86Q1o8bQq6q
38481,9IQoPbOidod8I0qQ989Ql60D09I99q1Q
38485,19Q9lQId91d9l8o09oI81OQqPd00dQ69
38486,oQ91qO6Dii66bO69I9ooIQD101Dl68Qi
38487,6l1l8D006lD8OoOi91QI0b10d19Did1O
38488,66b1Pibq019dqbdPOdlqDbdbbDdi9Q08
38489,iq9qPoPlIlbIDqlD81DqO1110QI1qoOl
38490,dbod1o098DoibO0PoiPIiQ11Pdlqdoo9
38491,o8IDq8P8lP9o8IIO6lPPqqQP91bo0ddl
38492,iOql19lQibIoo1bObo0Q1DqQ9qOqI0oq
38493,1IQ16dPQPQ0Q1qdidld6lO1o86q98o69
38494,OqQ68Ooiqi80891QIPoioib11qdl0l9b
38495,q8o866OdqqDPOQdO88D1DOdbqQo1q8Q1
38496,6DPiPD9qDboDlP8qq61Q89qPP0dIO0OI
38497,IQ9ddqDqq908QqQl196DQODQD9Q6oOiQ
38501,q96q9D9oIIOQl8QQ60ii19P0Dbq8Q609
38502,OPbd0ldd89Ddll690qiObDld9oDdPdOi
38506,8I090lbOOOP90O01bDbi0Qo0OPldIdP6
38507,lO08lblo68qbdPq0dIlIqqdiiOq900Pb
38508,qoD0olPq6qbOi6bbPllOib0q1i16iI1O
38509,ob0P66Q8dqbI81qi6OQDPP6086iPoO1P
38510,8ooI09QP161IqI00IdPOD1QdDd8oDod9
38511,DqoQD9iDodq9Iq108l119OQ1olOPi6D1
38512,1lqii0IibdbPD19P6DiIl0Id9do6qqd1
38513,6ibO1P1I1ooDdd9l1oDOqDDdOlO9o6io
38514,boO8d11P8o6l89i81i1i1IdPlP109QoQ
38515,PDoiQoi9q08PQ96Pl6oD9IIi6iq0Q6D6
38516,9oIO98IPOiq1idiIIbOOqdDQIOdQPPd6
38517,I0091lboOD1Dii10dQ0qbDqil69PQ0io
38518,6OIoOPDb9iI8i1Do9qQ96Q0ddOdd6q9i
38519,dQdo08Qb6bOPIl8686DPDd60I1oqidIP
38520,ddqQ801q1lIdIooDiq66qPil1oD0611I
38521,PddldblI909IqI8PPiQIo9lIIiQdDo1l
38522,ibOId89QQPI6dli9I6PO09Qo86686O6i
38523,IidO8qlodqdoioodqqb9Dqiq991Ilo10
38524,9b60DI1OQddDI6D9D1qPoDPODD19Db8d
38525,qIIDP8iPlII9qlOQIIol0i81b0d68qo8
38526,OoQiq8OiPbIPI80OqOlliP661bOIDd9o
38527,I86OI9lQ1qQ66dPDlddo8PoPo01PO66i
38528,b1QllqO8oQdqo086QdIlIblDDbPodDoP
38529,o89biodIl0Oo1bQqll86QDi0oQQd61Db
38530,iQ9qQ8Iob108iPD9D0bdoIol0d81IOdo
38531,PIl8P90Pll19Pido608olD61QIqq0b9d
38532,PoiPd1OP1q9I9IP00PDlI1Q09QQ9b16o
38533,lOOo9bPb09dIOb6Po19bqqbqOlb8Dq0i
38534,iq6b9lP6qQQIOIPQDdPD8ld1o9891Pq9
38535,i6bIQ6D0P09olqbOiP8I919006DdII1P
38536,O6q9qPQ1q69ddPl6DPO0bQO6989QO1ii
38537,iQi8Oool866oDQ6i660o88b86689QiOb
38538,bqoboI0o8lIObPPdqq8lDDdI8b1QPDb1
38539,1IIiOQiliQ8b1dbo9D6D9PlODqIPOOb8
38540,O9Odqd8qiQiOqQdOOq01D8OQlOiO1iPD
38541,6b6QIoDPoQ010o8Di1q6Q8DdiQll0Di1
38542,Do06Q18olQo0bloll9919olDQ8lDoqbd
38543,Io196q006I86IllQPOb098qd1DQd60Oq
38544,06lOillb6id0Dib9o1b06iPblqPl61PI
38545,IDqoidbllIb0bQQb8dQ1QqP91Q8li9P0
38546,dPI9loII89Q6P6iD6Ioo1iiI880DI1Dd
38547,bd8OODli0POo9bOq6i0oIPdIlbDlI910
38548,9dI8ilPi9bd9blI6Q8D6IPb1lblqDl1Q
38550,99I10l8o6DPI886l9818ID16OlqI8oId
38551,dqP6loDiD0l6b0I6i0iO90i6D0O68qO1
38552,O8lq1l6qIi6I9l69IOPdoI6lbiodQOP6
38553,IqibilD8QI9idP60P8o9ob0lqblQD89P
38554,IlP88I0bbl91iOD6OQ6o6PPb9o6dlDb8
38555,iiIblq9IDiOill8qdI68OOIPq6OPdiDo
38556,oilPP86l0PPq6Db0qqibQlqDiIOD0l1O
38557,88Qq96qbdd69bqI089600l9bDDdiQI0l
38558,iIDOlq6QoQPiqoii0iiDOiI9ODiQOIDb
38559,q8QPqbiQ00i6odq81P0D960I108bIiQb
38560,l106dqq891bI19iPoIo9OO688l8oOQQ6
38561,Pb0D8b8b8PoDIO9Q9DbiQiI8qi0D89D8
38562,IPdQ8qIqPiIdqQloI1dQQ688O0qlOQQo
38563,6dQ0P6odPlD6dQdbP8dIiQQdQ66qllI6
38564,O8Qb086QQIQ109d1lqilOQ9QD8lPIqdd
38565,oP8iIdilQ0QiDllqDbDIOl0iQPd9PQ9I
38569,biO8o0DdD9lqdI9I8QI9q8oQoO8oI8q6
38570,DdbI8dPqPI8ll69q6QidI6lldDQod8b9
38571,q8q0D8QoP89IqooiiD0q66QPI1b8lDi0
38572,QldQ19DlqDbq1l091q0l1Q1qD6ldQ6qi
38573,Pd8bD1od1iOOl80oOiiiIb9QdqIQQllQ
38574,QO69qib8Q61lqbO8QI0dODo8D1b6Iqlq
38575,61Db8oi9d9bOIlloq8dqI8O000ilDb08
38576,1liPbq0890qqI0D8qDP9diOOPlDdi0Oi
38577,6l99bqIQOQl0QQDIoiQ6PQPOoDPlD0O9
38578,6oIO00P8bdqqbP9qlqIqDP1Q1d9PD0qi
38579,OiQI998qPiooq60099bPdO886q9bd011
38580,9bqO1dPbO1b89q9dO1iOP1ibiPdP01q9
38581,8ql0DIiI0D9D1OP0qb8olo9bIQdP0ddq
38582,0q90DbbI1O90D91I8ddDdDlP9IdoQ0oo
38583,diq9D0qbI00iOOb69q6Q1Q90PQOlo6dl
38584,1088IDQiIDl6I888OQi60l66DP6D0qOl
38585,111O66bbPIQb09PlIoolIOD666QqqIdP
38586,Od6bOOb69PqbqPdb6lO1QI66DOqo0POO
38587,DID6l8bbD0D6661lPiP6QIQ1dPbb010d
38589,qb9Od0IQI16b6D9PP0O6ilqoq0dDQO66
38590,8o10d9O89d6DQOiDlbb160Id8IIO6b01
38591,dlq91b19ld10IdIqQ9q99O8QDOOi18dq
38592,b0o6bl18Q1bqI9o9oqQ9POoP8DiDDibP
38593,688O16o80Iib0DPI8oQOIOdbIdQq0P1Q
38594,919bPoOo9QO6dODOI6d0loO6qo6OqDlI
38595,8d9Q0olQ980lQdPIdqbIiD8o1l1dQPI0
38596,68iObo1dP91oqDQ18iiiPQDDb8O6ddq6
38597,DdIQdo1D01PblPQd06696dPq610o1lIl
38598,1IdqDqDdd08dboO911P6OQ8lobb16PDd
38599,OQO1Di8IQIQqP1d81d1ID9QD110b0888
38600,ooil0dl9OobDPblIPlqoi1P9lll6DD89
38602,O6P1dIO0IDO6o8ib6i8oP86Qb9D08idd
38603,Id1D9D68OOqqqdDiOoDd6Q6oo10P6oqI
38604,8IDiil0bDd00P1l1iQiq9DP6bO0b8dQb
38605,9lo10Dl06QIblQqOOid1qi0bd10I9lQ9
38606,6qPlI8DQPoDIo6D819boPioIPPDIPblq
38607,bOQ0dIIIilDD9Do6qIDdlObQdo01DD80
38608,Odd6dI6o98O68I98l6q8PqODIooQO9ol
38609,iQDQD8889Q8O018Oi60I69D6qD6odDI0
38610,8q96ObOdqPq8blPob9QdDq9b1iQoIQOI
38611,69diddO9DOI9IPd9b66l0o0DDlPb8oqP
38612,08O1i8ib1lDPbdOoPlD069PoOI1860qi
38613,Oqo009llDdDIODldDOI6OIolqlI9PI0d
38614,db8Ddd060IQ9lPlOlqO0PoPi0Qdb88o6
38615,IiiqDblQ8Oqlbo8OOiqI6IqO6P8I8I1d
38616,Q8P19lIP698I9Q8oolP98Qb6DIqQ10ql
38617,09PIO19oPoo09q0ioli6oO1di89o8Ilb
38618,Q86bq1iQDIqDllbdD6ldIO089q8Q1689
38619,8069d8dPiqloqD8i8od1o1Pq1Q6Q8i9D
38620,ob6IPbiqD969Q66808obd908DI81bqPi
38621,0dD8bq9QiD1DO0Io118idQoiP6PP900d
38622,q6o1id8doDb988l1o01P8dllQ0d6IP9P
38623,QlQ10I6o1l88loioo6DIObi0P09PPdiD
38624,odPq866q0QPOP9QOQ9QQIlIO60Oid16o
38625,I6oq8ODq6DOOiqod1iI1109DO1II9iiO
38626,qqdlo1QOQo6QIi8PqOi8iIOO0il1IblQ
38627,Qid6OQOIibbOiDo808oq9oQO668bDodP
38628,Q88iD188IiqQbIoP9Oq818bPbOP1d1bQ
38629,q0I018lPqbdi66qiiiQlqIb9O19O9061
38630,IdPl6QoiqIl86iQ1QdIoDQdqlq98OIib
38631,Dld100o9l88o6qqId6O96IbiIQiOdbQD
38632,8Oq81q8q1Q9D0l0PO0bQQ00l9P19didi
38633,1Dd0b8lIQOd011qqOPiq1QDbDqod9Od8
38634,Q9PP10bOQdIPD1iI99llI9QID9b09q0o
38635,1II6199qOd1bo0P0D19Q9qd06ll1QOl9
38636,lliDD9qPqiIDI8P9bb18IO60l9D061Io
38637,lob09DPQD0Dl6Q09dbq8biIb6QqDql8i
38638,dQQ6dQb1dQDd8bPqIPI0blb11ioq1QQo
38639,99ll6bPDDPqQ8boPIQbdQ6bPo8bl69O9
38640,qiqP8qb8Qlld0Oqbll00o0bqlq9PoO09
38641,DQqO696iPldD6olDOOdP09l08ll989l8
38642,PDbDl9dQQQiold81d9DQ6QQobQqb1OO8
38643,D6iI9O90il0OoIqP1Q86OIQdDQQilII8
38644,OQ6o9D6ldd0iqoqoQQ0QbIi01DI9dO6b
38645,88lIDIi1Pi0IObl8D9oblqQ9PPdI1DqI
38646,D8P1qO8bqQIP9bOOP1dPOP660OdIllbD
38647,q8llPoIloObO6QIPlQOl9P06dDQlPlQi
38648,loQ0Ibqqo8OO11oI9i9D6o0DDI0PDiOO
38649,diPbi6I8O1lQ1b9lO0q8IoqDqbD9P6dP
38650,I8qDQbQoiPPi9D1bdQ6iOlqb0Il9DlI0
38651,6QQ1OdO99Ob001OQ90iP86o0I8OoQbib
38652,9oll10Dq1qdbPQl68OQ8dOd9q86999i1
38653,Di0ODIlddo8d90oo09qqd98QObQP1llI
38654,qdbO199oIDIbQ61iDQIPObOPQOIDP68i
38655,1dldQ1il1O89O8Ol0Ib0Dq8Pl8ol111I
38656,IqiOOoDoo061DlbqPPQdPlP1qloP6096
38657,P18io0P06q09qiId0lP6OO901li96bbl
38658,dIiD86llO8biiDollQ1ioIoQl6iQ8dbQ
38659,I18Iolqio01IlPi9QIqPQ8Q9O6iOod0O
38660,l08OoDq6P9DIQo1Po0Pdd80qoq6QID9o
38661,DoOoDio1q81OQdoOO0b6bPQPOoq6I0Qi
38662,iQi1DOQoqI6Q08I89PQD8iIQloPd190I
38663,6qdbqO66oOo1Q0d6I10IIIbQI9D1dDP6
38664,1d6oI0ol8oO8O1qq16O96d1D19doD0bl
38665,1iPqdbQiqoi9l8D6Q106i01DbOO8191b
38666,bbID6DO6PiIOQ1oDl1oiOd1bI9bQPi69
38667,1bo1qQDPidPPOlD16Ii9PoQOlQ996qb8
38668,lDdID1ili0D0i10bdiO06Q8OqDIdo91l
38669,QoD9DQ8QQ11ib0Idob9dbIQqbq0Q8Q6i
38670,1lIi8O100iq1Plolql1biO1QIOOillOQ
38671,D6ql9DIOPi9Id8iiOOi1olOPdO9dl1qQ
38672,lO990qi9qq9II1boI10ObdbbolQ1Ii0i
38673,16l6O00OPl9Ilqob1i8PlllDP1b6898Q
38674,0QlIdbiPq11Q0IPoQDI60Dq8Ib66o988
38675,IDIQilDID9lO6lO86dq6ldoDlqiii1o1
38676,1QbddbDiOiii8O90Dq68dqO91oQq0oqi
38677,odb1D9l8QoDbii0861iP0qo9i1qibqdP
38678,8i0QblodqDQ196b0Oi81I0811QI99Q8b
38679,odlOiO6di119680QOoOo8dO8IO0DliI9
38680,1PQDi1P0dd6bIi9bQ0P0IQId808bPi1Q
38681,Ib08idDooQbP00Q1Io0QlObloibb1b8Q
38682,86106098616o998i9d1PD6Pl0bD19dlD
38683,9oP18iDQ9P96bdooq0boQDPQqiiIqOql
38684,d88qo6I08PI8lDiiPoo0o8lPdqQDiq01
38685,iiDdl6b6Pb81oIPbd1DPPQOI1iq0D6ol
38686,90DO081odOdPDblDOqQi1O68Iq988obq
38687,dD6DOI1lDI8o90iO006Dl96D1doDdQ69
38688,iQ0qQP11I8I9D9oIdllbP6989PDiiPoI
38689,8qIbQqbIDDPPi10Io0QdQ8Ilod11qQdl
38690,oIIPQQD09OqdOP8bb61biDOPI69OP8q8
38691,id8lqDol8I889lO9ld0Qbqd9O6PoQlld
38692,QQODQlOodQdbOdO6iQPi89PPIQi9oodQ
38693,8IoP10odbqPdPPbIq01OID99o98DIoQl
38694,9QP8IdI00QP101lQPPQbP89DIDQPoD0d
38695,OlPqPi1qq1bIlDPOQQPi80D0lOQl8PP8
38696,0QI6ODo0bPq6Io8ibP16d6I81dbI6oDi
38697,6lD9PQo88OI0PQ6db0I1l90lbQOP11O0
38698,O0DDiq9DQlI9iq861lOoo1d1DI8qqd6d
38699,oo1P6l616OOdl0IqPPqobPI0Il81qqii
38700,6PoillDiqb0Oo9qOiIDOb1qQQIbPqDoi
38701,loD8qPl09qqi0o1iqbbDOdllDblioDIl
38702,9ioI0IQ16OPb1Q0q8Oqdd6D9dPqDb618
38703,00qIiO99Q18biD8bQ6d1QOooDP00O1Od
38704,b86i9lPlObdl1008PO0PIi09q9o9l88i
38705,Dl09QdQ19IoQl6D81qdlPPIdolP1lDi0
38706,dQlo0DDqlIPod6bq89DPDODllDOi681i
38707,bD1bQi091lOIO01Q1dq9bQqQ1blDI0Pq
38708,Oo66i08qboI8PDbdQoiIb9qQ1i99oboP
38709,9ddIP1i0O6l8oO9iI9Ii1Q1o800boQ0D
38710,88qq1I89IQ8P9PdqbbdD0ood8oi9d68I
38711,qib6O1d6010d8Iql8IQ0q8diqOP6dIqb
38712,bP61iObqb9Oo1IOQOdlQ0idilOII9O66
38713,Dl89dQdOQooI0i0DoPQd68db6di86PD8
38714,0ODl10P0O10D1OQID91QiPlQd988bio8
38715,Qib986b6oDqPl8IQiOoDOQ06IlbD68bl
38716,09P10l1q98b1DiDQdlIii0bld111O86D
38717,Pdlib1o06DD6oIbdIdIoIqQqO8P896do
38718,0b8lD690qQO1bDOib1IqiO0OO169o9IQ
38719,b9iI8O6bd0bq0I1OoooQ9i9iddidODbO
38720,9DlbD6PI1IQQ9q0OIdD1I8olIPPo6dPl
38721,0i8iq6bldDo9l0iDi9q9OqIoQOlqld0q
38722,iDli1d0oP8lI6i8Qobbilo86OIPIqQlb
38723,618q1bI6Odd9dqQd9Q8OIoOdolqi66lq
38724,8OlQb0IDIOD1qIIiIqI0l6ol06bbDiDi
38725,PIPdidPO68916i10dO8lPoI9Q9blPbID
38726,d9iqoill801Q891P1OiPDIbDlQ9qoQ1b
38727,Pbd01POIdQPdl6IDd6D6oP0006o6iO00
38728,16Qb0Oib60oQ1Oql8P806dDd8D0boDi1
38730,IdOQPlbD9d9IO16Pd1IDO0b88Qo0boO9
38731,0bqi6lPDP1qOl9dIb0DD1I9i8l8OlbQb
38732,ObiiQb81io69166olbOqODQOQO10DbQi
38733,d01QdIl6i69DqIbbQQd6IPOiQOObPdIi
38734,OOqoq9IPOQIqiid16l0bDdiQQ11QQD88
38735,lDIO66Dqili0bD0Qo00iIlO6b100i8i0
38736,d1bdqOI8IPIO8i00Plq09d189lIbIo0I
38737,bd9dlo8IQOOdQD0dlPQ0bqqdOdl90ol0
38738,bdP0IOiPiQ8OlIbD1QQO8O6dPQqqb1Qb
38739,QQ8IoPqdIb61D8o886oo8b6didDIPqql
38742,oIOq6lQQPoD1q11Qiq6dDI6l8DdoQ169
38743,lqqIbPboOl80QOioqb0bq6DoibdOQOlD
38744,qP8qb6lIqPIlO696q8881qoIqi1O6ldI
38745,dOilPdQDPQP0l8Po6Pli96i010d88dii
38746,dbIQ6o1lDi1OqqdO60q0lqqD9qPD0qlP
38747,DqIO9PI98blQlid88dQiO0ldoiobOqdb
38748,l1b8iDqOdQl6PbIIdb966qQ8d9i9dOPQ
38749,0Q9b998QQ60806lqq8b8dOlbqqb18Pbb
38750,qQb09PdOD61ioPPdD9DbIil9iQQii1q1
38751,db6q6DlPd68bbQOOQ99OI1I9QD8PqDo8
38752,Dlo0PPibIoQbOI8I61O1DobQOIiDb11b
38753,6O9O0ooOb8O8Q6D0ldqi1O8o6891Iq86
38754,P1D0q8O1QblDOQP96QQolql9QII0i6Pb
38755,0Pd8il0PQd80i1O01i1D9960IdqoQo01
38756,68oQQ8lO1qbi0qI8lbO60bP1098qOD88
38757,bD1P1l6dDPdl0b99lPl0llD9i9blQIi1
38758,Q9iiOo800blDqO0DDDPI1PIbl1lIidI1
38759,DOd9bIqddQ91qbQI1bdbbDi1lqPObo8l
38760,006i1i6OOl1bPdql9ID8o6QQ6IIiqP0P
38761,qlQbI6dQ8i1iOO1oPbOoQ9b6ODII08Qb
38762,I0dOli6do1l1008I8PllOq8DoOoIO8oq
38763,lq6DqO1o99Q1OdbDPl9loO0P0O8d8loO
38764,OIdoib69Di68bloq1bb0oblbb00l1P9Q
38765,IPq86q6iq6DP9IOPiiP090PoI0Qb0Io8
38766,Qqd8ObO96dIQ60808diOOqbdb6boQodO
38767,oQIO6Il1IboPPDb6oDql61oIob9l619q
38768,QI8ID6bQ9Ql0IdqddI16OqPdib9OO1Do
38769,lqd0I0Pbqo60I8iDOO88bbD1d9qlQ18O
38770,d0ll11iidiii09D9q81oo1Pq00oDbQ1i
38771,bO10Q9999DQ9DDP890lQbdlIlIl6IID9
38772,ODlO019O088Q0bl9QI1PPqQ01iD68191
38773,Doo9l68ddi11PQOOd6o11Q9Dd1lIQ9I6
38774,QID6qIPod8III8ll8ooQild1QdlPOIdi
38775,ID8Q0oO98i0D0o1i0doIqo6O0O9QDO68
38776,8DO8obP1b669b9QI6q01609bPOdd1o1b
38778,I1i6li9l091l6ooqPlP91OlODPbqqo9P
38779,0Ilqbl8q8Q6l6886Q9P9DOi69oIb1b1d
38780,qdbod6lI0I8O118DPq80D8b0o00OodlI
38781,6DibIbiiDlq1OiI6QOlPlO1loQOiDb1q
38782,91bPDIdqPbdOIQPP68Q6IP61Io980QlI
38783,8D0OOb0bi90oi1Io9iIqqiI9110ll8I1
38784,Po8qD6i6io866qdQ00QbbO0i9I1qIO0O
38785,66P0q8Ibddl9q669b6bD6Ood9IOQbDPI
38786,od0idqqoq6lb9qIo9iOblo6D8q18DQDb
38788,8PIO18IQqIoODlD8866Dd0I0OD8lb9ol
38789,I98DbDO1OqIPD9Q608DqoO1I6Iqi1ddo
38790,i6bb1iQb8qObPd09dOlibbdqb91Q0OOb
38791,d6Doi9oi600lP9lI9iiO8q68li8iOO8D
,
38798,O6ld8Oo6Dq6OO61dIl1iPqqPO8b0d9bd
38799,9qQP11666b9qO16QIQ0oQ8PPi01IIDQi
38800,8Q08qIiIOq0P66q90b0lI0PbP6lb9bOI
38801,iq001Pi8b699iil0b9IlqOqodI606q8P
38802,09lOI9Ii1OD9b9bi9q0q1DQi668bO8qb
38803,Od6ddPiQ9qD89loO9lQ86b96bl9DlP10
38804,9PO0qPdi1OQo68Qb09qdIOo6008QoIPq
38805,Q8PqoP91qqI6I909IdQ098091q9q0i19
38806,D8o868di9DidPo98ibOdqbi98Ii869Qb
38807,Dqb69lDiP6diId6O8Q0I6bbQI88lPlb0
38808,86q90PPqld0qili801IqDOD0Q6boblI1
38809,61iqiQDQiobb8Pbq8o9qoldq8PlIdbIb
38810,PP0P9ilQb1o160O6O6PqQIl60oDi8Db6
38811,ODIdIPOi6q6i0i6qDqODQ9qIbD0DQbqd
38812,dDqq9QbDDO8l6q8i1l91oQPbQD8Pqi0i
38813,0Q6I1llb809bd8i1oo86PQdlo6IQ8DQd
38814,0b96d606l9bdllQDi1Q89d1O0IPlIb69
38815,8909Q00li66qQ906I9QoldIqbiIP1QoQ
38816,IqPq866IQD0liq9lOl00qDqiPlq9bOD0
38817,i080lP1QqIiO998qPl888qboIiIDdiD1
38818,blq0Oq8q6oi89odoPOqIDDQIPO11IQ9O
38819,98QDoo1I6dP8QoPiDQOdQ09Db80Il68q
38820,00o6QPq0Qdl8IQolO80q6dD86696O6ob
38821,O91llDdDb1lbbPDbDoPQ09l0l68o9iQ1
38822,0P6PI0QP9b91QOlIibodd9IO90PbQO6I
38823,o1biqbO9i1IiObD0d1D8d8iqb6q86Qqi
38824,0QOP6QqdlobOo9i8O6dOl8IdQl89P6PP
38825,PdD1dlq1q00q8o9Il6IIqi61Il9DIo61
38826,0Od1iPb8QO8oDd9db9iq6iOP8DQ08I01
38827,dDIbQIPo0PIoIP6lbbl8q9Q1Q8ib9P18
38828,6iqOPoP6lQi8ilD10o8ol11DQbqooOqP
38829,Iq6olol00o1q66l61QIDdl6biq8OoIoQ
38830,Ob8Q19QldDliP6qddP1o1ODP91bd1oQl
38831,i09oqb0o1boQdi1blIb1D08PlDI1o6lo
38834,Dbl69I9bO9qo6iidPbPPPD11boQPqi8q
38835,dlbqIDqQiolDo6qdoQli6OO9lQolP6Iq
38836,OlQbP19IPDDDqDDO1bd0DII8IoqDo1QP
38837,8IQIld8DI9OPD00dqio1lDQ1bq6Q6P6D
38838,8QoODoOldQ9Dodlb9I86liOb0lP010ql
38839,II1199iiDiido80Iq0Q199I1olq0l8i9
38840,QO86biQ6lDOb8I0oD0i90bqi1ooIIi0O
38841,DDlbDddPO8liioQ196P0I9090bDDPQ6Q
38842,6IDll6i6d8iII686qq6DddiI00iD8o9d
38843,08QQ8iPldb6o96bl0ld61qb99Q0Q19Qd
38844,D90qii9D6P0POQ69Iiblib00Po1DIoi8
38847,PoO90Q6P0q9oOQ16i0P0l1iodOQP9o0O
38848,bPI6QobOQl9Q161l8l68069QdO1QbO9b
38849,8P1809bo8PoqQoqOQilPidOdobbo6iiO
38850,
38851,
38854,0i8idqoQ8lOIi6qOPO0DOOi8OlPq10D8
38855,
38856,
38859,
38860,
38861,
38862,
38864,l6Dbo9DQD0PIb0lbDDb66qqObOloDP6P
38865,l8IqlD99d81l6PdldDql08ODOQo6lDdq
38866,
38867,b8QDI09il61i0qlO9IibPQPiqQOoi6iQ
38868,D0dPPodlDQO9lQblI6PP1OIIQPO61O1D
38870,dI0q9QdPOI1lq6888qI980dqll6dbqib
38871,IdDblQIbq8Di9iOo61O0bQIIPqPQ16o8
38873,q6l9OQ91o1PDO9qiPl1iiPO6OOPdI886
38886,