eamuse_id,mines
QD8D6IQ1QoOPIPIIbI10QDOdd96OPIQi,0
80Q1idDo6O6Db0106b0q6qbOP1P8QQb0,0
0IIO08bII0QQDOdobqbl8Ib8Q8O8q1li,0
l1ODQ1bO9POQ6d8O0Iobbio11qb6O6bd,0
oIb699q80OIPdlP0odl6bqbD0PlQodOq,0
dQoqo68881IiO9i00bP0q1lOD6i1PdD8,0
o81iq91q6lI6OODP9Pb9OboDlQD9Q08d,0
6d8DiDl0i1oldbbo0o60PQ0q96d608Dq,0
,0
Pq1O0qIiQII9PP1Qi6dbi9Pdo88dO8Dq,0
98QDoo1I6dP8QoPiDQOdQ09Db80Il68q,0
O6I9ioqii8i6I1DIb1PqOD6q0ooo8bDo,0
Ilqd06QqoQd9IlQobq9idPqb1111Q96b,0
bdbQoi98Dlb18DiPDPdD801DoOD8619O,0
6QdIl8odooDQ0oOQ0IObQqo1lO986PP6,0
iiDdl6b6Pb81oIPbd1DPPQOI1iq0D6ol,0
P0O81Dl9Oiiid8bdOi0oqbD8DqolObbP,0
I9Ob6PlIiOQl6iQ6qO6QO0iQ1ld9DDO0,0
6dQQd1d1OQlqQdQ98i01DQ1i9P6QDQdQ,0
8Q8dP1odl1D9lIbiIO86OPPIoq6qPP1l,0
d18DI8bO1lql60Ol1dqQlI8qIobl191P,0
8IdlOq1qI8OO1PP88I6olPiI6IqqqIIO,0
37266,0
PDbDl9dQQQiold81d9DQ6QQobQqb1OO8,0
18ibQ9qbqOI91Q1iiiOd990OPo1q1dPI,0
,0
D0dI08oDqi11Oo819D6ob1dlDbPlIPl0,0
,0
,0
d88qo6I08PI8lDiiPoo0o8lPdqQDiq01,0
0P6PI0QP9b91QOlIibodd9IO90PbQO6I,0
0qP01Q60boPPlQ8qO6O6q89iI91Pl0PP,0
bd8o99iPI9lqOl1Q8P68lbQOlo8Oq1qO,0
qD8Q180QlIi11o1IiI6DPoqolqoD61Ib,0
8o1iQPiId8P6Db9Iqo1Oo119QDoq8qQ8,0
ioDOIO9iP8qqPiP9io9Ib1I91OoQ0q0O,0
ilqiIlDdiQQ0oOIP8bPobDQqP0O90Q08,0
i0dqDPqDll9il0b6qoDPd19OQ0qO9qDO,0
68dqbIdOiiiiddlbb1OD66qq6d80I6D8,0
dd80OooqdOIi9O60i91PDdIPIbIiiD66,0
P8obb0oQq1lbb6Do01PPDI1o8ooO6Pb0,0
0Pd8il0PQd80i1O01i1D9960IdqoQo01,0
P8DQP9QIioPdi9IO6q0100PlQOIl86I9,0
oIIPQQD09OqdOP8bb61biDOPI69OP8q8,0
oIII9lI0q6i9Q0b18ldoI6o0PQ0qqD01,0
i19IOi90Dq90ll989iIdOP9diodqi968,0
86q90PPqld0qili801IqDOD0Q6boblI1,216
1DD68qQdqQ0i6bQ61ddQ06ql1D6O1l6P,0
1O9P1DqQQqObOQPP6Il989qDqi0bQ8Qb,0
0dOOOolo0P6180OQDo16DdO6o6D8O8lQ,0
8bqd0Oibbo8q81QdODqdl1OOi1l99O88,0
,0
1QIPID18qib8D9Oo9lOo8I6DPi9qiod6,0
1QIPID18qib8D9Oo9lOo8I6DPi9qiod6,0
l08OoDq6P9DIQo1Po0Pdd80qoq6QID9o,0
I8ql1i90i80oDO0Q9qdIliIqPq66lQd0,104
6lQ9iQdq8P0Q11q9O8dbl9Q9Pi8bIb98,0
6lQ9iQdq8P0Q11q9O8dbl9Q9Pi8bIb98,0
D90qii9D6P0POQ69Iiblib00Po1DIoi8,0
PI1DiP0bIi8PodP6O1i8P0P1i8iI1oD8,0
9dD6dlq01qd80loD6OOQb60ql6P6068O,0
QD6b8i08P1IQloIPOPiqlIPoDlPi9DPI,0
1i81dQboQ91QbdO9d6bQ1Pi00dPP01li,0
Ob8Q19QldDliP6qddP1o1ODP91bd1oQl,0
0DODq0P9Qi6i6q8QPoPPOiOi6ib0188b,0
OO0QbD9D6QQIb10Q9IDOQd8odb6ob6qP,0
,0
1d6oI0ol8oO8O1qq16O96d1D19doD0bl,0
89ooi0i98Qlq9PloIl1b190DIo8Do16l,0
00o6QPq0Qdl8IQolO80q6dD86696O6ob,0
lO8oill61lld1do1O96bIDbPPQD6Ob0b,0
li0IboIqq8qddDP0Oi1Q9i8OPoD88IQl,0
lb19I8d0DPb88QDQlP616lDqoboli90O,0
I0Ql0Di1qD6i0Qq1ql0qPb19q0IQ6iO9,0
9QlqQb9qO008DIPbq8DOlP60P110DPi1,0
98PiPl8P0qlq8dd8P60Iq6dq899lbQDI,0
liiPP608Oqbbb1Do88DPolOlQiq0Di60,0
DiqobPO1iliqP6DbQiDodPIPDiQO96dl,0
odb1D9l8QoDbii0861iP0qo9i1qibqdP,0
dDOdPQOqD6P68dIOl6O6I8q99Q6dd9Ob,0
0D096II0i9l0doPlbPQbiPo1IQDDoOP0,0
dd8PodO0ilIQQb0P0OQPDiodI9biP91d,0
8l0ld8Oq86P09lb91DdD9OliiPq9oq9D,0
IQ9bDo1dPbIo0ODQiObbQ99iP1bOi8iI,0
i6Q00D16PbbQPl19oibiiQ6qQD01D6o8,0
0QlIdbiPq11Q0IPoQDI60Dq8Ib66o988,0
b8dqI0Iq60iQPPobiiQ8O6PiIqdodDiQ,0
ib8o1iD68il66olQ1lddIPi0lIb9dd1I,0
69qoD0l6olQqqbl09b069q898b600I6o,0
olIo8PdO8dq16QqDIQboQq6oPqDO9qoo,0
ODlO019O088Q0bl9QI1PPqQ01iD68191,0
d9llb88lDI1q0QI10P01lqIqlI6QO0Dl,0
11dQb0qIdbO098ObDqOQQ8Ili9Il0lOd,0
dIdDQD1Q8oPQ90Q1DPbiQI661qD9oi6I,0
I90bd6obO890P0d1iiPD0dol8o8QloQD,0
8DdIqobi0liOPDO1qld6lQ9Dq00I66qi,0
9OP0iqDD8PDIb8lblD0ol09oP1I1d9PO,0
l6qQi9qlO8diPd18dl6DdqPid01P91iQ,0
109P1iO9i6q1q0bdQobiodQDoD619dqd,0
oDlO8QQOQ68IO61q9PQd800QiOll1odI,0
OPdooDlO9iO09lI1ODP00660loDiiodi,0
38105,0
qdbod6lI0I8O118DPq80D8b0o00OodlI,0
Oo9O18oqOi9DIoOoqb9IqQDo0dbdqP9q,0
DoOoDio1q81OQdoOO0b6bPQPOoq6I0Qi,0
,0
90lolio9qd6qo6Pl8oo69iqi81oiiQib,0
bdQ6IobP6II86I1io686Il9qQ69dOod1,0
qDi0dIlObi6Q6P8dQ1b8oIb188O9608o,0
O8qii6oiooPd8lbPqDo9QQioIoQQOoq0,0
1I9ODbQ81qi1006QoQI6d6dbd9iiPD9O,0
q0I018lPqbdi66qiiiQlqIb9O19O9061,0
dDQqqIQlDQ9POd90OPl9Dd1i106odDl0,0
qOD6OPbP6b0l0ODOiObiQbl1DbPqOi9I,0
Q10PdOD6bDD9QPQQqiO11669bb0lQ189,0
qIoDdQ1OOoPO8Q1Io0P168161DODPoqb,0
QdIl6D808iDoDQi0Qii99Do6do8DOdQO,0
,0
,0
8IIoIQQqlooiI6QD9ldIO6qidP98QP68,0
D9IO16idQq6iiI88loI1i986lIID0O9O,0
b6l6qPPdiOqqPqqII0IPqI981bolOqIb,0
dqb09QD6o0O8PooiqbqQOdqQ1l80o691,0
D8o868di9DidPo98ibOdqbi98Ii869Qb,0
qIqbqPblQIIObd9166bbDiioOIiIq991,0
IPOq96Qo911IdQbdqIo0I816i6O86ioO,0
1Dl19idl0i0qiqidbDIIbQddiP6o11PP,0
89I0ooQbbI1I6O1iq861PQQqIo9iO86b,0
OQol16I968Q8bDoQd80i90oQQbqOdbdP,0
,0
olOOdb66Q0bP0dqQPdIdQ8IPQql8D6bi,0
0Oo6iId08018qOqbo6O1o0QQ9D09Piq1,0
61QQi8i9Iliq66IOq1ib888b666o08O8,148
QID6qIPod8III8ll8ooQild1QdlPOIdi,0
qOlDPoiqibIOqod69dPilbiqD6qdO1qQ,0
QQODQlOodQdbOdO6iQPi89PPIQi9oodQ,0
DI91q6O00bliOldqO6DqDdqib86iqPPP,0
iP6qIl6lD809098io0OiPP08Ii18I6OI,0
lO91bIQ0Q990PqPbPIq88b9I9PI6ID0Q,0
1iDPo19Pb9ooi8OqiidbqPb06DDdqiqo,0
08PO96OlIoQqPdq91Q1Qqlo8lPidbPP8,112
PdqQ0oO8lIOi800i69I9100olb9Q6D8Q,0
dOilPdQDPQP0l8Po6Pli96i010d88dii,0
OQb96d6qD9bPdD819QO0b88blIllldoi,260
6bid6d9qPQ80DOqiidQQ891o6Od8801l,0
IP00ID9bdlOoP9o9lo1qlO0D1Pdo9I8l,0
o1Od8IPqddIP0oIPod81PDodPo1qo88o,0
38947,0
dD6PqbboDil89DPIID86Pldi6obI1b8l,0
0IldoDlDQql99DqQo0Qq9ioPIiiPoIoi,0
O6q0qIQdII9086d9q6o0D1PO06liQ9iO,0
0dOi10q9Q6oi0Q9960iQQDO6olqlDDqo,0
Pld9iO6oi9qlDD08l8QDdIi6d6Q6iDd1,0
diDO6qoqo9li6qDdidDiqO9bi8lOP8ib,0
81QD89Q6Ob911oOoobO0D98IQ1D1q60d,0
Ol8PPooqO8iOqQ6900o0q0QI9dPo0O0b,0
qo6l9dbb8D0iDQI1odo0Qb9O1ibDdoIb,0
iO90Qo66I88P1IdDldo1oIqb8bldqDI6,0
IDIQilDID9lO6lO86dq6ldoDlqiii1o1,0
,0
QOPioi8P81q9l0QiP6q06b06bdOO8b1O,0
Dld100o9l88o6qqId6O96IbiIQiOdbQD,0
PIP60POo0dDQlIiqO9bIQ1oddQD8P9Il,0
Do6oPoo1QbOPo9DIii0Q0180l8b1Doqi,0
oIQo8IQPbobO6bioiqqdP6P6O8898DOQ,0
PO1olqI8DiDiO0loDIIQ08oPd910bQbQ,0
IbI90PiioDlqPP19D1odPPbP1PP0009O,0
8qd0DIiiQ6dPl1b6b0OqDob6i0d1dQP1,0
IdPl6QoiqIl86iQ1QdIoDQdqlq98OIib,0
oo6iiQQbqQ98D9oP6OQPibIqIPd66Qb0,0
61IoqIoODb6dlQlQqd99b90idO9QP9iI,0
61IoqIoODb6dlQlQqd99b90idO9QP9iI,0
d1PbOD8o6b6o1OqOQ98ilDQbid6dddQd,0
PDODO6Qdb9iqd6q0QoI0PiI0lb8l9I6d,0
Id8IPlqQodD01dPiq8oPPQoPQq6booi0,0
obd0PDIDq8qqd9q9qdbDdqD98bd61I8D,0
qOQQ1qdQPPQ1bbdPldPlIil99IDoPi61,0
qlQbI6dQ8i1iOO1oPbOoQ9b6ODII08Qb,0
i09oqb0o1boQdi1blIb1D08PlDI1o6lo,0
9iOoPoQ998qD66DoOOOqD9oDQD88P8I0,0
QiQi666Qd9I6d1899iii80PdQdDlO1i1,0
oQ1PPlOd8Ilb8I1I6biqO0lQPIoOldP1,0
loP08P1PPi990lPD0O060d888O9o6qb8,0
Qbbqd9O98bl0DobQ9l6blO8iOPP8QdDd,0
qbl10iqqdO1Do1dIq181Pl6oi8QilQo1,0
9P16o1bO16PDDObloibo1Il8IIDdo869,0
0qDb0d9oIoQPP1Ql0o0OOPoPDbQ699Iq,0
q1o901oPqbbI1Q61qo688bDd0Pqlb08l,0
qoDOoP99lq8bd19iqiloObQDqD8QbOq0,0
D6o8lIiDQ80oi6iIbiP9DlOPIl0Q8d69,0
idI1dd69l1il16P0d9DoldDP1QDP0911,0
08IP8i1qIbQIoP9DiP11IdP190Q98lil,0
bPI6QobOQl9Q161l8l68069QdO1QbO9b,0
odliP8d18DQi0b8lPbPI1PdoQ0PDd0IP,0
6I0d1d8d690dl8boOb60O1Iq1Ddi6P8d,0
1QqObIQPDOq6bI6iOqDiiI66oDQQidlb,0
80OqPo1D6lD616lIDI1IPq0oPllld6b1,0
OPQQo1idQoqOq88lIPOQo6DooiP8QO9d,0
,0
DbibObDP860iqI11POiqQDD0i8PPOibd,0
1Q1Q8oO600lodPbio8b8d66b8do1PIlQ,0
qdbDo1oP6D9ioODd1dQO0QObObidilbP,0
1iIoi89doDiQoo8o0ddl9PQdQP0Ili8O,0
d0ll11iidiii09D9q81oo1Pq00oDbQ1i,0
l9OQPi0do19dQPO8ilq0QDbll8P8Ib6O,0
8O6b1D9PDO0ll1IO9d1ODDPPo0QPQbob,0
b0QQ6OPD1dDqQ6D6IDQqlDd180Db609I,0
0ODl10P0O10D1OQID91QiPlQd988bio8,0
b0lI9Ili8loOb1DD6Dd8lqII60b90101,0
6loP1dbiOq0Q8i9QQOI6o0iOO6bdIQOO,0
IPDid8ii1iQb19lb6iqOi91O0il018Ql,0
lO68Q0iPIOiOIDDd8dOPoiql9OI81DQ0,0
90D66ObIiqP09oqoDoq6b908b699oqqi,0
0Ob1601118Dii9Qdii9lPbioPP6qoi1I,0
b80qOO6l8060990qQPod1bOd8Q9d69qo,0
Oq9QIlI8l11ddqbbDoQ1ql61OqlIi9lo,0
q6o1id8doDb988l1o01P8dllQ0d6IP9P,0
l9i996ld6PbbiO1911OoOI8lIPQ06ID8,0
l66Io69ob00OoOiDOI9lIqlidbDoDq89,0
OPOIPIi1OioQ98qbO100q6QiDP8dIDq6,0
0lIIil06b8q819P9lDil09o6qlqo9I1i,0
lDOPd60Q9obl6D0q8qqdQi9lioblD1db,0
olQl6Qoi0IbobI980q9Q0QIo9qlbq1PO,0
89O8qIII0QPO0Q0l10P6dl19PlQ9d0oO,0
Ilo6IboPOq8Q10qDOdDDoO6P989bPPi6,0
DDqDDqDQ1Db60IiIDbIl6Pd8DPOq0q06,0
891b0OdIdO8b9obi69b6PQlPIqDI01dO,0
PqPPDibPdD8qd88D0d01dqo6918b0POD,0
09lOI9Ii1OD9b9bi9q0q1DQi668bO8qb,0
io9b89PD18ibIO8PIqb1QODliqDdqiIO,0
blI8D10Q1IDQ8Q19bi0IDlD80oD0bloi,0
8OPDQ1oQIOPdqqD18oo0lQ8OQOIbbDoP,0
0qOPDqq0qld66bll9ob9iIqiiQPiQIDQ,0
0QOP6QqdlobOo9i8O6dOl8IdQl89P6PP,0
ooil0dl9OobDPblIPlqoi1P9lll6DD89,0
18id0bi1Q6lbl0091iP0QoOIq9DDPo9I,0
DObld6O6OdblOo1di9dlP86DO909O6qI,0
1iQIIPdQQOOlP9l90oPdIi60D9OOlqoQ,0
OqIlb9PQIo0Io90PIQi6q86dO8iP19Oi,0
dqPDQ8Pb68iib8bIIPld10Q0oD8l600o,0
DibOOIOD1id66O0DqOQ61O6I9bIIQQ0q,0
0ib0Pqol08o9ODDq166iDl8oll061lPl,0
I6qdO8Di181P6Q9Ooq0d8d0DOdq1dOOQ,0
09P10l1q98b1DiDQdlIii0bld111O86D,0
1l01billdl6oPP96Pq8d0lbbblQI8i8l,0
OQbdD9iD898Q01oIddDliq8q9D1QlQ1I,0
dPbOQdio1OI8OOI6OlOIqI1Ii18i8ID0,0
8lo1IDqPDD88DObIPodOd8oQ0Q6qQ1Dd,0
d9QO9odlI18i96I6DQPld1iiol8ODl0o,0
I18Iolqio01IlPi9QIqPQ8Q9O6iOod0O,0
P1boP1O60bdI16i6lqqd1Q8ioiPbolqd,0
Oq900IIl1Ob8qoIPqDP0PD6blbqIqlP1,0
9oP18iDQ9P96bdooq0boQDPQqiiIqOql,0
lqI8DD9Plq6IO8P8P6Pl8Di98DlI9oP8,0
9I00D9Id61iD6QP8i8Dd6698PoQ9bdi9,0
id8lqDol8I889lO9ld0Qbqd9O6PoQlld,0
1P9bqO00bIQ0q8d1Q80l0Dq8oi6boqb0,0
666ObIO9bO8D8q8q08I1OQo96DdIbbiO,0
80d8obPdlobP9qlqiDb01999o01q6DdP,0
biqbD9I9q9D16i0i1Idb9d111l1QDq86,0
Dlq6qdP1bOPDObbbQQ6b8iPbd1ODq69P,0
6doo1dQ16Ol86oIbQ19PPldI8lIbP0OI,0
QD9Ib18D9lIO10O19d16PbPb68q1190d,0
,0
db1DlQ9qqI8PiqPD6q88O1P8PDbP11dq,0
od66Qb16lI019I06lllII811I9ol6l0i,0
d01QdIl6i69DqIbbQQd6IPOiQOObPdIi,0
61oIP0QIlO90d18ObDP1Dii6PoIQoOD8,0
bd8oD0iqDQ8Qobd1oIqi8981QbD6I6Iq,0
0Od1iPb8QO8oDd9db9iq6iOP8DQ08I01,0
oQolO9oOO01ll0I8969i8O1IQliloDqP,0
,0
,0
0i8iq6bldDo9l0iDi9q9OqIoQOlqld0q,0
DIiQbd09D0PoIiPl9iP1q8qldOOqol8i,0
,0
iQP6PI8oDQi1OPQObDQO1IIP9I8i0I1o,0
8P1809bo8PoqQoqOQilPidOdobbo6iiO,360
Qqd8ObO96dIQ60808diOOqbdb6boQodO,0
Q8PqoP91qqI6I909IdQ098091q9q0i19,0
0Qb8PDoQ06Q66obPI1P988oI61ioPb6l,0
ObbOibP0ll9I00di6i9oO1qlIQbdD0ql,0
8909Q00li66qQ906I9QoldIqbiIP1QoQ,0
QI8ID6bQ9Ql0IdqddI16OqPdib9OO1Do,0
8QoODoOldQ9Dodlb9I86liOb0lP010ql,0
dqOoPll1qlDdo6Pd6O0DPPO6l16OIdD1,0
Q6b1odD8q99D190oP6ol01DolQPD0OdD,0
91bPDIdqPbdOIQPP68Q6IP61Io980QlI,0
,0
9O8bq8b1Pi6Dl08OiPq10OddOdol1qOi,0
Dl69Pb9OQDlbOi80OQdIObiQ1Q08Dlqo,0
,0
,0
Ol01P9IIoDIOldo8IQI0l6bd9lb9q0oo,0
D0Qb898oqblPoP68PPq1o9i9dI9o0D9i,0
IbDoODD9qb66Iqd6DbOQiOoDll1DqiO9,0
9qQP11666b9qO16QIQ0oQ8PPi01IIDQi,0
Pi69o0idP1obO9QDqIDbPdqlb90q8Dq8,0
I8lidoibqQqoQOqiDi6QiDbP9DIdd989,0
OQbPdOIo6dPPIq6d8qid6DbPP0q991i6,0
I6q1PQ1D1Dblli8Iilo9ood8DbbQlb8O,0
QlID98Ddoi6O8lP8IQd6iid610011l60,0
b86i9lPlObdl1008PO0PIi09q9o9l88i,0
ilD80b8QQl9Qo0PP0lQ00b8bO9Oqoobo,0
Q9Q088PPd0bPi9QQ8iil1lQqPdiQP69D,0
iP8ll9I0dd8d689PPqlI9008d06io09q,0
I1qd16dPdqPi96ql0lP10OQDbo11D89P,0
db6q6DlPd68bbQOOQ99OI1I9QD8PqDo8,0
ODIdIPOi6q6i0i6qDqODQ9qIbD0DQbqd,0
IPq86q6iq6DP9IOPiiP090PoI0Qb0Io8,0
IDP9ldQoD8bdQ6d9Q0oI6QlI9b6Db9Oo,0
ld8lOqloqD6lOl880ldDo819bDb9q1Qi,0
I8diIQiPO90qDD60oQ0o669I99dI69DD,0
QQ8IoPqdIb61D8o886oo8b6didDIPqql,0
8D0OOb0bi90oi1Io9iIqqiI9110ll8I1,0
oPP1Pdl6Qdlb8oq10PP1doDibdbbl9bl,0
6IDll6i6d8iII686qq6DddiI00iD8o9d,0
1bo1qQDPidPPOlD16Ii9PoQOlQ996qb8,0
16Qb0Oib60oQ1Oql8P806dDd8D0boDi1,0
P0IoP69l6q08q8DoPD1Q8bqq099Pi1iP,0
Qq6D900bD60PddqqbdQb96Pd60918100,0
1OQd9o01Oq6Q018POOdlqodQ6bqDPOob,0
POoldOddQl9Dbq8b6iOP0iPoQd6IdOPl,0
lqqIbPboOl80QOioqb0bq6DoibdOQOlD,0
618q1bI6Odd9dqQd9Q8OIoOdolqi66lq,24
bo9l0Dl0PbqQQQ16Qq6bOOi68o0996Pq,0
oOOI98q81oQQQP88d6Q6qlbl8QI9d0dI,0
OboID1PloIIoOOObQdQOP110I61Ddl9I,0
DDlbDddPO8liioQ196P0I9090bDDPQ6Q,0
1d9lDIl6iiiD0D0d8qd6dlDlq6P8o0QI,0
ibI69PPO1iP0D1IlI0bb11QOq6081POo,0
oQ8oqddQOObiq0ldo68i1d6o1IidObi6,0
bdP0IOiPiQ8OlIbD1QQO8O6dPQqqb1Qb,0
PloPqd6Q19Q990dl16I0Qi06i0l8o168,0
D16P668Q8loqIoDo1IdoIlIloiIoIDll,0
006i1i6OOl1bPdql9ID8o6QQ6IIiqP0P,0
D0iDbio81PIbI8dD6QOIP9IidDOP0PDP,0
id9oObq9P6Q6Pq6lQPqI88OP1DD8D0O1,0
,0
0DDo1ilPDQoIoPd8ol9OPO1IPbi9ii6d,0
P01qbiIoO6dqIIqo6Db9dqq1bI6ddbqI,0
ddq1DldlQ990iidO6O99q61bI1966Q0I,0
oIPb0iPd8OdDD181dQd8OI18OQDl01QO,0
lQ1QDdooiOO9QPo8q91iD1IqI8Po9ODl,0
O6I9ioqii8i6I1DIb1PqOD6q0ooo8bDo,0
0Q9b998QQ60806lqq8b8dOlbqqb18Pbb,0
dbD8PlibPqqdI99901obObb6odqD8qDl,0
9Q081Q0Do0IDDqQi9O61P111QIQd0oQ6,0
6qdbqO66oOo1Q0d6I10IIIbQI9D1dDP6,0
6bdDP91o1II60Qo99D60QI81o6oPlI80,0
9OOIPiqDooPb1QQ900QODl60dqbP8Dib,0
d11l6160iiP1bDbQPQl0Pi8lddlld80i,0
6O9O0ooOb8O8Q6D0ldqi1O8o6891Iq86,0
dOb880lOloIIod00PQ1iQOQqlOOQ0Ql0,0
bP61iObqb9Oo1IOQOdlQ0idilOII9O66,0
,0
Q0o8olIPb1iOo0loPPQI0PddI0qlb1Db,0
Iqo9PQiPbq8Q0I6io6lPIDi608lQqbbq,0
P6id8qqolbP0oqO060OOqbl60DI9iQoQ,0
8Q08qIiIOq0P66q90b0lI0PbP6lb9bOI,0
odOQ1d1i6oil81b1QIDP6dOqqdooD918,0
1Ol1i86OQd61IlqPb9O1060l0OQDoDQI,0
dO9b8Id9QQ8DOO69Q0lqi6O9QlDPIPl9,0
9QIo1lbD1ldlqPO0iD68io69Pd8b01Do,0
OdQqDiIDbD6ioi60ob6lDOlD8oio9l0b,0
8dbiodDo1i6IolDQdqdOoqDDD90q6liQ,0
Pdlib1o06DD6oIbdIdIoIqQqO8P896do,0
lldPQPDP0qq8iqQ910l8b8PoQ6O668Q0,0
o1biqbO9i1IiObD0d1D8d8iqb6q86Qqi,0
98D001P6b696O18P8qiIOl811bq1oQ16,0
6o966dbdo9dPIil6qQ09d1I0o0Qld611,0
QbI1i8Q8o06qQQIqllQ6091l998D0qIi,0
OIdoib69Di68bloq1bb0oblbb00l1P9Q,0
86106098616o998i9d1PD6Pl0bD19dlD,0
ddOqqDI91bqqiOoll6I0i16i1P18019q,0
1diQi81loIodIdOlQ8Pd6Qd8b69Q1DP8,0
19b01l0QPiDlDQb6lqd0dQ8Qlld6Dl6l,156
6i000qlo9PD9oi9I9Qb990D6D9i19699,0
OO0QbD9D6QQIb10Q9IDOQd8odb6ob6qP,0
,0
9i0q91lPPiO61b9P891O1i86iOP1I08O,0
d8oDqIQOoD6DQoQbOIP9I6DPPOl89lo6,0
PO9Pl1q896bDDl89qQb98D80DQoPio1I,0
Doo9l68ddi11PQOOd6o11Q9Dd1lIQ9I6,0
b60odbPO1IQd6d0qPIi1dQODq16i9811,0
Qb6PqOQO8Qd8i91D018olPiD01PbQ061,0
q08PbOPPbPobob0OII096bP9iil9908D,0
bIloQ900Iq01ql6ddP9idIb6iQ11i9D6,0
O6llIdODQD6oDQ6QiPQDOlob9i8l6qib,0
8QbqP80q9PI8bbi0qOoiibOQD08OPdli,0
qqDOddP66Ol1q1IIOb1OPO68DP1ood1i,0
O111bDqd0oQ1O8IqiIDQq091l1IDO8oI,0
0D096II0i9l0doPlbPQbiPo1IQDDoOP0,0
Qib986b6oDqPl8IQiOoDOQ06IlbD68bl,0
DQI8O1bD9Oi9i90i0DqqOqbll91IiQI1,0
Dq8b8DPD06Q8qob8OOiQIlOdD8QQD0q9,0
P1D0q8O1QblDOQP96QQolql9QII0i6Pb,0
8l0ld8Oq86P09lb91DdD9OliiPq9oq9D,92
idIibqoooOlQ1DId8lOidd6il0bdoql8,0
0Ilqbl8q8Q6l6886Q9P9DOi69oIb1b1d,0
9IdoP1ld9098PI90QQ6bP0Idl1ibo80D,0
Ib01P6O8OPl8qqQi9QO6dii18ID69I8P,0
1iPqdbQiqoi9l8D6Q106i01DbOO8191b,0
8OIqIi996QI18Oo0q8iiiO8bbb6dI1l6,0
ol6IDd019O0qq8dblPQ96ol1oPbI990b,0
1l8ibdlb0O0q00o6l9Pq1ibdbIQqqOb1,0
qObI8DOldoqob8OQD6Dqdiob0dIb0ll9,0
90DO081odOdPDblDOqQi1O68Iq988obq,0
890q91iIbO96OOD10Qlob6qOObQoq1bd,0
POl689q8ODbPI0PDo8l8oD81Plio8qlP,0
1lIi8O100iq1Plolql1biO1QIOOillOQ,0
811qq00Il1Q681068l8dQbPO60l0oD1l,0
dll6Dq0blbl1iPbIIiQ61QIoo00doqiI,0
90qP0000qoO8o8dIidlO611ilO11Oo9Q,0
1900DdoIl00b88q6Qq9ob9D6lQ8IQiPb,0
,0
1Ob1I0do8Iq6QqP6PQIiddD18dqDP9oo,0
iq001Pi8b699iil0b9IlqOqodI606q8P,0
9ddIP1i0O6l8oO9iI9Ii1Q1o800boQ0D,0
D9ooldO1009Pq1dP6P88lD80P0Oi060P,0
8O86IP9dqQ8818ld9od8Q0PiDId6666P,0
,0
qIP6DPdbD9iO86i1DO9qDd8l6dPdbl0P,0
IDPbb8oiQl0od6b8OqlPDo08o0QDo6iQ,0
6bO0Dq60bboi009iDbO8o9Q9999PiiDP,0
qP8qb6lIqPIlO696q8881qoIqi1O6ldI,0
o96i9P9iO9o0DdbPb9bbQ66DqDq88Db1,0
qOP1qP69o6id061o9bo8l6P11P1PQI1O,0
l6999IbQI61IO9qQbllobqo68lqobibq,0
Db9DllQooo6lqQdl6Q6OD6q066i1IdOO,0
bD1P1l6dDPdl0b99lPl0llD9i9blQIi1,0
1Q9l881P1bq8bQQ9OOqQ10OioP68bQ8o,0
d9iqoill801Q891P1OiPDIbDlQ9qoQ1b,0
b6dqPiOO6iO6b8D90Ido6QPOlObd9o98,0
bD1DbibPIq9IIlQd0OIIl0o91QI1il69,0
i11d86DOOdOb8Pbb1QqIilQI9Idib8PP,0
lbD8DodiOiP8D61lidIi88DIiPqi8o6P,0
II68b0dooOIOlOiq0iQO18blDd6b9O9D,0
61P0I66id16QIi08Q1918PlldOOiooql,0
Od8ld9bQQPDddIqDQ1PloOOdQ0IQo0O9,0
bDDq1qO80o6806dQOb1Qo0bPI6899q1D,0
81qibDQqq8idiD1lQqq0qdqD6i6q1QDb,0
I98DbDO1OqIPD9Q608DqoO1I6Iqi1ddo,0
d88boiQ609PO8ODDo6IliPIb69I80dlP,0
dQPPd10QO9d8IiOiIi8iDD1Qdq8lQli0,0
ioQP0b6I11Do1OQPIQ6OIDiPODD0l0dd,0
dQ69Oqd0Do8Dodd6bQD9l16Olo9P01DQ,0
I8bQ8ilD9l1Qi9Q9iI0q6qqqiolo01QP,0
D8q1ObblD0i6liQ0OD6OdD0qIo9oPldb,0
bllQi9boq8qobOQDOD6QDio9lii8109i,0
99q8i8bPldDbio919ob0DPi0bqdIoobi,0
O0Id19qQlDibiDdIP90o81bOo16qbQ0o,0
l1b8iDqOdQl6PbIIdb966qQ8d9i9dOPQ,0
ll6iQl0PoiDob8Oi6dlOQ069061doqbq,0
q11d0oiQIlbP91dqqddPq9D80lbODbDi,252
dIQDOoO80odDP8OiOQIQ9oI0o99OdQDQ,0
dIQDOoO80odDP8OiOQIQ9oI0o99OdQDQ,236
Dbd0o8iob1D0990DDIOIIQ6bQqdDQ6ID,0
o1QoI9dQ1i89bPl1oDl6999861obD0qI,0
ooo6qID66I6191bQib1QQdlPoio6Iodl,0
d1bdqOI8IPIO8i00Plq09d189lIbIo0I,0
dDldd8OlbPQDoD80dO0DiDOiIoP1PQoD,0
D0Q0oIDDqoQd0IQddi1IiD16dO16O88o,0
bi1Obd9i99P0O9PqQ1l1P6P6o1IOi11P,0
OOqoq9IPOQIqiid16l0bDdiQQ11QQD88,0
60dq6Plo0do9iQOl6ql111P9OPd9i01l,0
b1do8OI6qDDlQO0PI16868ql6bdbI886,0
Dqb69lDiP6diId6O8Q0I6bbQI88lPlb0,0
I1DiOI16Id0qdlqbQ6ObPlilDP1oiI98,0
oQPdiPPdQO1Ob6DqDi0l0q0PDP06QlO0,0
oDD1DQ161816dd9Dl8IioOoi9OQdO01O,0
0i68q1iQblI1Pb8QqoQ90i6ddPiqdq8b,0
li6dD9b8dboOd9bbqli886lDl08IPQ00,0
1idIoi66ll806D8ddldOQi8bdiDO0Oil,0
loD6oi96869O8ilii1QPOPDoP91l1PQQ,0
iObdoO9b1O9o8dP8o0id9b1QioQ0q9q9,0
bd9dlo8IQOOdQD0dlPQ0bqqdOdl90ol0,0
POO9PlPq66OqIQO6Oq1i90D6Ill100il,0
o9Ib8bob6b9qIDq1d09bq8q1I06Odi90,0
D6ql9DIOPi9Id8iiOOi1olOPdO9dl1qQ,0
lO990qi9qq9II1boI10ObdbbolQ1Ii0i,0
8Pl1i1o0O6oIio0b681qOoDOQdPPOObb,0
q6661PIbbb1O80OQQ11iD6bP1l6bio0Q,0
li608di8PolqqIP808iddOqi11qDDq0Q,0
D1D88PPI0PDQqOq00OI6QI1o6dPolqlI,0
PlIiPiPoI9DIbPdIPoqQlIq61Pd8QIDo,0
8q68D8iP6lIdiP8bo9PoOib8lb9loIob,0
0b1660ibo0liI01ibOO6lD8olIb88qDi,0
Ilo6IboPOq8Q10qDOdDDoO6P989bPPi6,0
186dd6DQq891Ib9Ilq8Qbo8lIqb0Qoll,0
6bIODbPoIDlOdO66b1id0q68qdQilDd6,0
QQbiq1qQd8d1blOldi889OdQd9P1106Q,0
I81iP0Io9o1l9li0Iq99P1091O8DoDOd,0
lDdID1ili0D0i10bdiO06Q8OqDIdo91l,0
PPQb966D6Ql6Q8iPo68810PdDiI6D0bl,0
olloQOobddiIIPObP91l0qPl6oo8P9Dl,0
qI06bbQ1dloi0IIIO1IQ1q8bdPdl6l69,0
PQQd6lQlDqilqliI0IobolqIDlo0Iboq,0
,0
,0
,0
0qOPDqq0qld66bll9ob9iIqiiQPiQIDQ,0
o6qi6idD9oqIdi81ldQlODqIqIiqlD1d,0
9qbdq1PiI1O81P1PdioQli66Ob9QiiQP,0
9qbdq1PiI1O81P1PdioQli66Ob9QiiQP,0
I8b69IdbID0Di06ldo6o1lb1IdI89Iqo,0
odQbP0bQqD89PolQ96II0PiqQQIddPi6,140
qPDQbQ6lOqqbI9Plb6o9lld0ddIP8oiP,0
8qIbQqbIDDPPi10Io0QdQ8Ilod11qQdl,0
DibOOIOD1id66O0DqOQ61O6I9bIIQQ0q,140
0ib0Pqol08o9ODDq166iDl8oll061lPl,0
ldDD06dIQ0qQPD9OI88P90OOi0bQPD1O,0
8006PP188Qldob68ld6OPqlbl1biod6D,0
di088lOPlqQ1OoQIbilI1P0q119i8o9O,0
1PoOQPd0D01Q9O0doiQQQ8D8Q096bDq9,0
ib19PQ61bi0lI8qi98IQ8dOqOoP91olq,0
qq8qDqqPQdP0loDI6DDO9d6dQ601iOID,0
OoIPPqIDbQ6qIb69q8dil0iq0l6q6DQD,0
DIDd9l0dbi1QdQ89I6Do9bolDqdb1dPO,0
i0b0118q8D1QlQbIbli0P0IQ0QP08QdO,0
6OOd69q0oP8iblIIb08OQO9dq9oIq8i6,0
,0
8idID0Pq0O68Qb0Q69P6IDldqI91qi1O,0
6DQ9D9oi66I8ODi8o0dPdOD1ibbIqIdI,0
bDDd08iP8dlIlOo6iqd91dPiI1lQdOQq,0
1oIo1DliQqPol00Q1l1bPODbdOilodod,0
QQldo10ObPPQPlliODiDIIl0Q1oPoo61,0
id1lodDbo0Iq9088Qd19d1OlDPP01D8o,0
8OlQb0IDIOD1qIIiIqI0l6ol06bbDiDi,0
PldO10PIiQ6lOiI16o060OQIiq69QO96,0
lIQ1608o9O6bdoPO0ooi8io8i6q6bO1b,208
6iqOPoP6lQi8ilD10o8ol11DQbqooOqP,0
8bQQ0lP96186D8Ibo8IoOd6o16qioiIo,104
oQIO6Il1IboPPDb6oDql61oIob9l619q,0
80PdqQ0iiOQb9i91lIliodiO9PI8O609,0
6DibIbiiDlq1OiI6QOlPlO1loQOiDb1q,0
i89IO1PPOl0boOol0bQI19Q9liQ0l6O1,0
61iqiQDQiobb8Pbq8o9qoldq8PlIdbIb,0
q6iD8idqo69qIPl00IQidoq1o1o1d1b9,0
qoidddb08iIoDOo9DQoO0loPl8lPQ81o,0
Q9l0i6DPO08obldq101ldDioiqdIDqlq,0
P66d8iQQIIQO96qoDdIqi9l19i69D9Dq,0
Q96Qo0qbQ81odQoqPOOQ98oDbo6Pb1IO,0
lQ86Pod1b9oI8OiDDoId099di9OI8d9I,0
QoODOoqDli0bOoqqDo8ODo1lDI9llblo,0
IlbI1QQOPI0o0IdoPI6QPldqQob16DOq,0
DOd9bIqddQ91qbQI1bdbbDi1lqPObo8l,0
l1bDOIlb6ddI6od0q1llI0I6blq9oP0l,0
iQi1DOQoqI6Q08I89PQD8iIQloPd190I,0
668Q8qQdqoIQQiIQOilDqd8lDOOQ8bDQ,0
1qdb8P8il9li6DOdPolq9d0d9Q6898oi,0
Qb1db18qP1Ib6liPI1668Pq8QPb0QO09,0
0bqi6lPDP1qOl9dIb0DD1I9i8l8OlbQb,0
dDlDPddq08iD8IOb9I1PbODP9696966D,0
qD6P1ldl09Dqq8QP01bbid0b9IdqobPl,0
DoQi6oPoD9DlO0898oo0ol0qoo6891Db,0
OoqbDO180q18oqi1ooO1QIdOoOPl69b1,0
0bDqIO9Q0PPIPlPll1D8Pbol9O6DlPdb,0
D08qoOdPd8iOO916bOPIIIdqPP6O00iP,0
D08lqQOPdOO6D6ll690Qd6PdbO111011,0
Dl09QdQ19IoQl6D81qdlPPIdolP1lDi0,0
,0
i91q8l0bbi8qll000ob6qDiQP891iiql,0
QlQ9Qb00bI0ob9oDIiPqO1QdQ0o6O0O6,0
9obIQOP8O1l0PQ0Oi1oPQI198o0Pd81o,0
,0
Od6ddPiQ9qD89loO9lQ86b96bl9DlP10,0
dQlo0DDqlIPod6bq89DPDODllDOi681i,0
lIlold9IQbDb0d6IdP6600DOQIDb9dOP,0
I6Dd0QIi086il1918dQI6dq0l1d9ibD0,0
dOblQOoDb96l00dqPlIb9DQl86q9PboI,0
91dD6iqPO066do99169POPbQPbo9o6oq,0
I8lidoibqQqoQOqiDi6QiDbP9DIdd989,0
16bl8D8lOddP9Obq0OIlOI6q8Pi1l9O0,0
0Ib6qIb0iPOoQqqDIl90dP0PI0o9QlDd,0
P869didbP8Q69IQ0dIqo1ibOb0bb99Q1,0
IdOQPlbD9d9IO16Pd1IDO0b88Qo0boO9,0
D11ldIqD8dQIi9oQQIIo86QOI8D9olP8,0
PoO90Q6P0q9oOQ16i0P0l1iodOQP9o0O,0
DDDiQOd1IQQ6QIIq09PDqdQdDIll6bQI,0
0Q6I1llb809bd8i1oo86PQdlo6IQ8DQd,0
i0P1O6lbP1oDd6q6b08iPPoq6iPdI818,0
918oPDQDoPlD1OlqlqQI08I6dD9iqoil,0
I96dOqqqQIi9oiqbqDPbQ8I8PQbqOb1o,0
96d9qiDD8l09DQq6O1DO6O6I1IdP8q0D,0
911lId0IooIOq1oDPoQ0iQiDiOIbd6oo,0
Po8qD6i6io866qdQ00QbbO0i9I1qIO0O,0
Q9iiOo800blDqO0DDDPI1PIbl1lIidI1,0
OoQoQIP06Doq1d88dDQQdlQ8i68Do9DO,0
Pd1d96Q91oiboqb86DdddD68dbq81Pdo,0
id0QqdbI8oloO9l08IqI9q1D0819OQID,0
P160qOD09PQoOPI6iIOO69qDoqQl1qDQ,0
lO8O011qIqioPDi9d0oib09DDDPIbqOI,0
PdD1dlq1q00q8o9Il6IIqi61Il9DIo61,0
oQ9QDQ6I9oo9DP8Oi86id61o9Pbbl9bD,0
QoDQ0oq08QqiI0DQ8dIPb10qIi6d6i89,0
Io1D1l9QiDo6IDObd8qo1Q9lQ6iollQ9,0
88qq1I89IQ8P9PdqbbdD0ood8oi9d68I,0
0b96d606l9bdllQDi1Q89d1O0IPlIb69,0
91qD6DbDqi96qbIO66oboliPD8IPP6io,0
Dl89dQdOQooI0i0DoPQd68db6di86PD8,0
P8DoiO0QO6Qb8iiP9D1IQ080lQQPD6ll,0
O91llDdDb1lbbPDbDoPQ09l0l68o9iQ1,0
l1lO999PqIboPQOD86PDQo1ol1iIiiOi,0
Q96bO9D61lib19IiIi0i69P80bo6q69Q,0
bP10qq9dPDDqIl16lPIDDd8b00dIIP08,0
Dd98lDdo8Ob698d9qbO9iD0PqO19oQbI,0
id9oObq9P6Q6Pq6lQPqI88OP1DD8D0O1,0
o81iq91q6lI6OODP9Pb9OboDlQD9Q08d,0
Oo91QPdQDd1Od1oQI6IIldbQ1lQ88bO0,0
l61ldlPo1DQ081860O86D0Qo0qdOd0qP,0
l61ldlPo1DQ081860O86D0Qo0qdOd0qP,364
IQ6I61i1b0Ob01QiQlld8o09iIQPoPOl,0
blld8o09oQo80PIIoIdbP9688DIqlbdb,0
lq6DqO1o99Q1OdbDPl9loO0P0O8d8loO,0
D89QP18016o01qoOi60I6Q19dlOQPbdo,0
9DoD10OPQ999IlP0doo69olbOQ680q09,0
6boDb6Pdd6QDP1oPdlQ0Qo1ld0lQb6P6,0
oo1P6l616OOdl0IqPPqobPI0Il81qqii,0
IqPq866IQD0liq9lOl00qDqiPlq9bOD0,0
PO68qOQI1oo8iQidQ9iIi9o9PPOD9OP6,0
dbIQ6o1lDi1OqqdO60q0lqqD9qPD0qlP,0
QbD9QQP9bqoD00bQQl8obibP9PloQ9Qo,0
l81l981iPod0PDIIObIldoQb6Ol9o1Iq,0
0P6PI0QP9b91QOlIibodd9IO90PbQO6I,0
8Io6oi89Q8DblI8IPdPPI0q98Ql9o98Q,0
8o1iQPiId8P6Db9Iqo1Oo119QDoq8qQ8,0
d18bbq1l699OP9Di6q8oqD9oPb1o1P6I,0
i19IOi90Dq90ll989iIdOP9diodqi968,0
ibl00b69Oli68l96d6o1P1ob8QPillbO,0
ldlqDQ0bb8d9do86o898P0qo1OlD88qD,0
Ib08idDooQbP00Q1Io0QlObloibb1b8Q,0
6iO8d9ld00I6lDIO6qbOldP99oqloqb9,0
1QbddbDiOiii8O90Dq68dqO91oQq0oqi,0
QPol19bIb009IDOPildbi1QPdPlO0dq9,0
QD6b8i08P1IQloIPOPiqlIPoDlPi9DPI,0
iQ0qQP11I8I9D9oIdllbP6989PDiiPoI,0
dDIbQIPo0PIoIP6lbbl8q9Q1Q8ib9P18,0
lO8oill61lld1do1O96bIDbPPQD6Ob0b,0
96Qo1idlD9o8q9qIdiDl18l0O06Qo108,0
OiIOPd80d9PQQIbidO6ObioboO88OD9l,0
1i10oIqlooQbOqO9qiodbIliilP1I06b,0
ObIOQ6id8DOdlQlil8819ObqoDQIIoiO,0
0ibD9Oio99IlQ0di916lId0bi08IPD9b,0
9i6dOd608qb0IlqoDIPb8q1o8q1ddQQd,0
ObI1oo6QlO981880DDDOlo8bQobI0I9P,0
Dlo0PPibIoQbOI8I61O1DobQOIiDb11b,0
6Oi66iq9bqi8bDI6l6lPdqDObo1i9lDl,0
OlPqPi1qq1bIlDPOQQPi80D0lOQl8PP8,0
0D1618DDbol8bl9dP0lDdiD66ioIiidD,0
109P1iO9i6q1q0bdQobiodQDoD619dqd,0
Q8qb1oQobdqDqi0i19qqb11P1oDoiD8O,0
lq9iPP06O8qiP1iooiboPO910b86di19,0
00obPO6oPIPOoD9qb0dIl6q6D8P6o9bI,0
o1dbD61Qi98O60liQQ91d8O16I86dqDd,0
bPb96lbDP9OdI0Oi1189iOPPdllPIDQb,0
1PQdDiqOD6o1b61iiDOoiiblIQbI91Pb,0
bQI1dIlIObIIQood96O9q9iO8li11OO9,0
88o0qb8Ii1ldPlDQQdoq90dOd0PoO99d,0
b6l6qPPdiOqqPqqII0IPqI981bolOqIb,0
bIlqP91O9ld1lqlq6qoq9OiPdqIDPP0l,0
blq0Oq8q6oi89odoPOqIDDQIPO11IQ9O,0
D6IQ1O1D00D1o8IQq0O9qqIibqDiiO0i,0
OlDo09P8l0d6d80i8qD0qQddbi0QQD8b,0
09looidO89Q9DiDdqQiDPlIQDoiobobQ,0
qi9qP1dPd6PPDlldbb8OIlD08Pbd9006,0
89I0ooQbbI1I6O1iq861PQQqIo9iO86b,0
DI91q6O00bliOldqO6DqDdqib86iqPPP,0
o068b00O6QD8lo9O1i9PbQlqO6IQOidD,0
o0l1Qioq1i9iQl6b9q6il0iqi1b1OQ9b,0
6i99bQI11qD818DDdq6qb0Dql880lP8l,0
PdqQ0oO8lIOi800i69I9100olb9Q6D8Q,0
dlbqIDqQiolDo6qdoQli6OO9lQolP6Iq,0
9QP8IdI00QP101lQPPQbP89DIDQPoD0d,0
99OQb9b0IQ98P6IQdPOiqi8q16o16iqP,0
1PQDi1P0dd6bIi9bQ0P0IQId808bPi1Q,0
o6oqqiOOb9Pob66loQoQddlDP6PP69lo,0
o6bPdI8O089O8lbl8OlIb1lPo8o1lODQ,0
606b9d6OiliId69bO9Odi6qq8o8Qd0dq,0
q6di1DQbi88i9QlPol1iIPbb8lP1qP1b,0
19q96Q8l1oqbD0OQq6biDbO6O1oqqb6O,0
P0iOob80dDPqI8oIqq1dOiDd9qilQqDl,0
IIDiDdQ1d6bIqbld9IdO106POdiPO6PO,0
DD6olq00PD91odbO9QbldDb0bQ18oqo1,0
6oI9d9lO6Q0iDD8dIIO08qIODiqiIqDl,0
dD6PqbboDil89DPIID86Pldi6obI1b8l,0
0IldoDlDQql99DqQo0Qq9ioPIiiPoIoi,0
PIO8dod8P9OOP1bi0D1POIi6OdOdQDql,0
qD6q1PD0lIDP89DPDbOOIdq0Pi8iIdD6,0
bl90QbiqoOlDI6iQQQdo0Iol6PIdQblP,0
38145,0
0b8lD690qQO1bDOib1IqiO0OO169o9IQ,0
1qPOO8o9089lI1qQIDIDi0lidob9i6lq,0
q11d0oiQIlbP91dqqddPq9D80lbODbDi,0
IDIQilDID9lO6lO86dq6ldoDlqiii1o1,0
QoD9DQ8QQ11ib0Idob9dbIQqbq0Q8Q6i,0
iQqbdqOlqlPP11d1qI8lO6iQb19dO991,0
IPq8dO1lD8qidDlI0ObboI9IIldQO6IQ,0
Dld100o9l88o6qqId6O96IbiIQiOdbQD,0
oqPii6QDdPOI6lDDQ96DOI8ill61bobd,0
QQd9l19POblQdPdd61OD808DQ1qOQ9dl,0
6lD1ooDi8Pdl0OlO0QoIioI8119I0PPq,0
9bI0dQdb01Dl1bQq1Pq998i0l096D99P,0
b6ldDOq9qi1IiIIdiIl1108q1iQ9O6d6,0
QO86biQ6lDOb8I0oD0i90bqi1ooIIi0O,0
6oolbQ0QiO90Dd0DQbb1D86d8q88id86,0
Q8bIddo10ilqbd6I8QOq1bod1OO8dqlO,0
D6o8lIiDQ80oi6iIbiP9DlOPIl0Q8d69,0
bPI6QobOQl9Q161l8l68069QdO1QbO9b,0
bb9lOdO0Pbb1qOIb1oQq8lPlI9i6IP8q,0
bbiPqbo0lQq9P19i06q690blI91dbbq6,0
,0
i90o9Q0D91bb0Q6qIQ1OiDqqiPPP98oI,0
bbID6DO6PiIOQ1oDl1oiOd1bI9bQPi69,0
b9IoO68b1Qd9I6O8qqoo6q1o8DQ8l9lo,0
boQPliilD01OD1bIdOOIOOi0Q9P16OlO,0
6loP1dbiOq0Q8i9QQOI6o0iOO6bdIQOO,0
Q8bIDb60oPo890oi0l0O9PQd9lOb8o1Q,0
Dbdi9P91PQl660llPQO0l86oDqi1O9Ob,0
6lD9PQo88OI0PQ6db0I1l90lbQOP11O0,0
OddDoQ6dqi0QdQDDOO6qlO08d8bPbli1,0
l9i996ld6PbbiO1911OoOI8lIPQ06ID8,88
d810q0I8q6d0l1POlIO6d66bOPb96dql,0
d1dPPII1o69IlI0d0DlPi1i1idbdPD6O,0
OlQbP19IPDDDqDDO1bd0DII8IoqDo1QP,0
Po09DbIQ9QPoboQi0900lbbOqDoPbIod,0
ib0l98Q00O1Do9oQq1IQOOqQOOb80bIo,0
OPDQ9Oi8I6D1I1iqi8iOiP0bDI9Pl86P,0
0OQdlbo111ib1i88IdIPIbollD68Dii1,384
d1bQ1iIb0I1PoPOQqliIo9PiQQb1119d,0
l6d0ibbliQPQDdb1lP18D9qbPDi1698b,0
I18Iolqio01IlPi9QIqPQ8Q9O6iOod0O,0
PP0P9ilQb1o160O6O6PqQIl60oDi8Db6,0
d0DDd1dP6llPbioqPdiQ0IDd918bDqI8,0
9idOOIdDO01D8PO06bOPPbOIOoiQ8O0P,0
biqbD9I9q9D16i0i1Idb9d111l1QDq86,0
ObiiQb81io69166olbOqODQOQO10DbQi,0
od66Qb16lI019I06lllII811I9ol6l0i,0
,0
ql1Q8P100IIlbl0Pdi08I8qD900idqQq,0
II1199iiDiido80Iq0Q199I1olq0l8i9,0
IQ0ID09qD6O1oOdIq0oilI8I8l9DlP9b,0
Qqd8ObO96dIQ60808diOOqbdb6boQodO,0
QoId0biOD18610ii0DDP61QqOl6qq86q,0
0ddPq801D8PiiqO1oqoQbdOIQ9lQl11o,0
06DO8bb0O891IQ9QP01diqOOl0D80QbO,0
Q8Q6d00DoIiPolOb9PIO0Pll96O0I1qD,0
loii6b8OODDOl9q0OD88Ibb9I0qO0PPo,0
DOQbd61o6P0oq968Po0oqP01qPQ8lPdq,0
i8O81i0iQdqiI8qqP0oo8IPl9IoId1bO,0
iDli1d0oP8lI6i8Qobbilo86OIPIqQlb,304
iIPq9q8PQDDObo610oQoi0ob96PDi8li,0
06O0ObdQobq86lPDo6P18dQ1QPdilIQO,0
Q9Q088PPd0bPi9QQ8iil1lQqPdiQP69D,0
qilOP8l6bDPi98lqDbO6O1obOi068QOQ,0
Iq6olol00o1q66l61QIDdl6biq8OoIoQ,0
O9qDQOQO8dDDIiO9dPP0Pb8qQo9l89D9,0
d6Doi9oi600lP9lI9iiO8q68li8iOO8D,0
q1qI0QibDDP6oPdl8DlIlPo80DqDd66P,0
618q1bI6Odd9dqQd9Q8OIoOdolqi66lq,0
i080lP1QqIiO998qPl888qboIiIDdiD1,0
dI0q9QdPOI1lq6888qI980dqll6dbqib,0
oOOI98q81oQQQP88d6Q6qlbl8QI9d0dI,0
6iq1dqQ1PDQlDO0bio0l89oDDDi6b0oD,0
dDqq9QbDDO8l6q8i1l91oQPbQD8Pqi0i,0
1dq6Oq918dIQb1doqQdbiPPPO9lIdl0P,0
Pbd01POIdQPdl6IDd6D6oP0006o6iO00,0
1d9lDIl6iiiD0D0d8qd6dlDlq6P8o0QI,0
qIqqdd1Odqi1Iiolq9qqPOi0bPPld8Pb,0
Dbl69I9bO9qo6iidPbPPPD11boQPqi8q,0
16oDDIlP8bIODQ6Ql0881d9Qqdb19b98,0
08QQ8iPldb6o96bl0ld61qb99Q0Q19Qd,0
ddq1DldlQ990iidO6O99q61bI1966Q0I,0
6obQo6d0oQ6QoQql0I60b81IO8IOl1IO,0
dbD8PlibPqqdI99901obObb6odqD8qDl,0
9O1O0o8O1qbQ08Q961Ib1iOIDPQid109,0
6bdDP91o1II60Qo99D60QI81o6oPlI80,0
6QdIl8odooDQ0oOQ0IObQqo1lO986PP6,0
iiDdl6b6Pb81oIPbd1DPPQOI1iq0D6ol,0
P0O81Dl9Oiiid8bdOi0oqbD8DqolObbP,0
OO1oqdIPP80QdoP11QP61OdDb0lI1qIq,0
6l0iQ18D0I00P89lIqI8bl9biIOi018O,0
O0DDiq9DQlI9iq861lOoo1d1DI8qqd6d,0
d18DI8bO1lql60Ol1dqQlI8qIobl191P,0
PDbDl9dQQQiold81d9DQ6QQobQqb1OO8,0
68oQQ8lO1qbi0qI8lbO60bP1098qOD88,0
i0dqDPqDll9il0b6qoDPd19OQ0qO9qDO,0
od0idqqoq6lb9qIo9iOblo6D8q18DQDb,0
8Q08qIiIOq0P66q90b0lI0PbP6lb9bOI,0
P8DQP9QIioPdi9IO6q0100PlQOIl86I9,0
d91lIllbboPd668QP88I06Q6QqooQiO1,0
1Ol1i86OQd61IlqPb9O1060l0OQDoDQI,0
dO9b8Id9QQ8DOO69Q0lqi6O9QlDPIPl9,0
1qPIiqqQo0P9dD90I11q90b0ooIidbPO,0
8dbiodDo1i6IolDQdqdOoqDDD90q6liQ,0
PI1DiP0bIi8PodP6O1i8P0P1i8iI1oD8,140
9dD6dlq01qd80loD6OOQb60ql6P6068O,0
08PiiDq6b1oQ8OIIbDql0bDbIID0b1iP,0
li0IboIqq8qddDP0Oi1Q9i8OPoD88IQl,0
OdlOPPblPlbbldOdqblI06Dd1q00PPo9,0
lb19I8d0DPb88QDQlP616lDqoboli90O,0
q08PbOPPbPobob0OII096bP9iil9908D,0
9Di9ODOOl8PDQiO1O6o8lD16QlI609ob,0
Qib986b6oDqPl8IQiOoDOQ06IlbD68bl,0
P1D0q8O1QblDOQP96QQolql9QII0i6Pb,0
0QlIdbiPq11Q0IPoQDI60Dq8Ib66o988,0
olIo8PdO8dq16QqDIQboQq6oPqDO9qoo,0
d9llb88lDI1q0QI10P01lqIqlI6QO0Dl,0
11dQb0qIdbO098ObDqOQQ8Ili9Il0lOd,0
1iPqdbQiqoi9l8D6Q106i01DbOO8191b,0
90qP0000qoO8o8dIidlO611ilO11Oo9Q,0
PIdPo9o0qOIiPDIIlbo9l9dObP81lQqi,0
PIdPo9o0qOIiPDIIlbo9l9dObP81lQqi,148
q8i11qPbo9iq8lQb9d08di81Q88q8P9o,0
Q8qb1oQobdqDqi0i19qqb11P1oDoiD8O,0
bdQ6IobP6II86I1io686Il9qQ69dOod1,0
dDQqqIQlDQ9POd90OPl9Dd1i106odDl0,0
Q10PdOD6bDD9QPQQqiO11669bb0lQ189,0
D9IO16idQq6iiI88loI1i986lIID0O9O,0
qOP1qP69o6id061o9bo8l6P11P1PQI1O,0
,0
18l0blb188Oqqi8I68o8oq91Qbq86QDi,0
QID6qIPod8III8ll8ooQild1QdlPOIdi,0
0QI6ODo0bPq6Io8ibP16d6I81dbI6oDi,0
QQODQlOodQdbOdO6iQPi89PPIQi9oodQ,0
iP6qIl6lD809098io0OiPP08Ii18I6OI,0
1iDPo19Pb9ooi8OqiidbqPb06DDdqiqo,0
DdIo9DQ0ddDld99DQdiiqbPP06OI91I0,0
iI96000Ib9DlIOPlDQIO00oDiO9DbPI0,0
QI06q9lPIoo80DlI18Ooi6dbPl89bqi0,0
O9Id8Qi6OIDIQ6bPi610q0001l1P099q,0
68iQ9666QIQP1IOQbbd9989DQQ1D0dOl,0
io1d1Dq80Di08O1Pb9bQ8DoP9d9Ooi90,0
i916bDibPI9l869o9IIQb8DbO9bPDi6q,0
1DPD60Q8D1qD8i80P160bqDQ81DObDlP,0
D01oOb0IOQ1bbIIdi88O0d80Qo9dblqP,0
DqIO9PI98blQlid88dQiO0ldoiobOqdb,0
60P9IPOdi1OIbD61D8i0D9ODoq6QOIPO,0
ODdoiODodb0ddIP06IqDQdl100q0dIP6,0
qo6l9dbb8D0iDQI1odo0Qb9O1ibDdoIb,0
QoD9DQ8QQ11ib0Idob9dbIQqbq0Q8Q6i,0
,0
PIP60POo0dDQlIiqO9bIQ1oddQD8P9Il,0
Do6oPoo1QbOPo9DIii0Q0180l8b1Doqi,0
Q6ql0lOOdq90DI1PqO1bd10bP0Oi8Q0Q,0
9DI8iOP0660lb968I6Oiiid6DQ68IbOO,0
IdPl6QoiqIl86iQ1QdIoDQdqlq98OIib,0
oo6iiQQbqQ98D9oP6OQPibIqIPd66Qb0,0
PDODO6Qdb9iqd6q0QoI0PiI0lb8l9I6d,0
Id8IPlqQodD01dPiq8oPPQoPQq6booi0,0
qlQbI6dQ8i1iOO1oPbOoQ9b6ODII08Qb,0
0Pq6o89llQl10dl8O0DdP6lIO0ib6Doq,0
9iOoPoQ998qD66DoOOOqD9oDQD88P8I0,0
QiQi666Qd9I6d1899iii80PdQdDlO1i1,0
Dqb08DI0Ii8ilD0lioi9o9D1dodl6dO0,0
bo6PqbbPQ6D096OIP6dDPbPPiDi88609,0
D9I8d1PDOQ8QqP1o1IIi0o8d6660ddOQ,0
Dqb69lDiP6diId6O8Q0I6bbQI88lPlb0,0
1QqObIQPDOq6bI6iOqDiiI66oDQQidlb,0
l08bl1dddob81IP1IbQqbDbiPo9l069l,0
OPQQo1idQoqOq88lIPOQo6DooiP8QO9d,0
I0dOli6do1l1008I8PllOq8DoOoIO8oq,0
oDD1DQ161816dd9Dl8IioOoi9OQdO01O,0
1iIoi89doDiQoo8o0ddl9PQdQP0Ili8O,0
b0QQ6OPD1dDqQ6D6IDQqlDd180Db609I,0
b0QQ6OPD1dDqQ6D6IDQqlDd180Db609I,0
oD6l698q0bQqoIOi0Dd66bqObII8QqDl,0
ibiD8868D116OIqbQ1DQ1IOb8OD1qQ98,0
li608di8PolqqIP808iddOqi11qDDq0Q,0
q6o1id8doDb988l1o01P8dllQ0d6IP9P,0
oIOq6lQQPoD1q11Qiq6dDI6l8DdoQ169,0
ddIiQ90DblbOQQIQPIbQOdb9DdPoOQ9Q,0
I6dI99IOolDD6l6Q1ooPIiDO8Odq0QIP,0
olQl6Qoi0IbobI980q9Q0QIo9qlbq1PO,0
186dd6DQq891Ib9Ilq8Qbo8lIqb0Qoll,0
8bI68oIq08d99P880bDPQ9D80O099Q10,0
lqd0I0Pbqo60I8iDOO88bbD1d9qlQ18O,0
PQQd6lQlDqilqliI0IobolqIDlo0Iboq,0
,0
0QOP6QqdlobOo9i8O6dOl8IdQl89P6PP,0
I61ioI01IOPDPbP1OO0l98PD0iDbid0D,0
96QPqq0q6Id0Ii0QbD1bQqPbiDqb0lPo,0
ooil0dl9OobDPblIPlqoi1P9lll6DD89,0
bO10Q9999DQ9DDP890lQbdlIlIl6IID9,0
ldDD06dIQ0qQPD9OI88P90OOi0bQPD1O,0
8006PP188Qldob68ld6OPqlbl1biod6D,0
di088lOPlqQ1OoQIbilI1P0q119i8o9O,0
I6qdO8Di181P6Q9Ooq0d8d0DOdq1dOOQ,0
odd1O0boo1boqDb0dIOQdQi1IqdO1DQd,0
QobO6O8iQP6I16l0I8QPd0Iq6iQ1loQ6,0
lb9Qo61bbOdQidlQQD8DP8199Q911Id9,0
l8q6diIod06OdP11P6I8oIddiPo16DPd,0
l666Dd0bIO9O69boPd898b19bPDo1IdO,0
P1boP1O60bdI16i6lqqd1Q8ioiPbolqd,0
lqI8DD9Plq6IO8P8P6Pl8Di98DlI9oP8,0
id8lqDol8I889lO9ld0Qbqd9O6PoQlld,0
80d8obPdlobP9qlqiDb01999o01q6DdP,0
0Od1iPb8QO8oDd9db9iq6iOP8DQ08I01,0
oQolO9oOO01ll0I8969i8O1IQliloDqP,0
i6bb1iQb8qObPd09dOlibbdqb91Q0OOb,0
DIiQbd09D0PoIiPl9iP1q8qldOOqol8i,0
8P1809bo8PoqQoqOQilPidOdobbo6iiO,496
P66d8iQQIIQO96qoDdIqi9l19i69D9Dq,0
Q8PqoP91qqI6I909IdQ098091q9q0i19,0
liq91ddlPQ16iooqDDQ86qlodIO10Qb1,0
DOd9bIqddQ91qbQI1bdbbDi1lqPObo8l,0
160Oo1q8DolI6068lQi66OQbQ9Q8ODQI,0
668Q8qQdqoIQQiIQOilDqd8lDOOQ8bDQ,0
I0qiD6Ob86D1oQOib81lID6Dll8iOOOP,0
8909Q00li66qQ906I9QoldIqbiIP1QoQ,0
8PIO18IQqIoODlD8866Dd0I0OD8lb9ol,0
I1i6li9l091l6ooqPlP91OlODPbqqo9P,0
8DO8obP1b669b9QI6q01609bPOdd1o1b,0
ID8Q0oO98i0D0o1i0doIqo6O0O9QDO68,0
Q6b1odD8q99D190oP6ol01DolQPD0OdD,0
91bPDIdqPbdOIQPP68Q6IP61Io980QlI,0
9O8bq8b1Pi6Dl08OiPq10OddOdol1qOi,0
Dl09QdQ19IoQl6D81qdlPPIdolP1lDi0,0
QlQ9Qb00bI0ob9oDIiPqO1QdQ0o6O0O6,0
Od6ddPiQ9qD89loO9lQ86b96bl9DlP10,0
9qQP11666b9qO16QIQ0oQ8PPi01IIDQi,0
D68PQib86POo9D6O8Q0qO8bD6bDb1bdl,0
ilD80b8QQl9Qo0PP0lQ00b8bO9Oqoobo,0
iP8ll9I0dd8d689PPqlI9008d06io09q,0
db6q6DlPd68bbQOOQ99OI1I9QD8PqDo8,0
lOb8O16P9P81olPdI1o1Dl9I6QQoIqIP,0
ODIdIPOi6q6i0i6qDqODQ9qIbD0DQbqd,0
dD6DOI1lDI8o90iO006Dl96D1doDdQ69,0
IPq86q6iq6DP9IOPiiP090PoI0Qb0Io8,0
PqOilI0ql6QDID6oo0Qb9iDo1doqQqPQ,0
0Q6I1llb809bd8i1oo86PQdlo6IQ8DQd,0
IDP9ldQoD8bdQ6d9Q0oI6QlI9b6Db9Oo,0
dlqPb1iqPo81qI89816QIoi01b1b0P06,0
QQ8IoPqdIb61D8o886oo8b6didDIPqql,0
8D0OOb0bi90oi1Io9iIqqiI9110ll8I1,0
D686d06lO9IID8D0boPq0Pd8P89idO99,0
8IQIld8DI9OPD00dqio1lDQ1bq6Q6P6D,0
16Qb0Oib60oQ1Oql8P806dDd8D0boDi1,0
Pd1d96Q91oiboqb86DdddD68dbq81Pdo,0
6dO6i9qq601D8ild9QIlbO8bodbiQ1Pl,0
id0QqdbI8oloO9l08IqI9q1D0819OQID,0
lqqIbPboOl80QOioqb0bq6DoibdOQOlD,0
bo9l0Dl0PbqQQQ16Qq6bOOi68o0996Pq,0
QoDQ0oq08QqiI0DQ8dIPb10qIi6d6i89,0
0b96d606l9bdllQDi1Q89d1O0IPlIb69,0
8IoP10odbqPdPPbIq01OID99o98DIoQl,0
DDlbDddPO8liioQ196P0I9090bDDPQ6Q,0
9PO0qPdi1OQo68Qb09qdIOo6008QoIPq,0
qib6O1d6010d8Iql8IQ0q8diqOP6dIqb,0
006i1i6OOl1bPdql9ID8o6QQ6IIiqP0P,0
6d8DiDl0i1oldbbo0o60PQ0q96d608Dq,0
Pq1O0qIiQII9PP1Qi6dbi9Pdo88dO8Dq,0
98QDoo1I6dP8QoPiDQOdQ09Db80Il68q,0
lQ1QDdooiOO9QPo8q91iD1IqI8Po9ODl,0
9O1O0o8O1qbQ08Q961Ib1iOIDPQid109,164
66P0q8Ibddl9q669b6bD6Ood9IOQbDPI,0
I9Ob6PlIiOQl6iQ6qO6QO0iQ1ld9DDO0,0
6dQQd1d1OQlqQdQ98i01DQ1i9P6QDQdQ,0
6O9O0ooOb8O8Q6D0ldqi1O8o6891Iq86,0
8IdlOq1qI8OO1PP88I6olPiI6IqqqIIO,0
dbIQ6o1lDi1OqqdO60q0lqqD9qPD0qlP,0
QbD9QQP9bqoD00bQQl8obibP9PloQ9Qo,0
d88qo6I08PI8lDiiPoo0o8lPdqQDiq01,0
8Io6oi89Q8DblI8IPdPPI0q98Ql9o98Q,0
8o1iQPiId8P6Db9Iqo1Oo119QDoq8qQ8,0
P8obb0oQq1lbb6Do01PPDI1o8ooO6Pb0,0
0Pd8il0PQd80i1O01i1D9960IdqoQo01,0
oIIPQQD09OqdOP8bb61biDOPI69OP8q8,0
oIII9lI0q6i9Q0b18ldoI6o0PQ0qqD01,0
9QIo1lbD1ldlqPO0iD68io69Pd8b01Do,0
86q90PPqld0qili801IqDOD0Q6boblI1,280
8dbiodDo1i6IolDQdqdOoqDDD90q6liQ,0
Pdlib1o06DD6oIbdIdIoIqQqO8P896do,0
1diQi81loIodIdOlQ8Pd6Qd8b69Q1DP8,0
Ob8Q19QldDliP6qddP1o1ODP91bd1oQl,0
0DODq0P9Qi6i6q8QPoPPOiOi6ib0188b,0
08PiiDq6b1oQ8OIIbDql0bDbIID0b1iP,0
00o6QPq0Qdl8IQolO80q6dD86696O6ob,0
PO9Pl1q896bDDl89qQb98D80DQoPio1I,0
Doo9l68ddi11PQOOd6o11Q9Dd1lIQ9I6,0
6PoillDiqb0Oo9qOiIDOb1qQQIbPqDoi,0
ObIOQ6id8DOdlQlil8819ObqoDQIIoiO,176
8QbqP80q9PI8bbi0qOoiibOQD08OPdli,0
qqDOddP66Ol1q1IIOb1OPO68DP1ood1i,0
qqDOddP66Ol1q1IIOb1OPO68DP1ood1i,488
PIPdidPO68916i10dO8lPoI9Q9blPbID,0
idIibqoooOlQ1DId8lOidd6il0bdoql8,0
0Ilqbl8q8Q6l6886Q9P9DOi69oIb1b1d,0
69qoD0l6olQqqbl09b069q898b600I6o,0
ODlO019O088Q0bl9QI1PPqQ01iD68191,0
d9llb88lDI1q0QI10P01lqIqlI6QO0Dl,0
dIdDQD1Q8oPQ90Q1DPbiQI661qD9oi6I,0
I90bd6obO890P0d1iiPD0dol8o8QloQD,0
8DdIqobi0liOPDO1qld6lQ9Dq00I66qi,0
ol6IDd019O0qq8dblPQ96ol1oPbI990b,0
90DO081odOdPDblDOqQi1O68Iq988obq,0
OPdooDlO9iO09lI1ODP00660loDiiodi,0
qdbod6lI0I8O118DPq80D8b0o00OodlI,0
1900DdoIl00b88q6Qq9ob9D6lQ8IQiPb,0
90lolio9qd6qo6Pl8oo69iqi81oiiQib,0
1I9ODbQ81qi1006QoQI6d6dbd9iiPD9O,0
1Ob1I0do8Iq6QqP6PQIiddD18dqDP9oo,0
q0I018lPqbdi66qiiiQlqIb9O19O9061,0
bPb96lbDP9OdI0Oi1189iOPPdllPIDQb,224
Qq8bbbqO6qQ1DPODd16oi1QDQoQ9b8DO,0
dqb09QD6o0O8PooiqbqQOdqQ1l80o691,0
qIqbqPblQIIObd9166bbDiioOIiIq991,0
qOP1qP69o6id061o9bo8l6P11P1PQI1O,0
1Dl19idl0i0qiqidbDIIbQddiP6o11PP,0
89I0ooQbbI1I6O1iq861PQQqIo9iO86b,0
d9iqoill801Q891P1OiPDIbDlQ9qoQ1b,0
bD1DbibPIq9IIlQd0OIIl0o91QI1il69,0
lO91bIQ0Q990PqPbPIq88b9I9PI6ID0Q,0
II68b0dooOIOlOiq0iQO18blDd6b9O9D,0
61P0I66id16QIi08Q1918PlldOOiooql,0
Od8ld9bQQPDddIqDQ1PloOOdQ0IQo0O9,0
odlOiO6di119680QOoOo8dO8IO0DliI9,0
I98DbDO1OqIPD9Q608DqoO1I6Iqi1ddo,0
dOilPdQDPQP0l8Po6Pli96i010d88dii,0
6bid6d9qPQ80DOqiidQQ891o6Od8801l,0
68iQ9666QIQP1IOQbbd9989DQQ1D0dOl,0
io1d1Dq80Di08O1Pb9bQ8DoP9d9Ooi90,0
IP00ID9bdlOoP9o9lo1qlO0D1Pdo9I8l,0
19q96Q8l1oqbD0OQq6biDbO6O1oqqb6O,0
o1Od8IPqddIP0oIPod81PDodPo1qo88o,0
P0iOob80dDPqI8oIqq1dOiDd9qilQqDl,0
DD6olq00PD91odbO9QbldDb0bQ18oqo1,0
dD6PqbboDil89DPIID86Pldi6obI1b8l,0
O6q0qIQdII9086d9q6o0D1PO06liQ9iO,0
Pld9iO6oi9qlDD08l8QDdIi6d6Q6iDd1,0
O0Id19qQlDibiDdIP90o81bOo16qbQ0o,0
Ol8PPooqO8iOqQ6900o0q0QI9dPo0O0b,0
l1b8iDqOdQl6PbIIdb966qQ8d9i9dOPQ,0
1qPOO8o9089lI1qQIDIDi0lidob9i6lq,0
QOPioi8P81q9l0QiP6q06b06bdOO8b1O,0
obd0PDIDq8qqd9q9qdbDdqD98bd61I8D,0
i09oqb0o1boQdi1blIb1D08PlDI1o6lo,0
6lD1ooDi8Pdl0OlO0QoIioI8119I0PPq,0
b6ldDOq9qi1IiIIdiIl1108q1iQ9O6d6,0
60dq6Plo0do9iQOl6ql111P9OPd9i01l,0
b1do8OI6qDDlQO0PI16868ql6bdbI886,0
bbiPqbo0lQq9P19i06q690blI91dbbq6,256
l08bl1dddob81IP1IbQqbDbiPo9l069l,0
bd9dlo8IQOOdQD0dlPQ0bqqdOdl90ol0,0
d0ll11iidiii09D9q81oo1Pq00oDbQ1i,0
l9OQPi0do19dQPO8ilq0QDbll8P8Ib6O,0
8O6b1D9PDO0ll1IO9d1ODDPPo0QPQbob,0
IPDid8ii1iQb19lb6iqOi91O0il018Ql,0
b80qOO6l8060990qQPod1bOd8Q9d69qo,0
6lD9PQo88OI0PQ6db0I1l90lbQOP11O0,0
OPOIPIi1OioQ98qbO100q6QiDP8dIDq6,0
0lIIil06b8q819P9lDil09o6qlqo9I1i,0
POQQQqI8q69qP6Id8Ol01QI60OIoiil8,0
lDOPd60Q9obl6D0q8qqdQi9lioblD1db,0
bilO9D91P1lo81oIDP6qOoqdDdQdoDlP,0
D9lq0DioIl9D6ll0d61990DP9qPPb1dP,0
6d6bqoOlqi8ooqOdlqdPblqol88b68QP,0
891b0OdIdO8b9obi69b6PQlPIqDI01dO,0
Qo1qdD0Q9d11d9Id6o09P9id8lPbOQ6o,0
1iQIIPdQQOOlP9l90oPdIi60D9OOlqoQ,0
8qIbQqbIDDPPi10Io0QdQ8Ilod11qQdl,0
QQdIOi1Q81IqIoDqo80P0I1Q9qIdq1il,0
OPDQ9Oi8I6D1I1iqi8iOiP0bDI9Pl86P,0
I6qdO8Di181P6Q9Ooq0d8d0DOdq1dOOQ,0
OQbdD9iD898Q01oIddDliq8q9D1QlQ1I,0
DIDd9l0dbi1QdQ89I6Do9bolDqdb1dPO,0
i0b0118q8D1QlQbIbli0P0IQ0QP08QdO,0
6OOd69q0oP8iblIIb08OQO9dq9oIq8i6,0
d9QO9odlI18i96I6DQPld1iiol8ODl0o,0
bDDd08iP8dlIlOo6iqd91dPiI1lQdOQq,0
I18Iolqio01IlPi9QIqPQ8Q9O6iOod0O,0
q0QIob1PDI6IP86dlPb6I6il9d6bP606,0
9I00D9Id61iD6QP8i8Dd6698PoQ9bdi9,0
db1DlQ9qqI8PiqPD6q88O1P8PDbP11dq,0
q6iD8idqo69qIPl00IQidoq1o1o1d1b9,0
liq91ddlPQ16iooqDDQ86qlodIO10Qb1,0
IlbI1QQOPI0o0IdoPI6QPldqQob16DOq,0
QI8ID6bQ9Ql0IdqddI16OqPdib9OO1Do,0
D08qoOdPd8iOO916bOPIIIdqPP6O00iP,0
Ol01P9IIoDIOldo8IQI0l6bd9lb9q0oo,0
iqiqod1l08DlDql98QOi10oibldd8b86,0
Pi69o0idP1obO9QDqIDbPdqlb90q8Dq8,0
91dD6iqPO066do99169POPbQPbo9o6oq,0
lDIO66Dqili0bD0Qo00iIlO6b100i8i0,0
DDDiQOd1IQQ6QIIq09PDqdQdDIll6bQI,0
Iq6olol00o1q66l61QIDdl6biq8OoIoQ,0
i0P1O6lbP1oDd6q6b08iPPoq6iPdI818,0
qiDOD0iidOli9l0qbP6IbOD19OQ8D8Po,0
oPP1Pdl6Qdlb8oq10PP1doDibdbbl9bl,0
6IDll6i6d8iII686qq6DddiI00iD8o9d,0
P0IoP69l6q08q8DoPD1Q8bqq099Pi1iP,0
POoldOddQl9Dbq8b6iOP0iPoQd6IdOPl,0
88qq1I89IQ8P9PdqbbdD0ood8oi9d68I,0
91qD6DbDqi96qbIO66oboliPD8IPP6io,0
II8Dlo69PoPOII9P88qdlQPP8I61DlDo,0
Dl89dQdOQooI0i0DoPQd68db6di86PD8,0
ibI69PPO1iP0D1IlI0bb11QOq6081POo,0
qib6O1d6010d8Iql8IQ0q8diqOP6dIqb,0
Dbl69I9bO9qo6iidPbPPPD11boQPqi8q,0
16oDDIlP8bIODQ6Ql0881d9Qqdb19b98,0
0DDo1ilPDQoIoPd8ol9OPO1IPbi9ii6d,0
6d8DiDl0i1oldbbo0o60PQ0q96d608Dq,0
D89QP18016o01qoOi60I6Q19dlOQPbdo,0
9DoD10OPQ999IlP0doo69olbOQ680q09,0
66P0q8Ibddl9q669b6bD6Ood9IOQbDPI,0
IqPq866IQD0liq9lOl00qDqiPlq9bOD0,0
dOb880lOloIIod00PQ1iQOQqlOOQ0Ql0,0
37266,0
PDbDl9dQQQiold81d9DQ6QQobQqb1OO8,0
dbIQ6o1lDi1OqqdO60q0lqqD9qPD0qlP,0
od0idqqoq6lb9qIo9iOblo6D8q18DQDb,256
P6id8qqolbP0oqO060OOqbl60DI9iQoQ,0
0Pd8il0PQd80i1O01i1D9960IdqoQo01,0
1qPIiqqQo0P9dD90I11q90b0ooIidbPO,0
o1biqbO9i1IiObD0d1D8d8iqb6q86Qqi,0
D90qii9D6P0POQ69Iiblib00Po1DIoi8,0
6PoillDiqb0Oo9qOiIDOb1qQQIbPqDoi,0
OiIOPd80d9PQQIbidO6ObioboO88OD9l,0
OdlOPPblPlbbldOdqblI06Dd1q00PPo9,0
9i6dOd608qb0IlqoDIPb8q1o8q1ddQQd,0
O6llIdODQD6oDQ6QiPQDOlob9i8l6qib,0
Dlo0PPibIoQbOI8I61O1DobQOIiDb11b,0
9IdoP1ld9098PI90QQ6bP0Idl1ibo80D,0
dIdDQD1Q8oPQ90Q1DPbiQI661qD9oi6I,0
lIlQ8DbPP6Iil1DOlQ6d8IPQblDQ8IiI,0
00obPO6oPIPOoD9qb0dIl6q6D8P6o9bI,0
1I9ODbQ81qi1006QoQI6d6dbd9iiPD9O,0
dDQqqIQlDQ9POd90OPl9Dd1i106odDl0,0
9ddIP1i0O6l8oO9iI9Ii1Q1o800boQ0D,0
qP8qb6lIqPIlO696q8881qoIqi1O6ldI,0
D6IQ1O1D00D1o8IQq0O9qqIibqDiiO0i,0
OlDo09P8l0d6d80i8qD0qQddbi0QQD8b,0
09looidO89Q9DiDdqQiDPlIQDoiobobQ,0
oOI88lollO1OOQQd9DPi0690I6i6oiII,0
18l0blb188Oqqi8I68o8oq91Qbq86QDi,0
0QI6ODo0bPq6Io8ibP16d6I81dbI6oDi,0
o068b00O6QD8lo9O1i9PbQlqO6IQOidD,0
o0l1Qioq1i9iQl6b9q6il0iqi1b1OQ9b,0
DdIo9DQ0ddDld99DQdiiqbPP06OI91I0,0
6i99bQI11qD818DDdq6qb0Dql880lP8l,0
dlbqIDqQiolDo6qdoQli6OO9lQolP6Iq,0
81qibDQqq8idiD1lQqq0qdqD6i6q1QDb,0
99OQb9b0IQ98P6IQdPOiqi8q16o16iqP,0
dQPPd10QO9d8IiOiIi8iDD1Qdq8lQli0,0
q6di1DQbi88i9QlPol1iIPbb8lP1qP1b,0
D8q1ObblD0i6liQ0OD6OdD0qIo9oPldb,0
0IldoDlDQql99DqQo0Qq9ioPIiiPoIoi,0
PIO8dod8P9OOP1bi0D1POIi6OdOdQDql,0
99q8i8bPldDbio919ob0DPi0bqdIoobi,0
bl90QbiqoOlDI6iQQQdo0Iol6PIdQblP,0
81QD89Q6Ob911oOoobO0D98IQ1D1q60d,0
60P9IPOdi1OIbD61D8i0D9ODoq6QOIPO,0
Ol8PPooqO8iOqQ6900o0q0QI9dPo0O0b,0
38145,0
0b8lD690qQO1bDOib1IqiO0OO169o9IQ,0
,0
IPq8dO1lD8qidDlI0ObboI9IIldQO6IQ,0
PIP60POo0dDQlIiqO9bIQ1oddQD8P9Il,0
IbI90PiioDlqPP19D1odPPbP1PP0009O,0
bPI6QobOQl9Q161l8l68069QdO1QbO9b,0
bo6PqbbPQ6D096OIP6dDPbPPiDi88609,0
Dqb69lDiP6diId6O8Q0I6bbQI88lPlb0,0
I0dOli6do1l1008I8PllOq8DoOoIO8oq,0
Q8bIDb60oPo890oi0l0O9PQd9lOb8o1Q,0
1o6dQqq9P8IQ6PbQO88OI1b91P9DoqQ8,0
OddDoQ6dqi0QdQDDOO6qlO08d8bPbli1,0
d810q0I8q6d0l1POlIO6d66bOPb96dql,0
D9lq0DioIl9D6ll0d61990DP9qPPb1dP,0
olQl6Qoi0IbobI980q9Q0QIo9qlbq1PO,0
09P10l1q98b1DiDQdlIii0bld111O86D,0
l666Dd0bIO9O69boPd898b19bPDo1IdO,0
6DQ9D9oi66I8ODi8o0dPdOD1ibbIqIdI,0
l6d0ibbliQPQDdb1lP18D9qbPDi1698b,0
QQldo10ObPPQPlliODiDIIl0Q1oPoo61,0
QQldo10ObPPQPlliODiDIIl0Q1oPoo61,0
P1boP1O60bdI16i6lqqd1Q8ioiPbolqd,0
QD9Ib18D9lIO10O19d16PbPb68q1190d,0
IQ0ID09qD6O1oOdIq0oilI8I8l9DlP9b,0
Q9l0i6DPO08obldq101ldDioiqdIDqlq,0
8P1809bo8PoqQoqOQilPidOdobbo6iiO,584
QoODOoqDli0bOoqqDo8ODo1lDI9llblo,0
Q8PqoP91qqI6I909IdQ098091q9q0i19,0
dDlDPddq08iD8IOb9I1PbODP9696966D,0
I0qiD6Ob86D1oQOib81lID6Dll8iOOOP,0
06DO8bb0O891IQ9QP01diqOOl0D80QbO,0
D08lqQOPdOO6D6ll690Qd6PdbO111011,0
Q9Q088PPd0bPi9QQ8iil1lQqPdiQP69D,0
db6q6DlPd68bbQOOQ99OI1I9QD8PqDo8,0
O9qDQOQO8dDDIiO9dPP0Pb8qQo9l89D9,0
96d9qiDD8l09DQq6O1DO6O6I1IdP8q0D,0
Q9iiOo800blDqO0DDDPI1PIbl1lIidI1,0
OoQoQIP06Doq1d88dDQQdlQ8i68Do9DO,0
PdD1dlq1q00q8o9Il6IIqi61Il9DIo61,0
i080lP1QqIiO998qPl888qboIiIDdiD1,0
QoDQ0oq08QqiI0DQ8dIPb10qIi6d6i89,0
9PO0qPdi1OQo68Qb09qdIOo6008QoIPq,0
bdP0IOiPiQ8OlIbD1QQO8O6dPQqqb1Qb,0
006i1i6OOl1bPdql9ID8o6QQ6IIiqP0P,284
id9oObq9P6Q6Pq6lQPqI88OP1DD8D0O1,0
6obQo6d0oQ6QoQql0I60b81IO8IOl1IO,0
D89QP18016o01qoOi60I6Q19dlOQPbdo,0
6QdIl8odooDQ0oOQ0IObQqo1lO986PP6,0
9DoD10OPQ999IlP0doo69olbOQ680q09,0
6O9O0ooOb8O8Q6D0ldqi1O8o6891Iq86,0
8IdlOq1qI8OO1PP88I6olPiI6IqqqIIO,8
8Io6oi89Q8DblI8IPdPPI0q98Ql9o98Q,308
68oQQ8lO1qbi0qI8lbO60bP1098qOD88,0
i0dqDPqDll9il0b6qoDPd19OQ0qO9qDO,0
oIII9lI0q6i9Q0b18ldoI6o0PQ0qqD01,0
9QIo1lbD1ldlqPO0iD68io69Pd8b01Do,0
PooiIP8qP0IPd9D1Ibi6l9bDoqdi9P8O,0
Pdlib1o06DD6oIbdIdIoIqQqO8P896do,0
PD9lP16dllbPqbdIO0Ii0I8D1I90QIIl,0
9i0q91lPPiO61b9P891O1i86iOP1I08O,0
PO9Pl1q896bDDl89qQb98D80DQoPio1I,0
dDIbQIPo0PIoIP6lbbl8q9Q1Q8ib9P18,0
OiIOPd80d9PQQIbidO6ObioboO88OD9l,0
O6llIdODQD6oDQ6QiPQDOlob9i8l6qib,0
8QbqP80q9PI8bbi0qOoiibOQD08OPdli,0
9Di9ODOOl8PDQiO1O6o8lD16QlI609ob,0
Qib986b6oDqPl8IQiOoDOQ06IlbD68bl,0
9IdoP1ld9098PI90QQ6bP0Idl1ibo80D,0
11dQb0qIdbO098ObDqOQQ8Ili9Il0lOd,0
ol6IDd019O0qq8dblPQ96ol1oPbI990b,0
109P1iO9i6q1q0bdQobiodQDoD619dqd,0
00obPO6oPIPOoD9qb0dIl6q6D8P6o9bI,0
bIlqP91O9ld1lqlq6qoq9OiPdqIDPP0l,0
1Dl19idl0i0qiqidbDIIbQddiP6o11PP,0
89I0ooQbbI1I6O1iq861PQQqIo9iO86b,0
1980q80l1Q96O881IidPd16qDbOol9Qd,0
,0
d9iqoill801Q891P1OiPDIbDlQ9qoQ1b,0
iP6qIl6lD809098io0OiPP08Ii18I6OI,0
lO91bIQ0Q990PqPbPIq88b9I9PI6ID0Q,0
o068b00O6QD8lo9O1i9PbQlqO6IQOidD,76
o0l1Qioq1i9iQl6b9q6il0iqi1b1OQ9b,0
DdIo9DQ0ddDld99DQdiiqbPP06OI91I0,0
6bid6d9qPQ80DOqiidQQ891o6Od8801l,0
606b9d6OiliId69bO9Odi6qq8o8Qd0dq,0
io1d1Dq80Di08O1Pb9bQ8DoP9d9Ooi90,0
q6di1DQbi88i9QlPol1iIPbb8lP1qP1b,0
19q96Q8l1oqbD0OQq6biDbO6O1oqqb6O,220
6oI9d9lO6Q0iDD8dIIO08qIODiqiIqDl,0
0IldoDlDQql99DqQo0Qq9ioPIiiPoIoi,0
PIO8dod8P9OOP1bi0D1POIi6OdOdQDql,228
i916bDibPI9l869o9IIQb8DbO9bPDi6q,0
i916bDibPI9l869o9IIQb8DbO9bPDi6q,0
DqIO9PI98blQlid88dQiO0ldoiobOqdb,0
l1b8iDqOdQl6PbIIdb966qQ8d9i9dOPQ,0
qo6l9dbb8D0iDQI1odo0Qb9O1ibDdoIb,0
i09oqb0o1boQdi1blIb1D08PlDI1o6lo,0
8O6b1D9PDO0ll1IO9d1ODDPPo0QPQbob,0
lO68Q0iPIOiOIDDd8dOPoiql9OI81DQ0,0
b80qOO6l8060990qQPod1bOd8Q9d69qo,0
oIOq6lQQPoD1q11Qiq6dDI6l8DdoQ169,0
OddDoQ6dqi0QdQDDOO6qlO08d8bPbli1,0
OPOIPIi1OioQ98qbO100q6QiDP8dIDq6,0
lDOPd60Q9obl6D0q8qqdQi9lioblD1db,0
I6dI99IOolDD6l6Q1ooPIiDO8Odq0QIP,0
186dd6DQq891Ib9Ilq8Qbo8lIqb0Qoll,0
96QPqq0q6Id0Ii0QbD1bQqPbiDqb0lPo,0
1oIo1DliQqPol00Q1l1bPODbdOilodod,0
QD9Ib18D9lIO10O19d16PbPb68q1190d,0
DIiQbd09D0PoIiPl9iP1q8qldOOqol8i,0
DOd9bIqddQ91qbQI1bdbbDi1lqPObo8l,0
160Oo1q8DolI6068lQi66OQbQ9Q8ODQI,0
8PIO18IQqIoODlD8866Dd0I0OD8lb9ol,0
illQ66d0QlbDl18OOb8P0ODD0oDP19PQ,0
iqiqod1l08DlDql98QOi10oibldd8b86,0
Pi69o0idP1obO9QDqIDbPdqlb90q8Dq8,0
8D0OOb0bi90oi1Io9iIqqiI9110ll8I1,0
6IDll6i6d8iII686qq6DddiI00iD8o9d,0
P0IoP69l6q08q8DoPD1Q8bqq099Pi1iP,0
Q9iiOo800blDqO0DDDPI1PIbl1lIidI1,96
6dO6i9qq601D8ild9QIlbO8bodbiQ1Pl,0
DDlbDddPO8liioQ196P0I9090bDDPQ6Q,0
Dl89dQdOQooI0i0DoPQd68db6di86PD8,0
Dbl69I9bO9qo6iidPbPPPD11boQPqi8q,0
9i0q91lPPiO61b9P891O1i86iOP1I08O,0
PO9Pl1q896bDDl89qQb98D80DQoPio1I,0
bIlqP91O9ld1lqlq6qoq9OiPdqIDPP0l,0
1Dl19idl0i0qiqidbDIIbQddiP6o11PP,0
6bid6d9qPQ80DOqiidQQ891o6Od8801l,0
606b9d6OiliId69bO9Odi6qq8o8Qd0dq,0
I0dOli6do1l1008I8PllOq8DoOoIO8oq,0
186dd6DQq891Ib9Ilq8Qbo8lIqb0Qoll,0
