eamuse_id,romanized_title
dD6DOI1lDI8o90iO006Dl96D1doDdQ69,Ai-shi AI sare
6iqOPoP6lQi8ilD10o8ol11DQbqooOqP,Ice Cream Magic
OboID1PloIIoOOObQdQOP110I61Ddl9I,Aoi Shoudou for EXTREME
6d10P0Pd1PiD1l6DPQdoPD1Q8DP0QlqQ,Ao ga Kieru Toki
PP0P9ilQb1o160O6O6PqQIl60oDi8Db6,Aoba no Ashioto
8IQIld8DI9OPD00dqio1lDQ1bq6Q6P6D,Aka to Ao no Rampage
d6Doi9oi600lP9lI9iiO8q68li8iOO8D,Aka to Ao no Rampage
918oPDQDoPlD1OlqlqQI08I6dD9iqoil,Asairo no Kamihikouki
111O66bbPIQb09PlIoolIOD666QqqIdP,Adrenaline
16bl8D8lOddP9Obq0OIlOI6q8Pi1l9O0,Amanojyaku
06O0ObdQobq86lPDo6P18dQ1QPdilIQO,Ayakashi Kakushi
PDoiQoi9q08PQ96Pl6oD9IIi6iq0Q6D6,Ayumi Magical Showtime
D6IIDqlO8idioiPo8l61Ob11D6Di0DiQ,Alice Side Castling
8bQQ0lP96186D8Ibo8IoOd6o16qioiIo,Alstroemeria walk with you remix
1d9lDIl6iiiD0D0d8qd6dlDlq6P8o0QI,Awaodori Yappari Odori wa Yamerarenai
Oq900IIl1Ob8qoIPqDP0PD6blbqIqlP1,Yi Er Fan Club
61oIP0QIlO90d18ObDP1Dii6PoIQoOD8,EDM Jumpers
oQIO6Il1IboPPDb6oDql61oIob9l619q,Igaku
ibI0QllidqQ089ql8dob6bIoodbbIoqq,Ikareru Ookina Shiroi Uma
Odb0b0ld6P80b8b6QD0IIO866iq8OQ0b,Itetsu no Pride
DQ1dqP1IoiD11QOPiI0Q8PqO0Qddo6q6,Innocent Bible
d01QdIl6i69DqIbbQQd6IPOiQOObPdIi,Ima Koko Kono Shunkan
16IqQ680IioldO69QD61liQod0DQ8boQ,Iro wa Nioedo Chirinuru wo
8ooI09QP161IqI00IdPOD1QdDd8oDod9,↑↑↓↓←→←→BA
9oIO98IPOiq1idiIIbOOqdDQIOdQPPd6,Usatei
q8iPi1DP6Do6D110OQiQDdPq06q80Qb0,Usotsuki Yokochou wa Amemoyou
bi9OolI1P9oI8dDPlbQiq01Dl080PQ61,Umeyukiyo
bd8oD0iqDQ8Qobd1oIqi8981QbD6I6Iq,Alien Alien
80PdqQ0iiOQb9i91lIliodiO9PI8O609,Exciting Mo Cha Cha
0Od1iPb8QO8oDd9db9iq6iOP8DQ08I01,Explore
oQolO9oOO01ll0I8969i8O1IQliloDqP,Endorphin
lqI8DD9Plq6IO8P8P6Pl8Di98DlI9oP8,Oh my Lovely Sweetie Darling
9I00D9Id61iD6QP8i8Dd6698PoQ9bdi9,Okome no Oishii Takikata Soshite Okome wo Taberu Koto ni Yoru Sono Kouka
ilD80b8QQl9Qo0PP0lQ00b8bO9Oqoobo,Osenjyu Meditation
I606oqOODOdQoP0IQOdP6b0DPdb86ddO,Otogibanashi ni Makugire wo
i91q8l0bbi8qll000ob6qDiQP891iiql,Otome Ryouran Maisaki Hokore
8IoP10odbqPdPPbIq01OID99o98DIoQl,Odore Virtual Animal
qdQoQli1d8DP0Obb919I6P1Odilib1Dd,Onegai Darling
9oP18iDQ9P96bdooq0boQDPQqiiIqOql,Ohisashi Chuukagai
I96dOqqqQIi9oiqbqDPbQ8I8PQbqOb1o,Oboro
oPP1Pdl6Qdlb8oq10PP1doDibdbbl9bl,Oboro dj TAKA Remix
bdP0IOiPiQ8OlIbD1QQO8O6dPQqqb1Qb,Ongaku STARDOM Remix
0Ib6qIb0iPOoQqqDIl90dP0PI0o9QlDd,Onna Kotoba no Shoushitsu
88qq1I89IQ8P9PdqbbdD0ood8oi9d68I,Kagachi
dDqq9QbDDO8l6q8i1l91oQPbQD8Pqi0i,Kakugoseyo Enternmeen Yori Mi no Kiriuri Jiboujiki Ban
l9lq19DdiD8qQPoPOlboi1qQii0IQI86,Kakumei
l1lO999PqIboPQOD86PDQo1ol1iIiiOi,Kakumei Passionate
ql1Q8P100IIlbl0Pdi08I8qD900idqQq,Kagerou
II1199iiDiido80Iq0Q199I1olq0l8i9,Casino Fire Kotomi Chan
6DibIbiiDlq1OiI6QOlPlO1loQOiDb1q,Catharsis no Tsuki
id1lodDbo0Iq9088Qd19d1OlDPP01D8o,Colorful Pastel
O6P1dIO0IDO6o8ib6i8oP86Qb9D08idd,Colorful Minutes
O6ld8Oo6Dq6OO61dIl1iPqqPO8b0d9bd,Kawaikute Gomen
6OIoOPDb9iI8i1Do9qQ96Q0ddOdd6q9i,Kanbu de Tomatte sugu Tokeru Kyouki no Udongein
i89IO1PPOl0boOol0bQI19Q9liQ0l6O1,Kiken na Kajitsu
61iqiQDQiobb8Pbq8o9qoldq8PlIdbIb,Gya Gya Gya Galaxy
6dQ0P6odPlD6dQdbP8dIiQQdQ66qllI6,Kiyarora Eisei no Kiseki
8OlQb0IDIOD1qIIiIqI0l6ol06bbDiDi,Kyu-Kuriran
QIDd80o0OqobODP00ldQ1D9dl81qQi0d,Kyun Kyun Bakkyun LOVE
q1DPdd1ooiPi9P0b0Obqq1QqbD86Qb18,Kyoka Suigetsurou (DDR EDITION)
Dooii0960OioP6Q1l0qi68Q8Dbd9OO91,Kyousui Ichika
8I090lbOOOP90O01bDbi0Qo0OPldIdP6,Kyouhan Heaven's Code
b86i9lPlObdl1008PO0PIi09q9o9l88i,Kyoufuu All Back
1bo1qQDPidPPOlD16Ii9PoQOlQ996qb8,Kyokuchi Daishougeki
id8lqDol8I889lO9ld0Qbqd9O6PoQlld,Kirakira Universe
8Q8OiP8QPbl8bqID1loQq896ldPQd99o,Kuranogawa Ondou
q6iD8idqo69qIPl00IQidoq1o1o1d1b9,Crimson Gate
16oDDIlP8bIODQ6Ql0881d9Qqdb19b98,Kurokami Midareshi Shura to Narite Rin edition
IbDoODD9qb66Iqd6DbOQiOoDll1DqiO9,Kunshi Ayauku mo Chikou Yore
Pd1d96Q91oiboqb86DdddD68dbq81Pdo,Gekiatsu Majiyaba Cheer Girl
qiDOD0iidOli9l0qbP6IbOD19OQ8D8Po,Gekkouchou
8D0OOb0bi90oi1Io9iIqqiI9110ll8I1,Gekkou Ranbu
QlID98Ddoi6O8lP8IQd6iid610011l60,Gensoukei Sekaishuufuku Shoujo
db6q6DlPd68bbQOOQ99OI1I9QD8PqDo8,Koiuta Karuta Queen Iroha
I1qd16dPdqPi96ql0lP10OQDbo11D89P,Koi Shigure
Q9Q088PPd0bPi9QQ8iil1lQqPdiQP69D,Koisuru Space War
i9il1DIDl91Db0OdllOddIqO600Pl89q,Koi no Puzzle Magic
6l99bqIQOQl0QQDIoiQ6PQPOoDPlD0O9,Koi no Hyoketsu Otenba Yukemuri Cirno no Onsen
qilOP8l6bDPi98lqDbO6O1obOi068QOQ,Koi ha Dou Moro Hadou OK Houteishiki
bo9l0Dl0PbqQQQ16Qq6bOOi68o0996Pq,Kouen
DdQ1lQ1Qb1P1oPl1QOd0Q0O9qqidiI9q,Koko Kara Yoroshiku Daisakusen 143
qbbPQoqqqiPd98d61P0qDd0iDId6OqoQ,Kono Aozora no Shita de
9idOOIdDO01D8PO06bOPPbOIOoiQ8O0P,Konoko no Nanatsu no Oiwai ni
9ioI0IQ16OPb1Q0q8Oqdd6D9dPqDb618,Comet Skater
q8llPoIloObO6QIPlQOl9P06dDQlPlQi,Confeito Concerto
Q9iiOo800blDqO0DDDPI1PIbl1lIidI1,Konran Shoujo Soflan Chan
i0P1O6lbP1oDd6q6b08iPPoq6iPdI818,Saishuu Kichiku Imouto Flandre S
O9qDQOQO8dDDIiO9dPP0Pb8qQo9l89D9,Saishou Sanbai Kanzensuu
9bqO1dPbO1b89q9dO1iOP1ibiPdP01q9,Saisoku Saiko Shutter Girl
0i8iq6bldDo9l0iDi9q9OqIoQOlqld0q,Sign wa B New Arrange Ver
llo89P08I1PlID9DO8lqdbbq69O8Qiib,Sakasama Cinderella Parade
Dl89dQdOQooI0i0DoPQd68db6di86PD8,Sakazuki
911lId0IooIOq1oDPoQ0iQiDiOIbd6oo,Sakura
O91llDdDb1lbbPDbDoPQ09l0l68o9iQ1,Zattou Bokura no Machi
doIiQl6oDPP6i9qobqoobblPQqPiI9bD,Sana Molette Ne Ente
1P9bqO00bIQ0q8d1Q80l0Dq8oi6boqb0,Sayonara Trip Natsuhi EDM edition
lO08lblo68qbdPq0dIlIqqdiiOq900Pb,Sayonara Heaven
16Qb0Oib60oQ1Oql8P806dDd8D0boDi1,Zanzou ni Tsunagareta Tsuioku no HIDEAWAY
lDIO66Dqili0bD0Qo00iIlO6b100i8i0,Danmaku Shinkou
D11ldIqD8dQIi9oQQIIo86QOI8D9olP8,Shiawase ni Nareru Kakushi Command ga Aru Rashii
qlPqO10q6PliDQDbd01IP0b6iqO0bDb6,Shijou no Laturia
oQ8oqddQOObiq0ldo68i1d6o1IidObi6,Shizuku
OoQoQIP06Doq1d88dDQQdlQ8i68Do9DO,Shikkoku no Special Princess Sundae
PdD1dlq1q00q8o9Il6IIqi61Il9DIo61,Shippuujinrai
0d8Q9I86lo8oDlQiPd81ll66ob0qli89,Shakarikiri Relation
6dO6i9qq601D8ild9QIlbO8bodbiQ1Pl,Shakunetsu Beach Side Bunny
l0OPoQ1O8q8DPDo0Iol6qD6DiIqdD9P9,Shakunetsu Pt.2 Long Train Running
i6bb1iQb8qObPd09dOlibbdqb91Q0OOb,Shamshir no Mai
lIlold9IQbDb0d6IdP6600DOQIDb9dOP,Jyuuni Seiza no Seiiki
618q1bI6Odd9dqQd9Q8OIoOdolqi66lq,Shukusei Lolikami Requiem
DIiQbd09D0PoIiPl9iP1q8qldOOqol8i,Schrodinger no Neko
dQQ6dQb1dQDd8bPqIPI0blb11ioq1QQo,Shuwa Spa Daisakusen
dlqPb1iqPo81qI89816QIoi01b1b0P06,Shunpuu Blowing Wind
9qQP11666b9qO16QIQ0oQ8PPi01IIDQi,Show
o1d0DDobPPPlq0l8Qli1d6ODI8ldo1qb,S'il Vous President
Pd8bD1od1iOOl80oOiiiIb9QdqIQQllQ,Shin Hebihime
boqo0IoO8DodOl99Q8P8qOi8PqDq11b1,Super Sentou BaBan Burn
qoidddb08iIoDOo9DQoO0loPl8lPQ81o,Sweets wa Tomaranai
Po8qD6i6io866qdQ00QbbO0i9I1qIO0O,Suisou no Kujira
1liPbq0890qqI0D8qDP9diOOPlDdi0Oi,Scarlet Police on Ghetto Patrol in 24 Hours
80d8obPdlobP9qlqiDb01999o01q6DdP,Zutto Mitsumete Ite Ryu Remix
ibI69PPO1iP0D1IlI0bb11QOq6081POo,Sumidagawa Karenka
ld8lOqloqD6lOl880ldDo819bDb9q1Qi,Seiza Ga Koishita Shunkan wo
I8diIQiPO90qDD60oQ0o669I99dI69DD,Seiten Bon Voyage
l9QibD8IoooD9DIl1O8Q0lo89I9qdido,Sekai no Hate ni Yakusoku no Gaika wo DDR Extended Megamix
qib6O1d6010d8Iql8IQ0q8diqOP6dIqb,Setsujou Danka
i080lP1QqIiO998qPl888qboIiIDdiD1,Zettaireido
IQ0ID09qD6O1oOdIq0oilI8I8l9DlP9b,Setsuna Trip
bq8DOQ9Idq9Ii9PQ1bqPIQoQPl961d1o,Rei ZERO
loQ0Ibqqo8OO11oI9i9D6o0DDI0PDiOO,Senkyakubanrai Moumantai
D0Qb898oqblPoP68PPq1o9i9dI9o0D9i,Sennen no Kotowari
9obIQOP8O1l0PQ0Oi1oPQI198o0Pd81o,Sousei Note
P869didbP8Q69IQ0dIqo1ibOb0bb99Q1,Sora he no Katamichi Kippu
I8lidoibqQqoQOqiDi6QiDbP9DIdd989,Daikenkai
P8DoiO0QO6Qb8iiP9D1IQ080lQQPD6ll,Fight Da Dan Daan V
DDDiQOd1IQQ6QIIq09PDqdQdDIll6bQI,Dadadadadadadadadada
Iq6olol00o1q66l61QIDdl6biq8OoIoQ,Dadadadadadadadadada Nijisanji Dance Club ver
b8QDI09il61i0qlO9IibPQPiqQOoi6iQ,Tabibito Rerun
POoldOddQl9Dbq8b6iOP0iPoQd6IdOPl,Dan Dan Dou
I9iODl9bl1d8PilOilii9Dd19PP6QI66,Chikara
biqbD9I9q9D16i0i1Idb9d111l1QDq86,Chikuwa Parfait Dayo CKP
I8qDQbQoiPPi9D1bdQ6iOlqb0Il9DlI0,Chikuwa Parfait Dayo CKP Yvya Remix
91dD6iqPO066do99169POPbQPbo9o6oq,Chihou Sousei Chikuwactics
lIQ1608o9O6bdoPO0ooi8io8i6q6bO1b,Chuuin Bunny
OoQiq8OiPbIPI80OqOlliP661bOIDd9o,Chu chu Machu Picchu
iQP6PI8oDQi1OPQObDQO1IIP9I8i0I1o,Chocolate Smile
Q96Qo0qbQ81odQoqPOOQ98oDbo6Pb1IO,Cirnos Perfect Math Class EDM REMIX
P66d8iQQIIQO96qoDdIqi9l19i69D9Dq,Cirnos Perfect Math Class
8P1809bo8PoqQoqOQilPidOdobbo6iiO,Cirno no Perfect Sansuu Kyoushitsu
Od08diDbdbl1Pi90QdO0ibqq8D111q9b,Tsuioku no Aria
QQ8IoPqdIb61D8o886oo8b6didDIPqql,Tsuki ni Murakumo Hana ni Kaze
b9iI8O6bd0bq0I1OoooQ9i9iddidODbO,Tsumi to Batsu
lQ86Pod1b9oI8OiDDoId099di9OI8d9I,Deadball de Homerun
dbod1o098DoibO0PoiPIiQ11Pdlqdoo9,Telecaster B-Boy
D68PQib86POo9D6O8Q0qO8bD6bDb1bdl,Tenkuu no Hana
OQbPdOIo6dPPIq6d8qid6DbPP0q991i6,Tenjou no Hoshi Reimeiki
QoODOoqDli0bOoqqDo8ODo1lDI9llblo,Dopamine
Q8PqoP91qqI6I909IdQ098091q9q0i19,Dopamine STARDOM Remix
oQ868oOio6O90i9qO1o8I96P1do11ID0,Tokyo Shinwa
6IDll6i6d8iII686qq6DddiI00iD8o9d,Touhouyouyoumu ULTIMATE MEDLEY
lqqIbPboOl80QOioqb0bq6DoibdOQOlD,Douwa Kairou
88lIDIi1Pi0IObl8D9oblqQ9PPdI1DqI,Tokai Seifuku Girls
Dlq6qdP1bOPDObbbQQ6b8iPbd1ODq69P,Dokidoki Valentine
QoId0biOD18610ii0DDP61QqOl6qq86q,Doki Doki Ryuusei Trap Girl
dQlo0DDqlIPod6bq89DPDODllDOi681i,Anonymous M
Oqo009llDdDIODldDOI6OIolqlI9PI0d,Tokonyatsu Tropical
q1qI0QibDDP6oPdl8DlIlPo80DqDd66P,Totsugeki Glass no Kneesocks Princess
II8Dlo69PoPOII9P88qdlQPP8I61DlDo,Todoroke Koi no Beanball
Qqd8ObO96dIQ60808diOOqbdb6boQodO,Trauma Saimin Shoujo Satori
8069d8dPiqloqD8i8od1o1Pq1Q6Q8i9D,Trance Dance Anarchy
liq91ddlPQ16iooqDDQ86qlodIO10Qb1,Night of Knights
IlbI1QQOPI0o0IdoPI6QPldqQob16DOq,Night of Knights Ryu Remix
q0QIob1PDI6IP86dlPb6I6il9d6bP606,Nagisa no Koakuma Lovely Radio
Pi69o0idP1obO9QDqIDbPdqlb90q8Dq8,Nageki no Ki
iIPq9q8PQDDObo610oQoi0ob96PDi8li,Natsuiro DIARY DDR mix
D8P1qO8bqQIP9bOOP1dPOP660OdIllbD,Nanairo Light
Do06Q18olQo0bloll9919olDQ8lDoqbd,Nanahoshi
Io1D1l9QiDo6IDObd8qo1Q9lQ6iollQ9,Nijiiro
Dl690bPIlIq0Ol1PdPbb9QO0I66lIqO0,Nijiiro no Hana
IdOQPlbD9d9IO16Pd1IDO0b88Qo0boO9,Neoki Yashi no Ki
P160qOD09PQoOPI6iIOO69qDoqQl1qDQ,Netsujou no Sapadeado
Oq8ID68oq16I9QP9bio0ibD6PQiDbqqI,No Plan Days
ilbQ0lq89DId9oDl89lbb8lQIPl6i0QO,Kanata no Reflesia
8Qd118IPdqld06Qd1q10iQd06bDdbdQI,Norepinephrine
diq9D0qbI00iOOb69q6Q1Q90PQOlo6dl,Perfect Eater
DOd9bIqddQ91qbQI1bdbbDi1lqPObo8l,Hi Tech Tokio
16l6O00OPl9Ilqob1i8PlllDP1b6898Q,Hakujitsu to Gengetsu
lO8O011qIqioPDi9d0oib09DDDPIbqOI,Bakunana Testroyer
iQDQD8889Q8O018Oi60I69D6qD6odDI0,Vajra
8i0QblodqDQ196b0Oi81I0811QI99Q8b,Hajimari no Aizu ft Rintaru
diPbi6I8O1lQ1b9lO0q8IoqDqbD9P6dP,Hashire Melonpan
iQi1DOQoqI6Q08I89PQD8iIQloPd190I,Bad Youth Awake
QlQ9Qb00bI0ob9oDIiPqO1QdQ0o6O0O6,Hatsune Miku No Shoushitsu
l1bDOIlb6ddI6od0q1llI0I6blq9oP0l,Happy Synthesizer
8DO0DbDioIid8qDQiQdOdOPOo0PO0906,Hana wa Oritashi Kozue wa Takashi
6doo1dQ16Ol86oIbQ19PPldI8lIbP0OI,Hanamaru Pippi Ha Yoiko Dake
6iq1dqQ1PDQlDO0bio0l89oDDDi6b0oD,Hana Ranman Flowers
dI0q9QdPOI1lq6888qI980dqll6dbqib,Hanenaki Shoujo Uta
Q86b6I1Qi6Q918l6iOoOQl866oQoIQOi,Happy Koi Lovely Time
668Q8qQdqoIQQiIQOilDqd8lDOOQ8bDQ,PA PI PU Yeah
19Q9lQId91d9l8o09oI81OQqPd00dQ69,Papipopepipupepa
16b91IPI881lPIo8Qq9Pl1IPiD8Ddodl,Khorosho Onigiri Circus Dan
ibdIdIO60b880i8oPOdQD9qIqldOdDl8,Haru Ichiban
IObPQb9QlP0iIiboObPoPqIqDo0O11Qi,Haru wo Tsugeru
QiboqIool99ol9Q0d08b68OIIiD89qqO,Hangyaku no Disparate
160Oo1q8DolI6068lQi66OQbQ9Q8ODQI,Bamboo Sword Girl
QD9Ib18D9lIO10O19d16PbPb68q1190d,Bi
1Q809666i9oblO8qO688OiD6OIbiP0Oq,Hikari Eureka
iDli1d0oP8lI6i8Qobbilo86OIPIqQlb,Hito Mania
1qdb8P8il9li6DOdPolq9d0d9Q6898oi,BeBeat Stream
ODIdIPOi6q6i0i6qDqODQ9qIbD0DQbqd,Hihou Wai Neet
Ibd8d0bllqOo61lqlQPd8lP01D0Qb9o6,Himawari
I6Dd0QIi086il1918dQI6dq0l1d9ibD0,Himawari Sunset
Qb1db18qP1Ib6liPI1668Pq8QPb0QO09,Beautiful Receipt
0Qb8PDoQ06Q66obPI1P988oI61ioPb6l,Who Floats
oOI18qilo91qPQl9Q0l9iliO96Pi6DIi,Fuurin Hanabi
0bqi6lPDP1qOl9dIb0DD1I9i8l8OlbQb,Buta Thunder
i8O81i0iQdqiI8qqP0oo8IPl9IoId1bO,Fuchinkan Candy
id0QqdbI8oloO9l08IqI9q1D0819OQID,Buraikku Jikorizer
dDlDPddq08iD8IOb9I1PbODP9696966D,Plain Asia PHQ remix
qD6P1ldl09Dqq8QP01bbid0b9IdqobPl,Bass Drop Freaks
Pbd01POIdQPdl6IDd6D6oP0006o6iO00,Heisokuteki Flation
ObbOibP0ll9I00di6i9oO1qlIQbdD0ql,Baby Step
I0qiD6Ob86D1oQOib81lID6Dll8iOOOP,Haunted Maid Lunch
QiPiIb8I99loq8loIq91iP6l1OOoq8oq,Hou
Dbl69I9bO9qo6iidPbPPPD11boQPqi8q,Hou (Five Flares Mix)
dP88i6I9b9QPQDPPO90POOIo0Il6QloI,Hoshikuzu no Kiroku
IDP9ldQoD8bdQ6d9Q0oI6QlI9b6Db9Oo,Hoshikuzu no Yoru Hate
Q8P19lIP698I9Q8oolP98Qb6DIqQ10ql,Positive Dance Time
IdlqO9DoOq0qPQdDbOb80dOPDlb98l0l,Hoshi no Tsukurikata
8909Q00li66qQ906I9QoldIqbiIP1QoQ,Pochiko no Shiawasena Nichijou
09PIO19oPoo09q0ioli6oO1di89o8Ilb,Poppin Candy Fever
DoQi6oPoD9DlO0898oo0ol0qoo6891Db,Home Neko Sensation
D6iI9O90il0OoIqP1Q86OIQdDQQilII8,Polaris no Uta
0ddPq801D8PiiqO1oqoQbdOIQ9lQl11o,Mind Game
ObiiQb81io69166olbOqODQOQO10DbQi,Many Mania
8i9llqdbQ6qP611I90lldPq1o1oQl69o,Mahou no Tamago Kokona ELECTRO POP edition
PloPqd6Q19Q990dl16I0Qi06i0l8o168,Marisa wa Taihen na Mono wo Nusundeikimashita
96d9qiDD8l09DQq6O1DO6O6I1IdP8q0D,Mikansei no Jouki Kudou Otome DDR Edition
Dl69Pb9OQDlbOi80OQdIObiQ1Q08Dlqo,Mikeneko Rock
06DO8bb0O891IQ9QP01diqOOl0D80QbO,Midnight WAR
0q90DbbI1O90D91I8ddDdDlP9IdoQ0oo,Myu Myu Mullru
D686d06lO9IID8D0boPq0Pd8P89idO99,Mirai Da FUTURE
811o6o1QPP0lPiolI1ObiD99l08o1dQl,Mirai Prism
8PIO18IQqIoODlD8866Dd0I0OD8lb9ol,Mirazuki Connect
DQO6qbiP6dldo6IIqlob9i8dqiqOio6o,Mugen no Hikari
I1i6li9l091l6ooqPlP91OlODPbqqo9P,Murasaki Guruma
I86OI9lQ1qQ66dPDlddo8PoPo01PO66i,Murasakibana
iqiqod1l08DlDql98QOi10oibldd8b86,Mei
DDlbDddPO8liioQ196P0I9090bDDPQ6Q,Meikyuu no Rondo
0Q6I1llb809bd8i1oo86PQdlo6IQ8DQd,Meikyoushisui
db1DlQ9qqI8PiqPD6q88O1P8PDbP11dq,Meu Meu Pettantan
6QQ1OdO99Ob001OQ90iP86o0I8OoQbib,Meumeupettantan ZAQUVA Remix
8DO8obP1b669b9QI6q01609bPOdd1o1b,Mesmerizer
Qq6D900bD60PddqqbdQb96Pd60918100,Metsubou Angel Nikokyuppin
QI8ID6bQ9Ql0IdqddI16OqPdib9OO1Do,Meteora meteor
8q96ObOdqPq8blPob9QdDq9b1iQoIQOI,Mentanpindoradora
10IOllioqPoOQ668PQqolDPiib0iIQql,Monochrome Moment
1dq6Oq918dIQb1doqQdbiPPPO9lIdl0P,Yakyuu no Asobikata Soshite Sono Rekishi Ketteiban
IQ9ddqDqq908QqQl196DQODQD9Q6oOiQ,Yasaimashi Ninniku Abura Oome
Q8Q6d00DoIiPolOb9PIO0Pll96O0I1qD,Yamato Nadenade Kaguya Hime
Od6ddPiQ9qD89loO9lQ86b96bl9DlP10,Yuusha
I1I0qd19DqIoI0qdqd6oPO68O8DDi6OI,Yuumoumuhi
IPid909iDid06d68IDo816OqbdQq8O0O,Yumebuki
IqibilD8QI9idP60P8o9ob0lqblQD89P,Yoidore Shirazu
qb9Od0IQI16b6D9PP0O6ilqoq0dDQO66,Youhishi no Ue no Ginga
0bDqIO9Q0PPIPlPll1D8Pbol9O6DlPdb,Lucky Lucky
D08qoOdPd8iOO916bOPIIIdqPP6O00iP,Rakugakisto
ID8Q0oO98i0D0o1i0doIqo6O0O9QDO68,Rabbit Hole
loii6b8OODDOl9q0OD88Ibb9I0qO0PPo,Love Kira Splash
D08lqQOPdOO6D6ll690Qd6PdbO111011,Ranker Killer Girl
OiQI998qPiooq60099bPdO886q9bd011,Respec Fujin
8QoODoOldQ9Dodlb9I86liOb0lP010ql,Remember Remember
qQb09PdOD61ioPPdD9DbIil9iQQii1q1,Remember Remember
dPI9loII89Q6P6iD6Ioo1iiI880DI1Dd,Ryoushi no Umi no Lindwurm
9PO0qPdi1OQo68Qb09qdIOo6008QoIPq,Ryoushi no Umi no Lindwurm STARDOM Remix
oQ9QDQ6I9oo9DP8Oi86id61o9Pbbl9bD,Ryouran Hit Chart
IidO8qlodqdoioodqqb9Dqiq991Ilo10,Lilieze to Enryuu Laevatein
QQOOldqQ8QQDQ06i81d9DP9PlOlo1lqq,Rin To Shite Saku Hana no Gotoku
o91qiqqDi9b6d6l1dQ6qO6oO0QDIlPql,Rin To Shite Saku Hana no Gotoku Hinabita edition
dIiD86llO8biiDollQ1ioIoQl6iQ8dbQ,Rinne no Karasu
dqOoPll1qlDdo6Pd6O0DPPO6l16OIdD1,Luminous Days
iP8ll9I0dd8d689PPqlI9008d06io09q,Renai Kansoku
bqoboI0o8lIObPPdqq8lDDdI8b1QPDb1,Renai Kansoku 2021 Manatsu no Ending ver
PoO90Q6P0q9oOQ16i0P0l1iodOQP9o0O,Renkei Epilogue
lOb8O16P9P81olPdI1o1Dl9I6QQoIqIP,Rensen Ryouran
DOQbd61o6P0oq968Po0oqP01qPQ8lPdq,Role Playing Game
1qPbqd11l6b8ibq1ODQ6di90PIo0D618,Roki (w/Ogata Megumi)
1OQd9o01Oq6Q018POOdlqodQ6bqDPOob,Roshin Yuukai
Q6b1odD8q99D190oP6ol01DolQPD0OdD,Lost One no Goukoku
0b96d606l9bdllQDi1Q89d1O0IPlIb69,Roman
91bPDIdqPbdOIQPP68Q6IP61Io980QlI,Romancing Escape
9O8bq8b1Pi6Dl08OiPq10OddOdol1qOi,Ronron e Rairairai
Pb0D8b8b8PoDIO9Q9DbiQiI8qi0D89D8,Wakusei Lollipop
6l1l8D006lD8OoOi91QI0b10d19Did1O,Watashi wo Disco ni Tsuretette TOKYO
P0IoP69l6q08q8DoPD1Q8bqq099Pi1iP,Wadatsumi
IPq86q6iq6DP9IOPiiP090PoI0Qb0Io8,Warera kanzen muteki no idol
Dl09QdQ19IoQl6D81qdlPPIdolP1lDi0,Vampire
oIb699q80OIPdlP0odl6bqbD0PlQodOq,A
0DDo1ilPDQoIoPd8ol9OPO1IPbi9ii6d,AA
iQ9qQ8Iob108iPD9D0bdoIol0d81IOdo,Ability
dQoqo68881IiO9i00bP0q1lOD6i1PdD8,A Brighter Day
OQO1Di8IQIQqP1d81d1ID9QD110b0888,Abrupt Madness
qdi88l6bo1Iqi9Qiqli8lIQQIPO1doQ9,ABSOLUTE
Q0qQO0P8818lIoo0boO66O0qd09dIlO8,Abyss
ooil0dl9OobDPblIPlqoi1P9lll6DD89,access super [hyper] focus
ld6P1lbb0bPO9doqbbPOoPb8qoDo8id0,ACE FOR ACES
l61ldlPo1DQ081860O86D0Qo0qdOd0qP,Ace out
q8QPqbiQ00i6odq81P0D960I108bIiQb,Acid,Tribal & Dance (DDR EDITION)
O6I9ioqii8i6I1DIb1PqOD6q0ooo8bDo,Across the nightmare
o81iq91q6lI6OODP9Pb9OboDlQD9Q08d,ACROSS WORLD
i6P0dI11PdoIIQ19D6PQPidqd0bI6lqi,actualization of self (weaponized)
IQ6I61i1b0Ob01QiQlld8o09iIQPoPOl,Adularia
l6d0ibbliQPQDdb1lP18D9qbPDi1698b,ÆTHER
Pd99DQo0bD9D9oIbPIId18P6l8qlDQO6,AFRONOVA
18911Q6o6do9Dd1blIo6IliPd0PPb99i,AFRONOVA PRIMEVAL
blld8o09oQo80PIIoIdbP9688DIqlbdb,Afterimage d'automne
9IQoPbOidod8I0qQ989Ql60D09I99q1Q,Aftermath
o6qi6idD9oqIdi81ldQlODqIqIiqlD1d,aftershock!!
Qo9P1oOoDQIoOb8Dd0PdOdoD1D1Pbd8D,AFTER THE GAME OF LOVE
l0QP6DiIDIId0oiQiOl8q10DlI96OPiO,A Geisha's Dream
Ilqd06QqoQd9IlQobq9idPqb1111Q96b,Ah La La La
OO1O10bDI6OP0O1OlOlI6qQDiPIdidbO,AI
il6PIiDq11dD1981dQ00918D96lPQ0iQ,air
6obQo6d0oQ6QoQql0I60b81IO8IOl1IO,Air Heroes
0Q9b998QQ60806lqq8b8dOlbqqb18Pbb,Akatsuki
Io196q006I86IllQPOb098qd1DQd60Oq,ALBIDA
ddq1DldlQ990iidO6O99q61bI1966Q0I,ALGORITHM
oIPb0iPd8OdDD181dQd8OI18OQDl01QO,ALL MY HEART Kono Koi ni Watashi no Subete wo Kakeru
PQP1l9qDilqbD0qOqiD8dd86qboI8bob,All My Love
bdbQoi98Dlb18DiPDPdD801DoOD8619O,Alone
6d8DiDl0i1oldbbo0o60PQ0q96d608Dq,ALPACORE
dbD8PlibPqqdI99901obObb6odqD8qDl,Amalgamation
lq6DqO1o99Q1OdbDPl9loO0P0O8d8loO,Amazing Bomberman
00qIiO99Q18biD8bQ6d1QOooDP00O1Od,Ambivalent Vermilia
dq190Il9iO1bD698ll6ddObIlqdIQ1O9,AM-3P
dQ1oPoQqD0db8O19P1P0D1oq8I68i1Id,AM-3P -303 BASS MIX-
9Q081Q0Do0IDDqQi9O61P111QIQd0oQ6,Angelic Jelly
Pq1O0qIiQII9PP1Qi6dbi9Pdo88dO8Dq,ANNIVERSARY ∴∵∴ ←↓↑→
9O1O0o8O1qbQ08Q961Ib1iOIDPQid109,Another Phase
oDiqd818i0IPPoIOddbb8DQiQqqqo098,Anthurium
1q6Qoi0lldP6qoQI9PI199d6P0Q96ld0,ANTI ANTHEM
D89QP18016o01qoOi60I6Q19dlOQPbdo,Anti-Matter
98QDoo1I6dP8QoPiDQOdQ09Db80Il68q,ARACHNE
6qdbqO66oOo1Q0d6I10IIIbQI9D1dDP6,Arcadia
o8996Q8lQ08dQbOoqP0id80bi18lql9b,Are U Ready
688O16o80Iib0DPI8oQOIOdbIdQq0P1Q,Aria
6bdDP91o1II60Qo99D60QI81o6oPlI80,Arrabbiata
6QdIl8odooDQ0oOQ0IObQqo1lO986PP6,Astrogazer
DibQ8O0bIodbdQo8D681qlqiDqllDPql,A Stupid Barber
O0O1lPoIIIQ9lbOi90odI0Di80qq16lo,A thing called LOVE
iiDdl6b6Pb81oIPbd1DPPQOI1iq0D6ol,Autosummer
9DoD10OPQ999IlP0doo69olbOQ680q09,Avenger
lQ1QDdooiOO9QPo8q91iD1IqI8Po9ODl,AWAKE
QO69qib8Q61lqbO8QI0dODo8D1b6Iqlq,Awakening Wings
IqPq866IQD0liq9lOl00qDqiPlq9bOD0,BabeL ～Next Story～
P8P1dlqi9D111iIDPOP0l9DIO1l6lqO9,BABY BABY GIMME YOUR LOVE
bqqIiO96di90bdP0QD1biD8DoDQIddOD,Back In Your Arms
8Q8dP1odl1D9lIbiIO86OPPIoq6qPP1l,Bad Apple!! feat. nomico
6O9O0ooOb8O8Q6D0ldqi1O8o6891Iq86,Bad Maniacs
d0q8IDbqDI686q9Dl09ll0Id6bIio9Pd,Bad Routine
9qbdq1PiI1O81P1PdioQli66Ob9QiiQP,bag
lii9bbbIq08b6DIdQ16Q0QOPiOibliIO,Baile Le Samba
ObP1P1OoDII9b9ll698Q981ilIddb8Id,BALLAD FOR YOU Omoi no Ame
9ib91bdq6i11l69d081qDD989Q0qO0qI,BALLAD THE FEATHERS
oloPOQPQ8Q8IQQoiO9bqdDOo8o6OQ6qI,Bang Pad(Werk Mix)
18id0bi1Q6lbl0091iP0QoOIq9DDPo9I,bass 2 bass
I6oq8ODq6DOOiqod1iI1109DO1II9iiO,Battle Against a True Hero
dOb880lOloIIod00PQ1iQOQqlOOQ0Ql0,Be a Hero!
d18DI8bO1lql60Ol1dqQlI8qIobl191P,Beautiful Dream
d0IiI99IlI00lq606l68qOIl8PidiOlO,Beautiful Inside (Cube::Hard Mix)
O0DDiq9DQlI9iq861lOoo1d1DI8qqd6d,Be Happy Next 2 You
P0O81Dl9Oiiid8bdOi0oqbD8DqolObbP,BE LOVIN
DqoQD9iDodq9Iq108l119OQ1olOPi6D1,Beluga
8dqQDblP6dPI10qq10qiPbqi1llQ06iP,Better Than Me
DDPPb680Pd1Do0I0899Qq18OIIqiP06D,Be With You (Still Miss you)
bP61iObqb9Oo1IOQOdlQ0idilOII9O66,Beyond The Earth
66P0q8Ibddl9q669b6bD6Ood9IOQbDPI,BIG Som Tam
o9P816l0QQ1b9l1l6i1o6OD9bl9dP00l,BITTER CHOCOLATE STRIKER
9dI8ilPi9bd9blI6Q8D6IPb1lblqDl1Q,Black Emperor
OO1oqdIPP80QdoP11QP61OdDb0lI1qIq,BLACK JACKAL
b0dIdlPD6IDQ000l6lIoO9oD1IQiqQ6I,BLAKE
8IdlOq1qI8OO1PP88I6olPiI6IqqqIIO,Blew My Mind
PP9QDQ0IQQID00P61d8qdDdP09b19iiI,Blind Justice ～Torn souls, Hurt Faiths ～
PDbDl9dQQQiold81d9DQ6QQobQqb1OO8,Blizzard of Arrows
dbIQ6o1lDi1OqqdO60q0lqqD9qPD0qlP,Blφφdy Cφncertφ
oQ0bqIQ8DdPlilO000DQloOo6Od8IdQ6,Bloody Tears (IIDX EDITION)
I9Ob6PlIiOQl6iQ6qO6QO0iQ1ld9DDO0,BLSTR
bO10Q9999DQ9DDP890lQbdlIlIl6IID9,blue anthem
qQd06O6d19ODl0QP8l6Q8lPlloo69ddP,BLUE FOG, SILVER BULLET.
PO68qOQI1oo8iQidQ9iIi9o9PPOD9OP6,Blue Rain
18ibQ9qbqOI91Q1iiiOd990OPo1q1dPI,Bombay Bomb
IPdQ8qIqPiIdqQloI1dQQ688O0qlOQQo,BONE BORN
QbD9QQP9bqoD00bQQl8obibP9PloQ9Qo,Boss Rush
l81l981iPod0PDIIObIldoQb6Ol9o1Iq,Bounce Trippy
oo1P6l616OOdl0IqPPqobPI0Il81qqii,BRAIN-HEART
D0dI08oDqi11Oo819D6ob1dlDbPlIPl0,Brazilian Anthem
bqQ1OQDidQD8QbIqql06O6o1QD6oOodP,BRE∀K DOWN！
9OOIPiqDooPb1QQ900QODl60dqbP8Dib,BRE∀K DOWN! (World Version)
dlq91b19ld10IdIqQ9q99O8QDOOi18dq,BREAKING THE FUTURE
O8Qb086QQIQ109d1lqilOQ9QD8lPIqdd,BREDLI
91ioD99OdDD9db8qilod818OPqb88idQ,BRIDAL FESTIVAL !!!
DblIbDd6lQQQoO9bloOI9iIqO1IiQoID,BRILLIANT 2U
6l0iQ18D0I00P89lIqI8bl9biIOi018O,BRILLIANT 2U (AKBK MIX)
DbPodlqiOQdD88bo8lPO9D6iql1DO8P0,BRILLIANT 2U (Orchestra Groove)
6qPlI8DQPoDIo6D819boPioIPPDIPblq,Broken
iIP09bOq1l1b9b1l011IDIQ6Iill90Io,BROKEN MY HEART
i86qD6Pl61dPI0Q9db1P8bl1ii99q1lD,BURNING HEAT! (3 Option MIX)
ii6Oooool0IoOqi1qdDo96QIil6IoOq0,BURNIN' THE FLOOR
d88qo6I08PI8lDiiPoo0o8lPdqQDiq01,Burstix Comet
0P6PI0QP9b91QOlIibodd9IO90PbQO6I,Bye or not
6Qq1q91q8iIPlI89qDq96bO8QDD0qOql,B4U
01lbO69qQiP691ll6DIiqPbIdd9O806o,B4U (The Acolyte mix)
DObld6O6OdblOo1di9dlP86DO909O6qI,cachaca
68dqbIdOiiiiddlbb1OD66qq6d80I6D8,Can Be Real
1Qqo9bID18OdiI1Qb0lP9DIqIO6ldPOP,CANDY♡
OPbqldiq0dQIo1011086IOl1qbOloOl9,CANDY☆​
1idPoQOiI8611P01Oddo1D19lQO8dQdl,CANDY (UFO mix)
ioi6db99oOPPDd1db888D6oi6bb06o0P,CAN'T STOP FALLIN' IN LOVE
DOqPd1Iid6oObd8i96I9oo8obbODb96o,CAN'T STOP FALLIN' IN LOVE ～SPEED MIX～
8IdP90DQDi9bqodPqDQIIqOqOO08PPio,CAN'T STOP FALLIN' IN LOVE -super euro version-
Iqo9PQiPbq8Q0I6io6lPIDi608lQqbbq,CaptivAte Chikai
P6id8qqolbP0oqO060OOqbl60DI9iQoQ,Catch Our Fire!
odPq866q0QPOP9QOQ9QQIlIO60Oid16o,C-C-C-N-N-N
i0bdP6II6dqb6lbQQ9q9OQq68i1qPddO,CELEBRATE NITE
bd8o99iPI9lqOl1Q8P68lbQOlo8Oq1qO,CENTAUR
qD8Q180QlIi11o1IiI6DPoqolqoD61Ib,CG Project
q1q8IlPI1111D8IqiQ190qIoP0b0bIIo,Chance and Dice
8o1iQPiId8P6Db9Iqo1Oo119QDoq8qQ8,CHAOS
1iQIIPdQQOOlP9l90oPdIi60D9OOlqoQ,chaos eater
b16OP1o9qb6bQd66qOl98iq0boiQP919,CHAOS Terror-Tech Mix
Od6bOOb69PqbqPdb6lO1QI66DOqo0POO,chaplet
8Q08qIiIOq0P66q90b0lI0PbP6lb9bOI,Cheerleader
dd80OooqdOIi9O60i91PDdIPIbIiiD66,Children of the Beat
P8obb0oQq1lbb6Do01PPDI1o8ooO6Pb0,Chinese Snowy Dance
ioDOIO9iP8qqPiP9io9Ib1I91OoQ0q0O,CHOCOLATE PHILOSOPHY
0Pd8il0PQd80i1O01i1D9960IdqoQo01,Chocolate Planet
1IdqDqDdd08dboO911P6OQ8lobb16PDd,Chromatic Burst
P8DQP9QIioPdi9IO6q0100PlQOIl86I9,Chronos
d18bbq1l699OP9Di6q8oqD9oPb1o1P6I,Chronos (walk with you remix)
6OiD0q6O8qi6oDbQ18Ilo8do8biDD1ll,City Never Sleeps
IO0IbQPOP6q8OddoiO99qq9I81l90D1i,Clarity
d91lIllbboPd668QP88I06Q6QqooQiO1,Cleopatrysm
0ill9Po6Db090biqIlD1I9lo6PO8lQQ9,Closer to my Heart (jun remix)
oIIPQQD09OqdOP8bb61biDOPI69OP8q8,Collapse of the Sanctuary
odOQ1d1i6oil81b1QIDP6dOqqdooD918,Colors ～for EXTREME～
O8oPP6D8OQq1Q6Q860dqlOi6609bO1lD,Come Back To Me
qi0lbbDIo8Qlo9IiD8oqqo69DIPQ1IIO,Come Back to Me (Feel It)
ilqiIlDdiQQ0oOIP8bPobDQqP0O90Q08,COME BACK TO MY HEART
oIII9lI0q6i9Q0b18ldoI6o0PQ0qqD01,Come to Life
bll06Di6q1QOlddDlPDPiQDDI09bOOoP,Come To m1dy
919bPoOo9QO6dODOI6d0loO6qo6OqDlI,Complete Game Victory
qoD0olPq6qbOi6bbPllOib0q1i16iI1O,Concertino in Blue
OqQ68Ooiqi80891QIPoioib11qdl0l9b,concon
1Ol1i86OQd61IlqPb9O1060l0OQDoDQI,Condor
i19IOi90Dq90ll989iIdOP9diodqi968,Confession
O11olQOQIOOqdo1IbPP8iDDqIP0b1Dl6,CONNECT-
1Dd0b8lIQOd011qqOPiq1QDbDqod9Od8,Continue to the real world?
dO9b8Id9QQ8DOO69Q0lqi6O9QlDPIPl9,Cosmic Hurricane
68oQQ8lO1qbi0qI8lbO60bP1098qOD88,COSMIC V3LOCITY
9QIo1lbD1ldlqPO0iD68io69Pd8b01Do,Cosy Catastrophe
86q90PPqld0qili801IqDOD0Q6boblI1,Couleur=Blanche
1DD68qQdqQ0i6bQ61ddQ06ql1D6O1l6P,Crazy Control
dq6b0b6OD9DbDPQOO608oDo8Q80ODIqO,Crazy Hot
i0dqDPqDll9il0b6qoDPd19OQ0qO9qDO,CRAZY♥LOVE
OdQqDiIDbD6ioi60ob6lDOlD8oio9l0b,Crazy Shuffle
Q0o8olIPb1iOo0loPPQI0PddI0qlb1Db,CROSS
oP8iIdilQ0QiDllqDbDIOl0iQPd9PQ9I,Crystarium
od0idqqoq6lb9qIo9iOblo6D8q18DQDb,CUE CUE RESCUE
18d0iP6oIQQIb6IIOi99iDQ116bbP9I9,Curry Up
ilIbq9Db1d86PIo0b96qdd0oPOQ6bqi1,CURUS
di9ddbd1lb80q98ODdod0ODQ0q6PdQP1,CUTIE CHASER
doQI0i6lQbOo66DOi6olPqOPqIqO8Qd1,CUTIE CHASER (MORNING MIX)
1qPIiqqQo0P9dD90I11q90b0ooIidbPO,CyberConnect
ibl00b69Oli68l96d6o1P1ob8QPillbO,Cytokinesis
ldlqDQ0bb8d9do86o898P0qo1OlD88qD,Daily Lunch Special
o1biqbO9i1IiObD0d1D8d8iqb6q86Qqi,Daisycutter
Oi1DI99DO6i6llQ8DDD6oDqOQqiP118d,DANCE ALL NIGHT (DDR EDITION)
86106098616o998i9d1PD6Pl0bD19dlD,Dance and Death
I8ql1i90i80oDO0Q9qdIliIqPq66lQd0,Dance Celebration
98D001P6b696O18P8qiIOl811bq1oQ16,Dance Celebration (System 7 Remix)
6lQ9iQdq8P0Q11q9O8dbl9Q9Pi8bIb98,Dance Dance Revolution
Io9i8oQlbO1QqIdbbDPQl6b00OIPlIOP,Dance Floor
QbI1i8Q8o06qQQIqllQ6091l998D0qIi,Dance Partay
oQ91qO6Dii66bO69I9ooIQD101Dl68Qi,Dance Phenomena
ddOqqDI91bqqiOoll6I0i16i1P18019q,Dancer in the flare
9PoQqIP0D6lPIq9obl1db9IqD0D09i80,DANCERUSH STARDOM ANTHEM
OIdoib69Di68bloq1bb0oblbb00l1P9Q,Dance With Me
1dldQ1il1O89O8Ol0Ib0Dq8Pl8ol111I,Dance With The Dead
Ib08idDooQbP00Q1Io0QlObloibb1b8Q,Dance wiz the Rhythm
l08OoDq6P9DIQo1Po0Pdd80qoq6QID9o,DanRevoAthlon
DdIbd6Pbl910P6QOqD6iQI0l0b1qdI8q,dazzle
IPdDlblblqO1do9IQbDoi0iOoPDoiDlI,Dazzlin' Darlin
69l8lOiooPPPqb9Io9Il01dPD0Q988Iq,Dazzlin Darlin Akiba Koubou mix
8dbiodDo1i6IolDQdqdOoqDDD90q6liQ,DDR MEGAMIX
Oo66i08qboI8PDbdQoiIb9qQ1i99oboP,DDR System Songs+​Replicant Mix
dQODIo01o98oPll086Qdol8bq9QP8d61,DDR TAGMIX -LAST DanceR-
P98dl8qdoilqbPqIO86ood601o1696D8,DEAD END
6iO8d9ld00I6lDIO6qbOldP99oqloqb9,Dead Heat
i6bl89d6OOi1O00qlQOIl8b8Qld6IiQP,DEADLOCK -Out Of Reach-
D90qii9D6P0POQ69Iiblib00Po1DIoi8,Deadly Dolly Dance
qqdlo1QOQo6QIi8PqOi8iIOO0il1IblQ,Death by Glamour
dQdo08Qb6bOPIl8686DPDd60I1oqidIP,Debug Dance
il0QbI6IOIidllO108olqd8i9Pb1Oq8Q,Decade
1IQ16dPQPQ0Q1qdidld6lO1o86q98o69,Deep tenDon Reflex
QQldo10ObPPQPlliODiDIIl0Q1oPoo61,ΔMAX
1QbddbDiOiii8O90Dq68dqO91oQq0oqi,Dense Flyer
PI1DiP0bIi8PodP6O1i8P0P1i8iI1oD8,Desert Journey
9dD6dlq01qd80loD6OOQb60ql6P6068O,Destination
98q8616ddDIqdo1dbqbO0Po96oldo1Oo,DESTINY
1diQi81loIodIdOlQ8Pd6Qd8b69Q1DP8,Destiny lovers
Pi81dQi00lo9i1Pib91lQ01i0biIbPIP,DeStRuCtIvE FoRcE
QPol19bIb009IDOPildbi1QPdPlO0dq9,Determination
QlQ10I6o1l88loioo6DIObi0P09PPdiD,DIABLOSIS::Nāga
19b01l0QPiDlDQb6lqd0dQ8Qlld6Dl6l,Diamond Dust
QD6b8i08P1IQloIPOPiqlIPoDlPi9DPI,Diamond Night
Pdlib1o06DD6oIbdIdIoIqQqO8P896do,DIAVOLO
dqQbQ9oPlIi6bDdi18d9qPlDb0PiDddi,DIGITALIZER
0dOOOolo0P6180OQDo16DdO6o6D8O8lQ,DIGITAL LUV
1i81dQboQ91QbdO9d6bQ1Pi00dPP01li,Din Don Dan
Ob8Q19QldDliP6qddP1o1ODP91bd1oQl,Din Don Dan Nijisanji Dance Club ver
I8b69IdbID0Di06ldo6o1lb1IdI89Iqo,dirty digital
6i000qlo9PD9oi9I9Qb990D6D9i19699,Dispersion Star
0DODq0P9Qi6i6q8QPoPPOiOi6ib0188b,District of the Shadows
8Pb6oPdbO6lo8lbiQ181IDidI9ll8q80,DIVE TO THE NIGHT
OO0QbD9D6QQIb10Q9IDOQd8odb6ob6qP,DoLL
1q6obddbql8lQdPI19liD6PdQ0dPIODd,Don't Stop!～AMD 2nd MIX～
iQ0qQP11I8I9D9oIdllbP6989PDiiPoI,Don't Stop The HYPERCORE
lPDqbq6OIb810i8bqIo1i1olol1OlP9l,Do The Evolution
Iiq6Qoll0oQi801QdPdlOO06DOdIDdD9,DOUBLE TORNARD
lldPQPDP0qq8iqQ910l8b8PoQ6O668Q0,DOWNER & UPPER
1d6oI0ol8oO8O1qq16O96d1D19doD0bl,Dozen Flower
PD9lP16dllbPqbdIO0Ii0I8D1I90QIIl,Dragon Blade
D6ll81qoDDPIq0d89O69dIQIldQdQoId,Draw the Savage
89ooi0i98Qlq9PloIl1b190DIo8Do16l,Dreamin'
b08D1ODPP0IqlIl91dDDdD1d0lD8bP1d,dreaming can make a wish come true
8bqd0Oibbo8q81QdODqdl1OOi1l99O88,DREAMING-ING!!
d9qd6lI0ddbQ068dq1oD8o6QDIi6blDO,Dream Machine
ii119ll8dOQ8IQqi1IOP1o8DIQbqo8Pi,dream of love
b0o6bl18Q1bqI9o9oqQ9POoP8DiDDibP,Drive Away
DqioIqbiolQ0lQlo19idi96Obi6DDl9D,♡Drive My Heart♡
ObiIq6PDlOiPd0d1oP8IIQbqiq09IDII,DROP
Q0OiPQQ8IbIDq08IO9Io0qDdoDPPdd1q,DROP OUT
8O0D9P6l9P9ooQdODioDIdQPq6DiDlbl,DROP THE BOMB
I0b6lIP691dOOI8PqDDlbPid9iO8o0lO,DROP THE BOMB (SyS.F. Mix)
08PiiDq6b1oQ8OIIbDql0bDbIID0b1iP,Drop The Bounce
9b60DI1OQddDI6D9D1qPoDPODD19Db8d,DUAL STRIKER
PP9q1DDi0liP1P00lqIoIbbqo9QqlIqP,Dummy
QDP0i688bQi1Idqil1dOqDdPdoIPP6Q0,DXY!
1QIPID18qib8D9Oo9lOo8I6DPi9qiod6,DYNAMITE RAVE
iQo0QOoI6bOPQlbb9ldOo9lbdD1idiOO,D2R
iiIblq9IDiOill8qdI68OOIPq6OPdiDo,Easy Peasy
00o6QPq0Qdl8IQolO80q6dD86696O6ob,EBONY & IVORY
bPD6ObloQPOOiQb1DbQDdilodiddlIlb,ECSTASY
9i0q91lPPiO61b9P891O1i86iOP1I08O,EGOISM 440
6PoillDiqb0Oo9qOiIDOb1qQQIbPqDoi,Eira
96Qo1idlD9o8q9qIdiDl18l0O06Qo108,Electric Dance System Music
9d0oQdIolIb0Po9b06QOiOP60IQlb8qO,Electrified
li0IboIqq8qddDP0Oi1Q9i8OPoD88IQl,Electronic or Treat!
Q99q619i0lDqll6Q0lq8l1oQ0qPO8o6I,Electronic Sports Complex
IPi69l86oqdDd8qoll61166D8969869I,Electro Tuned (the SubS Mix)
OiIOPd80d9PQQIbidO6ObioboO88OD9l,Elemental Creation
lO8oill61lld1do1O96bIDbPPQD6Ob0b,El ritmo te controla
b60odbPO1IQd6d0qPIi1dQODq16i9811,Elysium
OdlOPPblPlbbldOdqblI06Dd1q00PPo9,Emera
8liDbidQoI6Q01lO9iibIdboIiDl66Qo,e-motion
db8Ddd060IQ9lPlOlqO0PoPi0Qdb88o6,EMOTiON TRiPPER
1i10oIqlooQbOqO9qiodbIliilP1I06b,Empathetic
d8oDqIQOoD6DQoQbOIP9I6DPPOl89lo6,ENDLESS
PO9Pl1q896bDDl89qQb98D80DQoPio1I,ENDYMION
lb19I8d0DPb88QDQlP616lDqoboli90O,Engraved Mark
1PQiP6D6IqP016dqb8qPq86Q1o8bQq6q,Environ [De-SYNC] (feat. lythe)
QD8l9QQd89PO9ql1iOD0dO69OQ1DldbP,Eon Break
D81Pq66DQPiQdliqIPl0ioPOi9OlQoQ9,era (nostalmix)
odQbP0bQqD89PolQ96II0PiqQQIddPi6,escape
Doo9l68ddi11PQOOd6o11Q9Dd1lIQ9I6,ESPRIT ONE
qPDQbQ6lOqqbI9Plb6o9lld0ddIP8oiP,esrev:eR
Qb6PqOQO8Qd8i91D018olPiD01PbQ061,Eternal Summer
0dD8bq9QiD1DO0Io118idQoiP6PP900d,Euphoric Fragmentation
P06O6iQbiPPqiIqOd0IQdqolbPbDId6Q,Evans
OqIlb9PQIo0Io90PIQi6q86dO8iP19Oi,ever snow
61Q6Q8OOiiQIbIi0l6l10qQ0Ii8P0Qb6,Every Day, Every Night (NM STYLE)
81O10b1Oob9blo0888PQbd1I6bP0b8q9,Everything I Need
iOPbIi1b99819b9QiD8QbdPbq0DqO0DO,exotic ethnic
dDIbQIPo0PIoIP6lbbl8q9Q1Q8ib9P18,EYE OF THE HEAVEN
9QlqQb9qO008DIPbq8DOlP60P110DPi1,Far east nightbird
bIloQ900Iq01ql6ddP9idIb6iQ11i9D6,Far east nightbird kors k Remix -DDR edit ver-
8QbqP80q9PI8bbi0qOoiibOQD08OPdli,Fascination ～eternal love mix～
O6llIdODQD6oDQ6QiPQDOlob9i8l6qib,Fascination MAXX
98PiPl8P0qlq8dd8P60Iq6dq899lbQDI,Feelings Won't Fade (Extend Trance Mix)
DDPPI6IIi0i9looibDbiODoOPOl6ID8i,Feidie
qOdib0OIO1qOdiQiOi9qIiQiO91idbQq,Fever
Qid6OQOIibbOiDo808oq9oQO668bDodP,Finale
OQ6o9D6ldd0iqoqoQQ0QbIi01DI9dO6b,Finally Dive
liiPP608Oqbbb1Do88DPolOlQiq0Di60,Find The Way
DiqobPO1iliqP6DbQiDodPIPDiQO96dl,Find You Again
PlqI9Q1I6qdqb0IolOl1qP0bOQP0ibPP,FIRE
0ibD9Oio99IlQ0di916lId0bi08IPD9b,FIRE FIRE
qqDOddP66Ol1q1IIOb1OPO68DP1ood1i,Firestorm
odb1D9l8QoDbii0861iP0qo9i1qibqdP,First Action
9Di9ODOOl8PDQiO1O6o8lD16QlI609ob,First Time
q6l9OQ91o1PDO9qiPl1iiPO6OOPdI886,fixer
iOql19lQibIoo1bObo0Q1DqQ9qOqI0oq,Fleur
8ll9P9bOloIqbI0O9PboP9li1iloIPPd,Flight of the Phoenix
Id1D9D68OOqqqdDiOoDd6Q6oo10P6oqI,Flip Flap
PIPdidPO68916i10dO8lPoI9Q9blPbID,Florence
dQD6lbPO66DllOb1i0IoqDqbii0IOQi9,Flourish
dDOdPQOqD6P68dIOl6O6I8q99Q6dd9Ob,Flow
q08PbOPPbPobob0OII096bP9iil9908D,FLOWER
O111bDqd0oQ1O8IqiIDQq091l1IDO8oI,Flow (Jammin' Ragga Mix)
0D096II0i9l0doPlbPQbiPo1IQDDoOP0,Flow (True Style)
8qIbQqbIDDPPi10Io0QdQ8Ilod11qQdl,fluctus
d96OiPiOIboqI8o6PIDO8D9qPb9P18il,Fly away
DQI8O1bD9Oi9i90i0DqqOqbll91IiQI1,Fly away -mix del matador-
Dq8b8DPD06Q8qob8OOiQIlOdD8QQD0q9,Fly far bounce
Qib986b6oDqPl8IQiOoDOQ06IlbD68bl,Fly Like You
ObI1oo6QlO981880DDDOlo8bQobI0I9P,Follow Tomorrow
Q8Ioq8POo69ol8bPiOPQPq61oqoPo0DO,Forever Sunshine
P1D0q8O1QblDOQP96QQolql9QII0i6Pb,Four Leaves
PPddP6OOldodoOPqiId19Pd919OOid61,Freedom
dd8PodO0ilIQQb0P0OQPDiodI9biP91d,Freeway Shuffle
8l0ld8Oq86P09lb91DdD9OliiPq9oq9D,Freeze
IQ9bDo1dPbIo0ODQiObbQ99iP1bOi8iI,Frozen Ray ～for EXTREME～
I0Ql0Di1qD6i0Qq1ql0qPb19q0IQ6iO9,FUJIMORI Matsuri FESTIVAL
i6Q00D16PbbQPl19oibiiQ6qQD01D6o8,Funk Boogie
0QlIdbiPq11Q0IPoQDI60Dq8Ib66o988,Funky Flux Fusion
9i6dOd608qb0IlqoDIPb8q1o8q1ddQQd,FUNKY SUMMER BEACH
ObIOQ6id8DOdlQlil8819ObqoDQIIoiO,F4SH10N
idIibqoooOlQ1DId8lOidd6il0bdoql8,GAIA
0Ilqbl8q8Q6l6886Q9P9DOi69oIb1b1d,Gale Rider
69qoD0l6olQqqbl09b069q898b600I6o,Gamelan de Couple
Dlo0PPibIoQbOI8I61O1DobQOIiDb11b,Ganymede -re:born-
Dq0Iio09Pb9iD0lbb0I0qd8Q8i10II09,GENOM SCREAMS
bd8OODli0POo9bOq6i0oIPdIlbDlI910,GERBERA
olIo8PdO8dq16QqDIQboQq6oPqDO9qoo,Get Back Up!
ODlO019O088Q0bl9QI1PPqQ01iD68191,Get Into The Groove feat.WaMi
lb969IOOoI06P18PPq81o1lPD1b1OqqI,Get it
Pq0Qq0OQqlPDQOld8bddlIDPD89o8bO8,Get On Da Floor
8O9o9OPPdd1Db6996P99bq9oQI66P88o,Get Your Wish
dQbolPiDiiObioli96DlOo9OlP9DoDIi,GHOST KINGDOM
b8dqI0Iq60iQPPobiiQ8O6PiIqdodDiQ,Giri Gili Monzen Jakura
d9llb88lDI1q0QI10P01lqIqlI6QO0Dl,Give Me
1IIiOQiliQ8b1dbo9D6D9PlODqIPOOb8,glacia
9IdoP1ld9098PI90QQ6bP0Idl1ibo80D,Glitch Angel
8IDiil0bDd00P1l1iQiq9DP6bO0b8dQb,GLITTER
06lOillb6id0Dib9o1b06iPblqPl61PI,Glitter Flatter Scatter
lilO9P0i1dlOl1PI6dQbiob1iP0dliOQ,Globe Glitter
8d9Q0olQ980lQdPIdqbIiD8o1l1dQPI0,GLOW THE CROWN
iIDOlq6QoQPiqoii0iiDOiI9ODiQOIDb,Go Down
11dQb0qIdbO098ObDqOQQ8Ili9Il0lOd,Go For The Top
DPo0bi8Dibli118P6D981oQIPPQI01lo,Go↓Go↑Girls&Boys!
6Obi001oi9Qd1966dOd6d6Qo66dbbill,Going Hypersonic
dqPDQ8Pb68iib8bIIPld10Q0oD8l600o,going up
dIdDQD1Q8oPQ90Q1DPbiQI661qD9oi6I,Golden Arrow
ib8o1iD68il66olQ1lddIPi0lIb9dd1I,GOLD RUSH
i9PQoDbQI0qqd6I00d19bQo6q9PoOIbO,Good Looking
0iII09bDqIbOQDDoo8lO8DOOQdiP1Iob,Good Sound United
b0Po680ibI600ObOi6qqidI06oqo0Olq,GORGEOUS 2012
l106dqq891bI19iPoIo9OO688l8oOQQ6,Go To The Oasis
lqOQbO0ql96IdDdD689o9PI1iI8Q1Ibi,Gotta Dance
q6qI6llb69D1IQq0OiP8OD06Qioob91Q,GRADIUSIC CYBER ～AMD G5 MIX～
ob0P66Q8dqbI81qi6OQDPP6086iPoO1P,GRADIUS REMIX（↑↑↓↓←→←→BA Ver.)
10oQOoD00O1ql8qD88dI0i0biP69blq6,GRADUATION Sore Zore no Ashita
Ib01P6O8OPl8qqQi9QO6dii18ID69I8P,Grand Chariot
1iPqdbQiqoi9l8D6Q106i01DbOO8191b,Gravity Collapse
I90bd6obO890P0d1iiPD0dol8o8QloQD,Grip & Break down !!
lOOo9bPb09dIOb6Po19bqqbqOlb8Dq0i,GROOVE 04
QbdQold98oq9lODoIloIbPiIqld6i0Qb,GUILTY DIAMONDS
890q91iIbO96OOD10Qlob6qOObQoq1bd,Habibe (Antuh muhleke)
l6qQi9qlO8diPd18dl6DdqPid01P91iQ,Ha･lle･lu･jah
8OIqIi996QI18Oo0q8iiiO8bbb6dI1l6,HANDS UP IN THE AIR
8Oq81q8q1Q9D0l0PO0bQQ00l9P19didi,HANIPAGANDA
8DdIqobi0liOPDO1qld6lQ9Dq00I66qi,HAPPY☆​ANGEL
OlPqPi1qq1bIlDPOQQPi80D0lOQl8PP8,Happy Dance Day 2 U
ol6IDd019O0qq8dblPQ96ol1oPbI990b,HAPPY☆​LUCKY☆YEAPPY
oo8DId90dbDliiQQlQPQQoIq6lPliqo9,Happy Wedding
Qb8P9PODDo68lPqQ0o6d80bIqDOiPD9Q,HARD BRAIN
POl689q8ODbPI0PDo8l8oD81Plio8qlP,Haunted Rhapsody
109P1iO9i6q1q0bdQobiodQDoD619dqd,Healing-D-Vision
qIDI69oIo8OlQqdqqDilI1do6IbP16Q6,Healing Vision
olQQ8QPPqqObDD9ooodOl9i9od8b06I9,Healing Vision ～Angelic mix～
1l8ibdlb0O0q00o6l9Pq1ibdbIQqqOb1,HEART BEAT FORMULA
qObI8DOldoqob8OQD6Dqdiob0dIb0ll9,HEART BEAT FORMULA (Vinyl Mix)
iq6QI06oQlloO9Db9dbI8IDoi91dD8d9,HEARTBREAK (Sound Selektaz remix)
lIPP90Ilqib08Obob9901PiP19OQ18P9,Heatstroke
oDlO8QQOQ68IO61q9PQd800QiOll1odI,Heaven is a '57 metallic gray ～gimmix～
dqbd8PD01bI8qlQ1QQ9iP896P88D1O1o,Heavens and the Earth
1lIi8O100iq1Plolql1biO1QIOOillOQ,Heavy Rain
OPdooDlO9iO09lI1ODP00660loDiiodi,Helios
i8iPdIlP1IIDib96Qq080ibq6bblQqQD,Hella Deep
9dDOQo8bQ6blDdd989l1QIO8liDq9O0q,Help me, ERINNNNNN!!
DibOOIOD1id66O0DqOQ61O6I9bIIQQ0q,heron
ODli9liO1loIiqb9qIol6o1PO91DP8QQ,High & Low
O1blDPOQ8IQb00o0D89QIDIlo8b06liD,HIGHER
811qq00Il1Q681068l8dQbPO60l0oD1l,High School Love
Q910dl1olqQ9qdO6q1q1O9Pq9b80lP6P,Hold Tight
ODq019O9o1OPdq9PiPl0o8D8DQ8bid88,Holic
qdbod6lI0I8O118DPq80D8b0o00OodlI,Hollywood Galaxy
90qP0000qoO8o8dIidlO611ilO11Oo9Q,Hopeful
Oo9O18oqOi9DIoOoqb9IqQDo0dbdqP9q,Hoping To Be Good
PIdPo9o0qOIiPDIIlbo9l9dObP81lQqi,Horatio
q8i11qPbo9iq8lQb9d08di81Q88q8P9o,Hunny Bunny
6Oi66iq9bqi8bDI6l6lPdqDObo1i9lDl,HYENA
Di8lP6PobQ6l8do0llO9IIqQ6iqqiqDo,Hyper Bomb
ID00liOPPd6PiDb09608dQbOIDlQ68qo,HYPERDRIVE
I08olqilqQi9Dd0qOq0o09PPqI0l11QI,HYPER EUROBEAT
DoOoDio1q81OQdoOO0b6bPQPOoq6I0Qi,HyperNOAH
90DO081odOdPDblDOqQi1O68Iq988obq,HYPER OVERR DANCEFLOORRR
0bq9qI9PoPIlQl89bDO60o9q8I1iIP66,HyperTwist
8l808Do60DP0qDbD066QQqP1qOQdob90,HYSTERIA
1I9ODbQ81qi1006QoQI6d6dbd9iiPD9O,Idola
6ID160b99ibbd9OoblD0DPOl98lPbq6D,If
DddIPd6iId8Doqq8OibDlD1dOi8PO8o9,i feel ...
0ib0Pqol08o9ODDq166iDl8oll061lPl,iFUTURELIST (DDR VERSION)
1Ob1I0do8Iq6QqP6PQIiddD18dqDP9oo,Illegal Function Call
1900DdoIl00b88q6Qq9ob9D6lQ8IQiPb,I Love You
69b01qbo8Qdi6liOPq091bqo01i16oQ9,I'm an Albatraoz
Q8qb1oQobdqDqi0i19qqb11P1oDoiD8O,IMANOGUILTS
OiDP81OQD0I810I89qdqIiDDP6i9qO0q,I'm Flying Away
lPoD60qooQ91QDq1qO9d19q9IoDIlPq9,I'm gonna get you!
90lolio9qd6qo6Pl8oo69iqi81oiiQib,I'm so Happy
bdQ6IobP6II86I1io686Il9qQ69dOod1,IN BETWEEN
P18io0P06q09qiId0lP6OO901li96bbl,Indigo Nocturne
1i6ObblIOoPo6dDd9dIIq11l60qiD9di,I Need You
lob09DPQD0Dl6Q09dbq8biIb6QqDql8i,INFINITE WORLD
b1ObooOQ9iI0DilD9Q6qlIQ8D1d8dQO9,in love wit you
9o6bIq98Qo8dOd11DI0d8boblOqO0I1i,Inner Spirit -GIGA HiTECH MIX-
qDi0dIlObi6Q6P8dQ1b8oIb188O9608o,INNOCENCE OF SILENCE
6oldqOoilo1OoP6P9OoO8bdD9lI86qdQ,INSERTiON
O8qii6oiooPd8lbPqDo9QQioIoQQOoq0,INSIDE YOUR HEART
6oIO00P8bdqqbP9qlqIqDP1Q1d9PD0qi,insist
Q61QoIQOQdoO98DP1oDlOIoO6D6lqq1o,Inspiration
qQI9IQOd061Q69Oo89lll9bd99108Qqd,In The Air
o1dbD61Qi98O60liQQ91d8O16I86dqDd,In The Breeze
8oP1ibbO9qdP19d9lQoi1q16P69b1II9,In the past
8o6ibb0b1i66Q0D8699boob69b80Qb1i,IN THE ZONE
dPdO9OP6616o99l99qiI9DddQdD9D80b,INTO YOUR HEART (Ruffage remix)
6DQoDoliDO6P96P8D1POoOd8q9QbOibQ,invisible rain
q9oQ1Pid9OiIDO66Pd19blOi09019i98,I/O
lq9iPP06O8qiP1iooiboPO910b86di19,IRON HEART
bPb96lbDP9OdI0Oi1189iOPPdllPIDQb,Ishtar
q0I018lPqbdi66qiiiQlqIb9O19O9061,Is this dance a Hakken?
dIbPlPdo09i8oOlOQ1OOq166Q8iP8Oqi,I Want To Do This Keep
IoiD0b6IqiDi6qP1qb0P1dbQlIODbiid,I WANT YOUR LOVE (Darwin remix)
ob6IPbiqD969Q66808obd908DI81bqPi,I-W-U (I Want U)
IoI10obli6qd9DI699l61Pq16P9bboDd,Jam & Marmalade
8qd9d01dPOq1lOOoPiOIoPobdd1QODPq,jane jana
66b1Pibq019dqbdPOdlqDbdbbDdi9Q08,jet coaster☆​girl
qD1I6qqll88q9dq9PoloD68lqddIDo6O,Jetcoaster Windy
1PQdDiqOD6o1b61iiDOoiiblIQbI91Pb,JET WORLD
qOD6OPbP6b0l0ODOiObiQbl1DbPqOi9I,Jewelry days
bQI1dIlIObIIQood96O9q9iO8li11OO9,JOKER
dDQqqIQlDQ9POd90OPl9Dd1i106odDl0,JOMANDA
PPb6l1di1Pi0o8O08odqIDlbPll61QbQ,Jucunda Memoria
iQi8Oool866oDQ6i660o88b86689QiOb,Jungle Dance
iI90119iIb9l609b9981l8QDblDOb0I6,JUST BELIEVE
0lDDIlQ91lq6O16q9QQ681d6Db1l0oOb,KEEP ON MOVIN'
PQPloiIQ19QDP9QoI1ld9DlDObIOP689,KEEP ON MOVIN' ～DMX MIX～
88o0qb8Ii1ldPlDQQdoq90dOd0PoO99d,KEEP ON MOVIN' (Y&Co. DJ BOSS remix)
Qq8bbbqO6qQ1DPODd16oi1QDQoQ9b8DO,KHAMEN BREAK
99ll6bPDDPqQ8boPIQbdQ6bPo8bl69O9,Kill The Night
61Db8oi9d9bOIlloq8dqI8O000ilDb08,Kilonova
Q10PdOD6bDD9QPQQqiO11669bb0lQ189,KIMONO♥PRINCESS
O8lq1l6qIi6I9l69IOPdoI6lbiodQOP6,KING
qIoDdQ1OOoPO8Q1Io0P168161DODPoqb,KISS KISS KISS
QdIl6D808iDoDQi0Qii99Do6do8DOdQO,KISS KISS KISS Akiba Koubou MIX
iOqb60DOOolIioDIOPi09P91i8PDiOqq,Kiss me all night long
iq001Pi8b699iil0b9IlqOqodI606q8P,Knock Yourself Out XD
9ddIP1i0O6l8oO9iI9Ii1Q1o800boQ0D,Komainu Adventure!
9IOdDPPO1IIPD9oDbOPo0Qo99Ii6Q8oi,LA BAMBA
qbQ9I1bI6q91Q18DlDlI1Qdi8q6Qlo91,La Bamba
bIlqP91O9ld1lqlq6qoq9OiPdqIDPP0l,Lachryma《Re:Queen’M》
b6l6qPPdiOqqPqqII0IPqI981bolOqIb,La libertad
ddib8P601q0Oqdb0Pl8oqobq9DD608P1,L'amour et la liberté (Darwin & DJ Silver remix)
8IIoIQQqlooiI6QD9ldIO6qidP98QP68,L'amour et la liberté (DDR Ver.)
IDPbb8oiQl0od6b8OqlPDo08o0QDo6iQ,La receta
901q61iP6lPiDqIQoQod9PDqlOPq1bb9,La Señorita
boP0i08bqQ9d9OoP8Ol6I0l9Po01DiQb,La Señorita Virtual
891iilD9Pq1lPQd6diqiP0dd611dOPPl,Last Card
iOl86b6I00IP9Q9I881oq9qOIDPqqDoO,Last Summer
PllDll9di16l8ild6b688l6OP6olQid8,Last Twilight
8lDOiqP0biD8dD9lOQO619i1PqbqDiP8,LEADING CYBER
6bO0Dq60bboi009iDbO8o9Q9999PiiDP,Leaving...
IOb6Qdi861O00I8q969bDdd60I6I89oI,Let Me Know
99llllDoOQqlo68o089PPlO1oiq06d1D,Let Me Show You
ddqQ801q1lIdIooDiq66qPil1oD0611I,Let's DANCE aROUND!!
id0i6dQId1D9l1P9bq9iP9608Ioi9iq8,Let's Get Away
bP69QdDQ0QQ9dP0dDio0dO61i9Dbdl00,Let the beat hit em! (CLASSIC R&B STYLE)
D9ooldO1009Pq1dP6P88lD80P0Oi060P,LEVEL UP
blq0Oq8q6oi89odoPOqIDDQIPO11IQ9O,Liar×Girl
qP8qb6lIqPIlO696q8881qoIqi1O6ldI,Lichtsäule
dqb09QD6o0O8PooiqbqQOdqQ1l80o691,Life is beautiful
i1ol0PO8QbQD0q0oDI6qq0IO68868bP8,Lift You Up
bqi9QiQ0lbi8id6lOi88iIi9lo6Pdd90,Lightspeed
691bdoD0DIP6di9D6QoPiDbD19Ol0lqi,Like A Star
ooiqoi6Q0dil6b10QOq8DiOIiq9iQb10,LIKE A VAMPIRE
Q8iOiOPbl1lI6D6bbib8Il8lPqlIl1b9,little steps
8O86IP9dqQ8818ld9od8Q0PiDId6666P,LOGICAL DASH
D6IQ1O1D00D1o8IQq0O9qqIibqDiiO0i,London EVOLVED ver.A
OlDo09P8l0d6d80i8qD0qQddbi0QQD8b,London EVOLVED ver.B
09looidO89Q9DiDdqQiDPlIQDoiobobQ,London EVOLVED ver.C
biO8o0DdD9lqdI9I8QI9q8oQoO8oI8q6,Look at the Sky
b1QllqO8oQdqo086QdIlIblDDbPodDoP,Lose Your Sense
iI8qbP0IIb16Oi9bIbb8O9dbDDi1ql86,Love Sugar
l0od6D6dl9PQdl1iDPOlD80io0iqqDb8,Love Again
boOdPIqbDd8li0O0IqliPo1Doq99Ob09,LOVE AGAIN TONIGHT～For Melissa MIX～
Q86bq1iQDIqDllbdD6ldIO089q8Q1689,LOVE EAST
D6oPIlOlIIOi1oq6Pd6011lqobbqOlib,LOVE IS ORANGE
6dqPOId9Od11Il90QO0q9iQI6d68IolD,LOVE IS THE POWER -Re:born-
IPOq96Qo911IdQbdqIo0I816i6O86ioO,LoveLove DokiDoki
qIP6DPdbD9iO86i1DO9qDd8l6dPdbl0P,LOVE♥SHINE
qi9qP1dPd6PPDlldbb8OIlD08Pbd9006,Love Shine Wonderful mix
8dDQIPOo681iID8IiibbD8IbIldI86P1,LOVE SHINE (Body Grooverz 2006 mix)
i8II16blIIbQQd196b616OPbPO910oi9,LOVE THIS FEELIN'
D8o868di9DidPo98ibOdqbi98Ii869Qb,Love You
qIqbqPblQIIObd9166bbDiioOIiIq991,Love You More
61D9oiPDI68Dq60Dqi99qqd9DqD1D1qd,LOVING YOU (Epidemik remix)
l8IqlD99d81l6PdldDql08ODOQo6lDdq,LubedeR
odD0Ql6iQbidDlqdPIdo8iQO09OoIbD0,MAGIC PARADE
18l0blb188Oqqi8I68o8oq91Qbq86QDi,Magnetic
0Oo6iId08018qOqbo6O1o0QQ9D09Piq1,Make A Difference
6IPiID10iO699bOQlODd1PQ0liDi9i1I,MAKE A JAM!
8Il6980di8P89lil1PDIqqIbiq1QO8lQ,MAKE IT BETTER
9qP16D6l11i9P1lQ0b1DIqoOqqiIQDl9,MAKE IT BETTER (So-REAL Mix)
1Q9l881P1bq8bQQ9OOqQ10OioP68bQ8o,Malacca
ibOId89QQPI6dli9I6PO09Qo86686O6i,MANA
6P6dPoi66qO980bQo6l1QdlQIooq086l,MARIA (I believe...)
oOdl0d1IOo0bd008DOl91606Pd0PP86d,MARS WAR 3
08O1i8ib1lDPbdOoPlD069PoOI1860qi,mathematical good-bye
qIIDP8iPlII9qlOQIIol0i81b0d68qo8,MA・TSU・RI
OQol16I968Q8bDoQd80i90oQQbqOdbdP,MAXIMIZER
l6999IbQI61IO9qQbllobqo68lqobibq,MAX LOVE
89I0ooQbbI1I6O1iq861PQQqIo9iO86b,MAX. (period)
lObPDQDI08DoodDq1061IP1qbQ1qQQbl,MAXX UNLIMITED
6P18lOliIQqIO6Di0PP8iDlDQ01b0o0q,MAX 300
qOP1qP69o6id061o9bo8l6P11P1PQI1O,MAX 300 (Super-Max-Me Mix)
1Dl19idl0i0qiqidbDIIbQddiP6o11PP,MAX 360
o96i9P9iO9o0DdbPb9bbQ66DqDq88Db1,M.A.Y.U.
O9Odqd8qiQiOqQdOOq01D8OQlOiO1iPD,Megalara Garuda
PddldblI909IqI8PPiQIo9lIIiQdDo1l,MEGALOVANIA
9DlbD6PI1IQQ9q0OIdD1I8olIPPo6dPl,melody H4CKER
6i189o0bl000608OPdOIODOOibq6QoPI,Melody Life
D1QDql1OQDl1dblId0P81Q999dO9POoP,ｍｅｍｏｒｙ／／ＤＡＴＡＭＯＳＨＥＲ
61QQi8i9Iliq66IOq1ib888b666o08O8,Mermaid girl
1OlD9Iqb9Oqol09dDi6iiQ9Iod1oP0il,message
8D9D6ld0bP9bP119OIlQI9ol919IDD86,Mess With My Emotions
IqiOOoDoo061DlbqPPQdPlP1qloP6096,Metamorphic
d9iqoill801Q891P1OiPDIbDlQ9qoQ1b,Meteor
ll0O8PlqQd0iOO8ib61lO6iDiliQdiPP,Midnight Amaretto
iI1iQD6Id0PiPDoo919doOooDib09I6b,MIDNIGHT SPECIAL
QID6qIPod8III8ll8ooQild1QdlPOIdi,Mighty Beat Monsterz
b6dqPiOO6iO6b8D90Ido6QPOlObd9o98,Mind Parasite
i9DPi1Do9qoIQid09o1oilodPlDP6doO,Miracle Moon ～L.E.D.LIGHT STYLE MIX～
Db9DllQooo6lqQdl6Q6OD6q066i1IdOO,Mitorete Ibarakisshu Daarin
IdDblQIbq8Di9iOo61O0bQIIPqPQ16o8,MODEL FT2 Miracle Version
bD1DbibPIq9IIlQd0OIIl0o91QI1il69,Monkey Business
OoQ6Oq81oIql8iIlbI6qldIlqoD1Di1I,Monkey Punk
0QI6ODo0bPq6Io8ibP16d6I81dbI6oDi,Monsters Den
lI8qIDQPD0PDOdO1d01iOq8bI98iiQ1l,MOON
olOOdb66Q0bP0dqQPdIdQ8IPQql8D6bi,MOONSTER
QQODQlOodQdbOdO6iQPi89PPIQi9oodQ,Move On
19old9dq1q9DilPQDol88d19dI96blb6,MOVE! (We Keep It Movin')
9lO9do19O1I9dbiPi8q9OdqdiOoQ8PQQ,Moving On
QQdIOi1Q81IqIoDqo80P0I1Q9qIdq1il,murmur twins
OlQbP19IPDDDqDDO1bd0DII8IoqDo1QP,murmur twins (guitar pop ver.)
q8q0D8QoP89IqooiiD0q66QPI1b8lDi0,Musician
i11d86DOOdOb8Pbb1QqIilQI9Idib8PP,Music In The Rhythm
d10d86DQqqd6QDlQlOI1bQi9do66l8Od,MUTEKI BUFFALO
bD1P1l6dDPdl0b99lPl0llD9i9blQIi1,MVP
DQqO696iPldD6olDOOdP09l08ll989l8,My Drama
Io1661doQq6OQ8DoobPq1IQlbqoDD1q8,My Only Shining Star
6Ddo196olOPi9IQdbQ8Qbd8do8Q1obOD,MY SUMMER LOVE
lbD8DodiOiP8D61lidIi88DIiPqi8o6P,Mythomane
Po09DbIQ9QPoboQi0900lbbOqDoPbIod,neko＊neko
DI91q6O00bliOldqO6DqDdqib86iqPPP,NEPHILIM DELTA
lO91bIQ0Q990PqPbPIq88b9I9PI6ID0Q,Neutrino
1iDPo19Pb9ooi8OqiidbqPb06DDdqiqo,Neverland
Q9QlQI6Dd09P6i1bP9d8q0IQlPoqiQ81,Never See You Again
08PO96OlIoQqPdq91Q1Qqlo8lPidbPP8,New Beginning
o068b00O6QD8lo9O1i9PbQlqO6IQOidD,New Century
o0l1Qioq1i9iQl6b9q6il0iqi1b1OQ9b,New Decade
DdIo9DQ0ddDld99DQdiiqbPP06OI91I0,New Era
6i99bQI11qD818DDdq6qb0Dql880lP8l,New Generation
PdqQ0oO8lIOi800i69I9100olb9Q6D8Q,New Gravity
q96q9D9oIIOQl8QQ60ii19P0Dbq8Q609,New Millennium
dlbqIDqQiolDo6qdoQli6OO9lQolP6Iq,New Millennium Pt.2
Pqb60bq60o9QO0obI1Od9liQo9iIiOD0,New Rules
II68b0dooOIOlOiq0iQO18blDd6b9O9D,New York EVOLVED (Type A)
61P0I66id16QIi08Q1918PlldOOiooql,New York EVOLVED (Type B)
Od8ld9bQQPDddIqDQ1PloOOdQ0IQo0O9,New York EVOLVED (Type C)
qiqP8qb8Qlld0Oqbll00o0bqlq9PoO09,Next FUTURE
b80oDO98iPDO1100IbOo8160bPdd898I,Next Phase
iP6qIl6lD809098io0OiPP08Ii18I6OI,NGO
ib0l98Q00O1Do9oQq1IQOOqQOOb80bIo,nightbird lost wing
9QP8IdI00QP101lQPPQbP89DIDQPoD0d,Niji no Sekai
I9P1dbOqD1qIP8bd9O80Ooo869bldobD,No Life Queen [DJ Command Remix]
bDDq1qO80o6806dQOb1Qo0bPI6899q1D,No Matter What
odlOiO6di119680QOoOo8dO8IO0DliI9,No More Love
iI96000Ib9DlIOPlDQIO00oDiO9DbPI0,Nostalgia Is Lost
i6bIQ6D0P09olqbOiP8I919006DdII1P,Not Alone
Db6odqIqQ90PIDIlD1DIb8l09ol6qIDl,No Tears Left to Cry
81qibDQqq8idiD1lQqq0qdqD6i6q1QDb,No.13
DbQbDQOl0lII16ib1081d6ddIodD0P9I,oarfish
I18Iolqio01IlPi9QIqPQ8Q9O6iOod0O,Ødyssey
I98DbDO1OqIPD9Q608DqoO1I6Iqi1ddo,O JIYA
l6oP66ODld89Q99o0lDPP90qdbo11PPQ,ON-DO
OQb96d6qD9bPdD819QO0b88blIllldoi,One Sided Love
OPDQ9Oi8I6D1I1iqi8iOiP0bDI9Pl86P,on the bounce
d88boiQ609PO8ODDo6IliPIb69I80dlP,On The Break
Q9bo8o9600D869o10ioPb8bPO10bIOiq,On the Night of a Still Wind
Dl91ldlb8PODoO96OI801DP0PPl8Plqi,ONYX
0OQiI9qD6OiodDoQlPllqPoPoqi98D8P,Open Your Eyes
99OQb9b0IQ98P6IQdPOiqi8q16o16iqP,ORCA
1PQDi1P0dd6bIi9bQ0P0IQId808bPi1Q,Origin Pulsation
1d10660Dd0IOibDI890Ild80q6ddoQO8,ORION.78 (AMeuro-MIX)
61ido0DPl8q0dI1i011Do1b6669dPIlo,ORION.78～civilization mix～
dOilPdQDPQP0l8Po6Pli96i010d88dii,OROCHI STRIKE
ldDD06dIQ0qQPD9OI88P90OOi0bQPD1O,osaka EVOLVED Maido Ookini TYPE1
8006PP188Qldob68ld6OPqlbl1biod6D,osaka EVOLVED Maido Ookini TYPE2
di088lOPlqQ1OoQIbilI1P0q119i8o9O,osaka EVOLVED Maido Ookini TYPE3
PoP6o0Db8odIO9oOqddodd8IlPl1iDli,Our Love
QD8D6IQ1QoOPIPIIbI10QDOdd96OPIQi,#OurMemories
QI06q9lPIoo80DlI18Ooi6dbPl89bqi0,Our Soul
I6qdO8Di181P6Q9Ooq0d8d0DOdq1dOOQ,out of focus
P1boP1O60bdI16i6lqqd1Q8ioiPbolqd,ΩVERSOUL
6bid6d9qPQ80DOqiidQQ891o6Od8801l,Over The Period
9IlP00lPi6oOQQqOl1DoI0o10bi1iid1,PANIC HOLIC
lb01Qb1iOOIIobPO06Oob9ODilIDOQ6Q,paparazzi
db9qPQQ1lDbDIPP98IOqil9IO1i0oilO,PARADISE
06loOQ0DQb0DqbOibl6qO81qlIdoP9DI,PARANOiA
PP1q0iii1D6Dq9QOd0qqDOQD0160QoPD,PARANOiA ETERNAL
DPQo8Q0l9D8IPiDiq11l8OI6i11OOb6O,PARANOIA EVOLUTION
io1d1Dq80Di08O1Pb9bQ8DoP9d9Ooi90,PARANOiA ～HADES～
9doPbId8qid9I9l6ooloPQD1lq1Plb6I,PARANOiA KCET ～clean mix～
dQPPd10QO9d8IiOiIi8iDD1Qdq8lQli0,PARANOiA (kskst mix)
Pl0dPid9lQDo6PDQDqPboPqO6iIDIqoo,PARANOiA MAX ～DIRTY MIX～
0lDP0P06PIPl1iiIDOb919iqo1oPdlP8,PARANOiA Rebirth
IP00ID9bdlOoP9o9lo1qlO0D1Pdo9I8l,PARANOiA -Respect-
606b9d6OiliId69bO9Odi6qq8o8Qd0dq,PARANOiA Revolution
O9Id8Qi6OIDIQ6bPi610q0001l1P099q,PARANOIA survivor
68iQ9666QIQP1IOQbbd9989DQQ1D0dOl,PARANOIA survivor MAX
bIio1d6QOPlqlDOqoIQoPIbIbb0iQIil,PARTY ALL NIGHT(DJ KEN-BOW MIX)
qDIdbDO1OiDPqd1i60Dd6OPOlO90D10Q,Party Lights
oQQqlb666o69DDOQoboOI1b1q09lQ9P6,Party Lights (Tommie Sunshine's Brooklyn Fire Remix)
09oIbO1bi8O8Q1o01q610ID0qPOqoQQP,Party Rock Anthem
8PQooio0ilPoQ8Di66I19QOQP90Ddbdi,PASSION OF LOVE
OPbd0ldd89Ddll690qiObDld9oDdPdOi,perditus†paradisus
8o08l8DPiO01dlo1OI8DqQDq9lQ1bPq1,PERSIAN LAND
1088IDQiIDl6I888OQi60l66DP6D0qOl,Phlox
DD6olq00PD91odbO9QbldDb0bQ18oqo1,Pierce The Sky
O09lbd0I8D0DI08O06l6iiI0i11I1iIb,Pink Rose
6oI9d9lO6Q0iDD8dIIO08qIODiqiIqDl,Plan 8
i66lIl9D60DPq0dQ0O9666ID8bPlID9i,Playa (Original Mix)
bOQ0dIIIilDD9Do6qIDdlObQdo01DD80,Playing With Fire
dD6PqbboDil89DPIID86Pldi6obI1b8l,Pluto
0IldoDlDQql99DqQo0Qq9ioPIiiPoIoi,Pluto Relinquish
PIO8dod8P9OOP1bi0D1POIi6OdOdQDql,Pluto The First
l609D9lOqbDP6iIld1dI18l888dODQ6Q,Polovtsian Dances And Chorus
O6q0qIQdII9086d9q6o0D1PO06liQ9iO,Poochie
Q0dQDqillPqIId0Q81q01ooObQIlO1QI,Poppin' Soda
1PiiOiQoq8dbdi819q9Ild966o6o19QQ,Poseidon
qD6q1PD0lIDP89DPDbOOIdq0Pi8iIdD6,Poseidon (kors k mix)
q6di1DQbi88i9QlPol1iIPbb8lP1qP1b,POSSESSION
o1Od8IPqddIP0oIPod81PDodPo1qo88o,POSSESSION (EDP Live Mix)
19q96Q8l1oqbD0OQq6biDbO6O1oqqb6O,POSSESSION (20th Anniversary Mix)
P0iOob80dDPqI8oIqq1dOiDd9qilQqDl,PRANA
D8q1ObblD0i6liQ0OD6OdD0qIo9oPldb,PRANA+​REVOLUTIONARY ADDICT (U1 DJ Mix)
88Qq96qbdd69bqI089600l9bDDdiQI0l,Prettiful!
i916bDibPI9l869o9IIQb8DbO9bPDi6q,Prey
1PoOQPd0D01Q9O0doiQQQ8D8Q096bDq9,printemps
0dOi10q9Q6oi0Q9960iQQDO6olqlDDqo,Private Eye
1DPD60Q8D1qD8i80P160bqDQ81DObDlP,Procyon
Pld9iO6oi9qlDD08l8QDdIi6d6Q6iDd1,Programmed Universe
99q8i8bPldDbio919ob0DPi0bqdIoobi,Puberty Dysthymia
bI0oqdIDPPi8dDqlOO1Ii8qDQb1lq88o,Pump Pump Pump
IIDiDdQ1d6bIqbld9IdO106POdiPO6PO,PUNISHER
IiiqDblQ8Oqlbo8OOiqI6IqO6P8I8I1d,Pure Rude
bl90QbiqoOlDI6iQQQdo0Iol6PIdQblP,Pursuer
DQlQ1DlPbq900oqdOo8l0d6I1lIOl99l,PUT YOUR FAITH IN ME
bllQi9boq8qobOQDOD6QDio9lii8109i,PUT YOUR FAITH IN ME (DA's Twinkly Disco Remix)
IQqOIb6ob8bIbOII66ID0oIQDPl6bdbb,PUT YOUR FAITH IN ME (Jazzy Groove)
OI01b6I6OQ9IdQidll890oqlOPDql9ol,PUT YOUR FAITH IN ME ～SATURDAY NIGHT MIX～
091IQQ1PqOdIl9ioPQDdO60Dq069DP69,puzzle
diDO6qoqo9li6qDdidDiqO9bi8lOP8ib,Qipchãq
09P10l1q98b1DiDQdlIii0bld111O86D,quaver♪
QI96D9PqIQ90PidPQPdbqbi0q9q8lQbb,Quickening
D01oOb0IOQ1bbIIdi88O0d80Qo9dblqP,Quick Master
6ibO1P1I1ooDdd9l1oDOqDDdOlO9o6io,Qwerty
oloqOddo8oI1696Oqidb081ldlPQ89qO,Racing with Time (NAOKI's 999 remix)
qbDidIlodPP6PqI00D18P6dDbioIdDPD,rainbow flyer
0OQdlbo111ib1i88IdIPIbollD68Dii1,rainbow rainbow
Qo9l6l6lq0q618bQOb8d6qiooiiPQqoI,rain of sorrow
Ol8PPooqO8iOqQ6900o0q0QI9dPo0O0b,Rampage Hero
60qiDd000qDIobO0QI916i18bbolO919,Raspberry♡Heart (English version)
DodQ1I1DiPIqDQP0PqO6PIQ1iPQd6O8d,Rave Accelerator
PIl8P90Pll19Pido608olD61QIqq0b9d,Rave in the Shell
POq8OPlOO9199i11Od0P00801Qo01DQo,Reach The Sky, Without you
IDldD8o8P8dbIP6oiDo11i10lo6bP6oQ,real-high-SPEED
8qPoPbql190Pi9086ildIlQOqlPoQdP9,REBORN MAGIC
0b8lD690qQO1bDOib1IqiO0OO169o9IQ,Red. by Full Metal Jacket
Qi1Q6I80b09Oq91OPldbO19080q0dd0b,Red Cape Theorem
81QD89Q6Ob911oOoobO0D98IQ1D1q60d,RED ZONE
ODdoiODodb0ddIP06IqDQdl100q0dIP6,Re:GENERATION
DqIO9PI98blQlid88dQiO0ldoiobOqdb,REINCARNATION
ll6iQl0PoiDob8Oi6dlOQ069061doqbq,Rejoin
qo6l9dbb8D0iDQI1odo0Qb9O1ibDdoIb,Remain
l1b8iDqOdQl6PbIIdb966qQ8d9i9dOPQ,Re:RHYZE
iO90Qo66I88P1IdDldo1oIqb8bldqDI6,Rescue Me
1Ob9Il9bOQdbOQbq00oi1qoo1o1dPoI0,resonance
PbQ8Q9ol09I18IIb0d6iO8i9ODID10iO,Resurrection
IPq8dO1lD8qidDlI0ObboI9IIldQO6IQ,RЁVOLUTIФN
O0Id19qQlDibiDdIP90o81bOo16qbQ0o,REVOLUTIONARY ADDICT
P8IQ8blOl1i08oP18i06Oq1iP9biP6Do,Rhythms Inside
q11d0oiQIlbP91dqqddPq9D80lbODbDi,Right on time (Ryu☆​Remix)
1qPOO8o9089lI1qQIDIDi0lidob9i6lq,Right Time Right Way
I9Oood9l9li0D08Q6d6DQPiIQiloidO6,Riot of Color
DdIQdo1D01PblPQd06696dPq610o1lIl,Rise As One
60P9IPOdi1OIbD61D8i0D9ODoq6QOIPO,RISING FIRE HAWK
IDIQilDID9lO6lO86dq6ldoDlqiii1o1,Robot Footwork
QoD9DQ8QQ11ib0Idob9dbIQqbq0Q8Q6i,Roche Limit
1II6199qOd1bo0P0D19Q9qd06ll1QOl9,ROCK THE PARTY
0i8idqoQ8lOIi6qOPO0DOOi8OlPq10D8,Roll the Dice
iQqbdqOlqlPP11d1qI8lO6iQb19dO991,Romancing Layer
ODd6QDIIdi6ild0O8lqIdl0oiQ98669l,ROOM
odd1O0boo1boqDb0dIOQdQi1IqdO1DQd,roppongi EVOLVED ver.A
QobO6O8iQP6I16l0I8QPd0Iq6iQ1loQ6,roppongi EVOLVED ver.B
lb9Qo61bbOdQidlQQD8DP8199Q911Id9,roppongi EVOLVED ver.C
l8q6diIod06OdP11P6I8oIddiPo16DPd,roppongi EVOLVED ver.D
I189iqQI6iPDdIDbo81b1iD6lIQiI0Po,Run The Show
dIQDOoO80odDP8OiOQIQ9oI0o99OdQDQ,SABER WING
PIP60POo0dDQlIiqO9bIQ1oddQD8P9Il,SABER WING (Akira Ishihara Headshot mix)
Do6oPoo1QbOPo9DIii0Q0180l8b1Doqi,SABER WING (satellite silhouette remix)
qOQQ1qdQPPQ1bbdPldPlIil99IDoPi61,Sacred Oath
iObdoO9b1O9o8dP8o0id9b1QioQ0q9q9,S・A・G・A
qlQbI6dQ8i1iOO1oPbOoQ9b6ODII08Qb,Sahara
i09oqb0o1boQdi1blIb1D08PlDI1o6lo,Saiph
QQd9l19POblQdPdd61OD808DQ1qOQ9dl,Sakura Mirage
0Pq6o89llQl10dl8O0DdP6lIO0ib6Doq,Sakura Reflection
ib19PQ61bi0lI8qi98IQ8dOqOoP91olq,sakura storm
6lD1ooDi8Pdl0OlO0QoIioI8119I0PPq,Sakura Sunrise
9iOoPoQ998qD66DoOOOqD9oDQD88P8I0,Samurai Shogun vs. Master Ninja
QiQi666Qd9I6d1899iii80PdQdDlO1i1,Sand Blow
o9l8Id0D1lQdl1o9DDIPbO6q998lq8bd,Saturday Night Love
dDldd8OlbPQDoD80dO0DiDOiIoP1PQoD,Saturn
8QPioDo6lIDdq861DDooq1O9dqdOOPiD,SAY A PRAYER
Q8b91l6od9bq6IPqlddiP0bb0l1iqD8I,SAYONARA Disco Light
oQ1PPlOd8Ilb8I1I6biqO0lQPIoOldP1,Scarlet Moon
iq9qPoPlIlbIDqlD81DqO1110QI1qoOl,SCHWARZSCHILD FIELD
16Pio809ID669Di8OoPblQO0lDq668dQ,Scorching Moon
D0dPPodlDQO9lQblI6PP1OIIQPO61O1D,SCREW // owo // SCREW
loP08P1PPi990lPD0O060d888O9o6qb8,Seasons
9bI0dQdb01Dl1bQq1Pq998i0l096D99P,Second Heaven
d1bQ1iIb0I1PoPOQqliIo9PiQQb1119d,second spring storm
Db9D6Old6lIo01q0qlQ0dD1oDdbdob8I,Secret Rendez-vous
O6q9qPQ1q69ddPl6DPO0bQO6989QO1ii,Sector
oIQo8IQPbobO6bioiqqdP6P6O8898DOQ,SEDUCTION
PO1olqI8DiDiO0loDIIQ08oPd910bQbQ,SEDUCTION (Vocal Remix)
Qbbqd9O98bl0DobQ9l6blO8iOPP8QdDd,Sephirot
D0Q0oIDDqoQd0IQddi1IiD16dO16O88o,Seta Para Cima↑↑
DIoP0QD6i8PoQOo6DIdb1o19iqb10qQO,Settin' the Scene
qbl10iqqdO1Do1dIq181Pl6oi8QilQo1,Seule
60QoP9DoIo90D616989Q0D0iodOoOd91,SEXY PLANET
qo6Ib8QqqDd16i91d8dlQoqIq08bo68d,Shades of Grey
9P16o1bO16PDDObloibo1Il8IIDdo869,Share The Love
0qDb0d9oIoQPP1Ql0o0OOPoPDbQ699Iq,She is my wife
q1o901oPqbbI1Q61qo688bDd0Pqlb08l,Shine
006ob1iI9b1I8dDl0dq1bqIOP8886li1,☆​shining☆
b6ldDOq9qi1IiIIdiIl1108q1iQ9O6d6,Shiny World
Dbd0o8iob1D0990DDIOIIQ6bQqdDQ6ID,SHION
QO86biQ6lDOb8I0oD0i90bqi1ooIIi0O,Shooting Star
9ldQqb9oqi60Q80iob61OiQbbDO6PID9,Shout It Out
6oolbQ0QiO90Dd0DQbb1D86d8q88id86,Show me your moves
qq8qDqqPQdP0loDI6DDO9d6dQ601iOID,siberite
QOPioi8P81q9l0QiP6q06b06bdOO8b1O,S!ck
qoDOoP99lq8bd19iqiloObQDqD8QbOq0,SigSig
80bQi8IQ8o1iidqd6oQiDPQoPi909olq,Silent Hill
Q8bIddo10ilqbd6I8QOq1bod1OO8dqlO,Silly Love
Q6ql0lOOdq90DI1PqO1bd10bP0Oi8Q0Q,SILVER☆​DREAM
bi1Obd9i99P0O9PqQ1l1P6P6o1IOi11P,Silver Platform - I wanna get your heart -
lliDD9qPqiIDI8P9bb18IO60l9D061Io,SISYPHUS
D6o8lIiDQ80oi6iIbiP9DlOPIl0Q8d69,Six String Proof
idI1dd69l1il16P0d9DoldDP1QDP0911,Ska Ska No.3
bPI6QobOQl9Q161l8l68069QdO1QbO9b,SkyDrive! (HASEKO EUROBEAT MIX)
08IP8i1qIbQIoP9DiP11IdP190Q98lil,Sky Is The Limit
Dqb08DI0Ii8ilD0lioi9o9D1dodl6dO0,Skywalking
86688l9096PdIqDPl8qoQ10dI8Ioi86l,Slip Out
lb1l0DibId6Pb9ddlqlDoP6d6oD0o0IP,Slip Out (bounce in beat mix)
OdldObODIdilOP0QqI0b1oO1diqdq61b,Small Steps
68iObo1dP91oqDQ18iiiPQDDb8O6ddq6,SMASH
odliP8d18DQi0b8lPbPI1PdoQ0PDd0IP,Smiling Passion
1l01billdl6oPP96Pq8d0lbbblQI8i8l,smooooch･∀･
8ql0DIiI0D9D1OP0qb8olo9bIQdP0ddq,Snow Garland Fairy
OQbdD9iD898Q01oIddDliq8q9D1QlQ1I,snow prism
Dld100o9l88o6qqId6O96IbiIQiOdbQD,S.O.D
8qd0DIiiQ6dPl1b6b0OqDob6i0d1dQP1,SODA GALAXY
D06P88iOlIdbbQ1Qd8OOI11dQoq0iOqd,SO IN LOVE
dPbOQdio1OI8OOI6OlOIqI1Ii18i8ID0,sola
0ol981b18biO0610IqPi9l6Db86PbIQ9,someday...
60dq6Plo0do9iQOl6ql111P9OPd9i01l,Somehow You Found Me
DdbI8dPqPI8ll69q6QidI6lldDQod8b9,Something Comforting
6ObP9i0qi1ibbi9DOd6bOOOd6Q9dlPi6,Something Just Like This (Alesso Remix)
oi9q8DQ1QddP1699qIbqP886iOIPI16I,Something Special
o1QoI9dQ1i89bPl1oDl6999861obD0qI,SOUL CRASH
i86bPlP6ioldqb1OqPqidboqqQ8dQqdl,south
8o10d9O89d6DQOiDlbb160Id8IIO6b01,SOUVENIR
OOqoq9IPOQIqiid16l0bDdiQQ11QQD88,So What
bo6PqbbPQ6D096OIP6dDPbPPiDi88609,Spanish Snowy Dance
o89biodIl0Oo1bQqll86QDi0oQQd61Db,Sparkle Dreams
8i61Oi09bOIP0lOldI668b8IPbIq8l0Q,Sparkle Smilin'
D9odQ60DDolq9QI9DDl98DIobdPPIil9,Special One
9DI8iOP0660lb968I6Oiiid6DQ68IbOO,SPECIAL SUMMER CAMPAIGN!
b1do8OI6qDDlQO0PI16868ql6bdbI886,Splash Gold
DID6l8bbD0D6661lPiP6QIQ1dPbb010d,spring pony
1P9qQdiiodODqQPl0OO88iiiqdoDIPO6,SP-TRIP MACHINE～JUNGLE MIX～
D9I8d1PDOQ8QqP1o1IIi0o8d6660ddOQ,Squeeze
Dqb69lDiP6diId6O8Q0I6bbQI88lPlb0,Stand Alone Beat Masta
QD0q90q9PIl9PdqqO9D9DO09DbiODOI6,Star Gate Heaven
6I0d1d8d690dl8boOb60O1Iq1Ddi6P8d,Star Gate Heaven (FUTURE LOVE Mix)
bb9lOdO0Pbb1qOIb1oQq8lPlI9i6IP8q,Starlight Fantasia
1QqObIQPDOq6bI6iOqDiiI66oDQQidlb,Starlight Fantasia (Endorphins Mix)
bbiPqbo0lQq9P19i06q690blI91dbbq6,Starlight in the Snow
l666Dd0bIO9O69boPd898b19bPDo1IdO,starmine
oQPdiPPdQO1Ob6DqDi0l0q0PDP06QlO0,Starry HEAVEN
80OqPo1D6lD616lIDI1IPq0oPllld6b1,Starry Sky
bq1O60D90Qbb6iPoi90Ii9olQOIO0Ib1,STARS☆​☆☆ (Re-tuned by HΛL) - DDR EDITION -
6qQb9I0QbD89IID9b9iOPdO6dbqPDolQ,STARS☆​☆☆ (2nd NAOKI's style)
l08bl1dddob81IP1IbQqbDbiPo9l069l,Start a New Day
I1DiOI16Id0qdlqbQ6ObPlilDP1oiI98,Star Trail
989od088q99DPIIq6IQidI1IQ1qQOlb6,STAY GOLD
88qIddPQ9Q0QbQb0l6obD6IQ99oIiQQi,STAY (Joey Riot remix)
6lqoOddiPQ6D6160bOdP116bQdIliII8,STAY (Organic house Version)
olDoq69qD008Q9bb8d9OOlPO160Qd0dq,Stay 4 Ever
b0DP0oqbid0iIQ6D88dDIiiDiq9oi19Q,stealth
boO8d11P8o6l89i81i1i1IdPlP109QoQ,stellar rain
OPQQo1idQoqOq88lIPOQo6DooiP8QO9d,Stella Sinistra
d6OoI6oOd1l99DIoodI9lIDI0bidDP00,STEP MACHINE
I0dOli6do1l1008I8PllOq8DoOoIO8oq,Steps for Victory
8iiqQ9o1P089901DPIq8PDPOl6oDOl1P,Step This Way
ooo6qID66I6191bQib1QQdlPoio6Iodl,STERLING SILVER
oqPii6QDdPOI6lDDQ96DOI8ill61bobd,STERLING SILVER (U1 overground mix)
Qb90bo6I0Pd9181iIoOPoqPOOOQq6dQ1,STILL IN MY HEART
OoIPPqIDbQ6qIb69q8dil0iq0l6q6DQD,stoic (EXTREME version)
IdPl6QoiqIl86iQ1QdIoDQdqlq98OIib,STOMP!!
oDD1DQ161816dd9Dl8IioOoi9OQdO01O,Straight Oath
0i68q1iQblI1Pb8QqoQ90i6ddPiqdq8b,Strawberry Chu♡Chu♡
li6dD9b8dboOd9bbqli886lDl08IPQ00,StrayedCatz
1idIoi66ll806D8ddldOQi8bdiDO0Oil,Struggle
oo6iiQQbqQ98D9oP6OQPibIqIPd66Qb0,STULTI
6o6OObQo9oQl6Q1oq6OPqibQI61IlPq8,Such A Feeling
P8od0Q9DO8i9dl881oPQQIOIIq1Q9Oi9,Sucka Luva
i90o9Q0D91bb0Q6qIQ1OiDqqiPPP98oI,Summer Fairytale
loD6oi96869O8ilii1QPOPDoP91l1PQQ,Summer fantasy (Darwin remix)
61IoqIoODb6dlQlQqd99b90idO9QP9iI,SUNKiSS♥DROP
D1I09111OiQPiDi9doqP9b1PlO1PqII8,SUN² SUMMER STEP!
d1PbOD8o6b6o1OqOQ98ilDQbid6dddQd,SUPER HERO
d1bdqOI8IPIO8i00Plq09d189lIbIo0I,SUPER HEROINE!!
PDODO6Qdb9iqd6q0QoI0PiI0lb8l9I6d,SUPER SAMURAI
88do8dl8O6Ql1Qlb981lOi8D86oiq91P,SUPER STAR
Id8IPlqQodD01dPiq8oPPQoPQq6booi0,SUPER SUMMER SALE
9qO16DoQPDODQI6IPD0lPD10b88Qqi1i,Surface
bo8DPdi09odO8oq9ql0iI8booOioOqi0,Surrender (PureFocus remix)
iq6b9lP6qQQIOIPQDdPD8ld1o9891Pq9,SURVIVAL AT THE END OF THE UNIVERSE
Q88iD188IiqQbIoP9Oq818bPbOP1d1bQ,suspicions
I0DDidl0PIo6bO6o8I08Q1Pq89IdP6Pb,Sweet Clock
obd0PDIDq8qqd9q9qdbDdqD98bd61I8D,SWEET HOME PARTY
bbID6DO6PiIOQ1oDl1oiOd1bI9bQPi69,Sweetin' Fruity
DbibObDP860iqI11POiqQDD0i8PPOibd,Sweet Rain
8809ol0qbbd6919bbl0b8id1669PqQ08,Sweet Sweet ♥ Magic
9bo00PqOIDoDbO6P1116b9obolOiqPo1,switch
ddqO1b1ldlQd6OOoQ1boPdoboDQqd9D8,Sword of Vengeance
8lo1IDqPDD88DObIPodOd8oQ0Q6qQ1Dd,sync (EXTREME version)
b9IoO68b1Qd9I6O8qqoo6q1o8DQ8l9lo,Synergy For Angels
ob86bIdI1IbIl9DoQ1bboq9Q8O6PPPoq,Taj He Spitz
b0lI9Ili8loOb1DD6Dd8lqII60b90101,Taj He Spitz (Tommie Sunshine's Brooklyn Fire Re-Touch)
8i1ii188q9OlD0qQ9lQ0D1OdDbldqQbI,Take A Chance
ibiD8868D116OIqbQ1DQ1IOb8OD1qQ98,Take A Step Forward
iqlOo1bdoiDqDbIODDl0POl1PqlQd8l6,Take Me
0088dOQPiD0Qb0Dl8ol09D98IOllI1id,take me higher
PoiPd1OP1q9I9IP00PDlI1Q09QQ9b16o,TAKE ME HIGHER
i1Q080DDQD81l8o0109Q6blq0oo8o69q,Taking It To The Sky
8IODdDQI6P8o0QobDPOldbQ06169b01o,Taking It To The Sky (PLUS step)
1Q1Q8oO600lodPbio8b8d66b8do1PIlQ,TEARS
qdbDo1oP6D9ioODd1dQO0QObObidilbP,TECH-NOID
0DDIQOo6Pl9961I8OiOb1i0OODDPlldl,Teleportation
6loP1dbiOq0Q8i9QQOI6o0iOO6bdIQOO,Tell me what to do
IPDid8ii1iQb19lb6iqOi91O0il018Ql,Thank You Merry Christmas
IlP88I0bbl91iOD6OQ6o6PPb9o6dlDb8,THE ANCIENT KING IS BACK
lO990qi9qq9II1boI10ObdbbolQ1Ii0i,The Ashes of Boreas
i1ibID6lOoiPQ1lli86P9lIIqOoDlldQ,the beat
boi66iD1809o6q199bbolO0bqQ1lqI8b,The flower in your smile
0q8b6O0qOlDql0oP80OI8i8i1088qbIb,The Heavens Above
Q8bIDb60oPo890oi0l0O9PQd9lOb8o1Q,The History of the Future
8Pl1i1o0O6oIio0b681qOoDOQdPPOObb,The Island Song
lO68Q0iPIOiOIDDd8dOPoiql9OI81DQ0,The Least 100sec
li608di8PolqqIP808iddOqi11qDDq0Q,The legend of MAX
90D66ObIiqP09oqoDoq6b908b699oqqi,The Lonely Streets
0Ob1601118Dii9Qdii9lPbioPP6qoi1I,The Night Away (MK Remix)
Oq9QIlI8l11ddqbbDoQ1ql61OqlIi9lo,Theory of Eternity
1iIoi89doDiQoo8o0ddl9PQdQP0Ili8O,THE REASON
bd9dlo8IQOOdQD0dlPQ0bqqdOdl90ol0,THE SAFARI (STARDOM Remix)
ODQOP1dblD6q8d160Ioi0dIoQloI6oQO,THE SHINING POLARIS
Dbdi9P91PQl660llPQO0l86oDqi1O9Ob,The Wind of Gold
b80qOO6l8060990qQPod1bOd8Q9d69qo,The World Ends Now
D6ql9DIOPi9Id8iiOOi1olOPdO9dl1qQ,The 88's Instigation
9lob1d1QPd9qiPlQOQ6l0dbodOoDPq1d,think ya better D
PdPdbdQ1lDI18O90Q0li8QI0bo99bidd,This Beat Is.....
Q88dlIQDd9lbiiiio0dddO6QP6O091lI,THIS IS MY LAST RESORT
qQl6O8IdiI6991IiqDqidO96bll1qPDl,THIS NIGHT
9oll10Dq1qdbPQl68OQ8dOd9q86999i1,Throw Out
6lD9PQo88OI0PQ6db0I1l90lbQOP11O0,Thunderstorm
d0ll11iidiii09D9q81oo1Pq00oDbQ1i,THUNDERSTRIKE
ld8b6iqPIiqqbb9q69l8obO66ibI96od,Ticket to Bombay
idDdoI9bD186blQ9Q8610bIQqb86dilo,TIERRA BUENA
99oQO1b8d9qQdPq6O1I6bd1bo1D16DP0,Till the lonely's gone
oDIliqQl90bQo6Qil9bOiD1iO19qI1dd,TIME
O110IdDiDlDQ66bb1o9lbqiqQq6lOid1,TimeHollow
oIOq6lQQPoD1q11Qiq6dDI6l8DdoQ169,Timepiece phase Ⅱ
q6o1id8doDb988l1o01P8dllQ0d6IP9P,Time to HYPERDRIVE
POdll6oPi1dd68q19q8ID6iQ6d08bl99,Together Going My Way
OddDoQ6dqi0QdQDDOO6qlO08d8bPbli1,Tohoku EVOLVED
DIDd9l0dbi1QdQ89I6Do9bolDqdb1dPO,tokyoEVOLVED (TYPE1)
i0b0118q8D1QlQbIbli0P0IQ0QP08QdO,tokyoEVOLVED (TYPE2)
6OOd69q0oP8iblIIb08OQO9dq9oIq8i6,tokyoEVOLVED (TYPE3)
lQbiI10Qo9DdD8liqPIiob61qDO9d861,TOMORROW
D1D88PPI0PDQqOq00OI6QI1o6dPolqlI,Tomorrow Perfume
IDqoidbllIb0bQQb8dQ1QqP91Q8li9P0,Too Late Snow
l9i996ld6PbbiO1911OoOI8lIPQ06ID8,Top The Charts
Odd6dI6o98O68I98l6q8PqODIooQO9ol,Towards The Horizon
l66Io69ob00OoOiDOI9lIqlidbDoDq89,Towards the TOWER
d9QO9odlI18i96I6DQPld1iiol8ODl0o,toy boxer
ddIiQ90DblbOQQIQPIbQOdb9DdPoOQ9Q,Toy Box Factory
iO61Dq9iiIQO0Qbbdo1O8bdqO8dqoiio,Tracers (4Beat Remix)
PlIiPiPoI9DIbPdIPoqQlIq61Pd8QIDo,Tribe
l6Dbo9DQD0PIb0lbDDb66qqObOloDP6P,tricky trick
OPOIPIi1OioQ98qbO100q6QiDP8dIDq6,Trigger
0lIIil06b8q819P9lDil09o6qlqo9I1i,Trill auf G
POQQQqI8q69qP6Id8Ol01QI60OIoiil8,Trim
d810q0I8q6d0l1POlIO6d66bOPb96dql,Triple Counter
IQqi9Q9qD0DDQIqQOb868QIOioqDqI01,Triple Cross
lDOPd60Q9obl6D0q8qqdQi9lioblD1db,Triple Journey -TAG EDITION-
Pb9II0oiI9ODQ8OP8IqIPQP9P68biqIi,TRIP MACHINE
D81D8689llDiOqPq0IP19bbQQiioPl8d,TRIP MACHINE CLIMAX
8O6b1D9PDO0ll1IO9d1ODDPPo0QPQbob,TRIP MACHINE EVOLUTION
qQ9Oo611P0dObD8q6O0Q968bbl8I91OO,TRIP MACHINE ～luv mix～
b0QQ6OPD1dDqQ6D6IDQqlDd180Db609I,TRIP MACHINE PhoeniX
POO9PlPq66OqIQO6Oq1i90D6Ill100il,TRIP MACHINE survivor
l9OQPi0do19dQPO8ilq0QDbll8P8Ib6O,TRIP MACHINE (xac nanoglide mix)
bilO9D91P1lo81oIDP6qOoqdDdQdoDlP,Truare!
D9lq0DioIl9D6ll0d61990DP9qPPb1dP,True Blue
oD6l698q0bQqoIOi0Dd66bqObII8QqDl,TRUE♥LOVE
1P00OOoibd668i90Oqb0dl9i8D10b1iD,TRUE♥LOVE (Clubstar's True Club Mix)
ddD8OPQoIiQi0IbDOIIdQ6dDDbPQ9bIO,Trust -DanceDance​Revolution mix-
doqDbod0d81qP6PoPiP8b0P00PD8oboD,Try 2 Luv. U
o9Ib8bob6b9qIDq1d09bq8q1I06Odi90,TSUBASA
io688qld6Pqq6bI01q86illP18biq0bd,TSUGARU
0l181DPDqbQPb0qQl0i0dlQd0oQPlQ6i,Twin Bee -Generation X-
lo6bOoq86d9od6qQ9PiPibOioOQb96lP,TWINKLE♡HEART
91Qdq6DbPDlQOiOq08di0IQo8IP8PPqQ,Twinkle Wonderland
Po1D6bo0dQbdl91bPOl86lo8DbP9biiO,Twin memories W
0ODl10P0O10D1OQID91QiPlQd988bio8,TYCOON
i0Q0o98q0DqbbiDd6966QIIoddlob6lI,TYPHØN
1oIo1DliQqPol00Q1l1bPODbdOilodod,Übertreffen
dI1Ii100bQ6006l89diod0d116diOl8D,Uh-Oh
I6dI99IOolDD6l6Q1ooPIiDO8Odq0QIP,UNBELIEVABLE (Sparky remix)
oiQliqIliq91Dl169ldqbb18OPblOb1i,Under the Sky
99P8bDO1PqlddQqo81QOIPO60lPQqlO8,un deux trois
8q68D8iP6lIdiP8bo9PoOib8lb9loIob,Une mage blanche
D9o1DqDidP696lii99881io9Dbb0lQl0,Unity
olQl6Qoi0IbobI980q9Q0QIo9qlbq1PO,Unreal
boDqoIDqDlP1io6bQ0O10diDbbqOD96I,Unreality
89O8qIII0QPO0Q0l10P6dl19PlQ9d0oO,Until the End
0b1660ibo0liI01ibOO6lD8olIb88qDi,Uranus
69diddO9DOI9IPd9b66l0o0DDlPb8oqP,Urban Life
9lo10Dl06QIblQqOOid1qi0bd10I9lQ9,Valanga
186dd6DQq891Ib9Ilq8Qbo8lIqb0Qoll,Valkyrie dimension
q8o866OdqqDPOQdO88D1DOdbqQo1q8Q1,VALLIS-NERIA
6d6bqoOlqi8ooqOdlqdPblqol88b68QP,VANESSA
DDqDDqDQ1Db60IiIDbIl6Pd8DPOq0q06,VANITY ANGEL
891b0OdIdO8b9obi69b6PQlPIqDI01dO,Vanquish The Ghost
d1dPPII1o69IlI0d0DlPi1i1idbdPD6O,VEGA
o6I06bPq8dqIlllbQDPP8boqdq6iQ8Qb,Vem brincar
6bIODbPoIDlOdO66b1id0q68qdQilDd6,Venus
PibQ18qDb06Doq99boODIDQODqiDQIbP,Vertigo
Ilo6IboPOq8Q10qDOdDDoO6P989bPPi6,V ～for EXTREME～
QldQ19DlqDbq1l091q0l1Q1qD6ldQ6qi,VOLAQUAS
8idID0Pq0O68Qb0Q69P6IDldqI91qi1O,volcano
6DQ9D9oi66I8ODi8o0dPdOD1ibbIqIdI,voltississimo
PqPPDibPdD8qd88D0d01dqo6918b0POD,Votum stellarum -forest #25 DDR RMX-
PPQb966D6Ql6Q8iPo68810PdDiI6D0bl,Waiting
96Q0Piqo9PPQoQdi9001DO6P9Piqi0dq,Waiting 4 u
I0091lboOD1Dii10dQ0qbDqil69PQ0io,WARNING×​WARNING×​WARNING
O86D9iqi81QllOqP19dQqqId1qdIolqI,We Can Win The Fight
I6DdI9O1Oo8O9lo1D08ldOllo0o166I8,We're so Happy
I8Odid0QlODlOilqdllqlQldq996QQbP,We Will Live Together
olloQOobddiIIPObP91l0qPl6oo8P9Dl,What Will Come of Me
QQbiq1qQd8d1blOldi889OdQd9P1106Q,WH1TE RO5E
qdbO199oIDIbQ61iDQIPObOPQOIDP68i,White Stream
dbq9dPPOQ60ibOol0I6b9iQol9lD669D,Why not
qI06bbQ1dloi0IIIO1IQ1q8bdPdl6l69,Wicked Plastik
01808Q1Q6lQQ1lP0qd80I0b0qqDd1OOP,WILD RUSH
I81iP0Io9o1l9li0Iq99P1091O8DoDOd,WILD SIDE
d6iI8ii9qi0Pi80dDQQlPq6qQo69860P,will
8bI68oIq08d99P880bDPQ9D80O099Q10,Windy Fairy
blI8D10Q1IDQ8Q19bi0IDlD80oD0bloi,Wings of an Angel (Fly With Me)
lqd0I0Pbqo60I8iDOO88bbD1d9qlQ18O,Wizards!
qPDO188oQ0i1b8b1b9OPoO0I10lPbQbi,Wolf's Rain
lDdID1ili0D0i10bdiO06Q8OqDIdo91l,WONDER COASTER
1lqii0IibdbPD19P6DiIl0Id9do6qqd1,Worst Plan
6b6QIoDPoQ010o8Di1q6Q8DdiQll0Di1,Wowie Zowie!
09lOI9Ii1OD9b9bi9q0q1DQi668bO8qb,WOW WAR TONIGHT Toki ni wa Okoseyo Movement
Qo1qdD0Q9d11d9Id6o09P9id8lPbOQ6o,Wow Wow VENUS
6DPiPD9qDboDlP8qq61Q89qPP0dIO0OI,Wuv U
bDDd08iP8dlIlOo6iqd91dPiI1lQdOQq,xenon
PQQd6lQlDqilqliI0IobolqIDlo0Iboq,Xepher
iIIDo60oO0lOdiQ9ibIPD0106I69098b,X-ray binary
8OPDQ1oQIOPdqqD18oo0lQ8OQOIbbDoP,Yeah! Yeah!
D0qloQo0bQliQqooQ609IP8i09old99D,You
0qOPDqq0qld66bll9ob9iIqiiQPiQIDQ,You are a Star
D8I68Ibib9ldQDIPIQdO6lqI61PQlPO9,You gotta move it (feat. Julie Rugaard)
oiIob81i6d6P6qbddOP6Q0d0obQ0PID9,Your Angel
oilPP86l0PPq6Db0qqibQlqDiIOD0l1O,You You You
OIOdod8llPlO0lOlb6P8iIQ90qQqoDiP,Yuni's Nocturnal Days
0QOP6QqdlobOo9i8O6dOl8IdQl89P6PP,ZENDEGI DANCE
I61ioI01IOPDPbP1OO0l98PD0iDbid0D,ZEPHYRANTHES
96QPqq0q6Id0Ii0QbD1bQqPbiDqb0lPo,Zeta Sosuu no Sekai to Chouetsusha
IQ0dIiDql9Q68d9ddQIiQbq1OPq8Db69,.59
006i1i6OOl1bPdql9ID8o6QQ6IIiqP0P,1116
ddOOOibQ6qIi9DI1bl8b108I1Ib6QDl9,1998
dPb99qdqOQ1ioQ9Dqb1I9Q1bI0l0POII,1998 (Sparky 2006)
loD8qPl09qqi0o1iqbbDOdllDblioDIl,3y3s
i9Pidb18b9O8bdqQ91QQP0oPdIdIODq1,30 Lives (Up-Up-Down-Dance Mix)
Q96bO9D61lib19IiIi0i69P80bo6q69Q,321STARS
08QQ8iPldb6o96bl0ld61qb99Q0Q19Qd,4NT1 D34D
l1ODQ1bO9POQ6d8O0Iobbio11qb6O6bd,50th Memorial Songs Futari no Toki under the cherry blossoms
bP10qq9dPDDqIl16lPIDDd8b00dIIP08,50th Memorial Songs -Beginning Story-
0IIO08bII0QQDOdobqbl8Ib8Q8O8q1li,50th Memorial Songs -Flagship medley-
D0iDbio81PIbI8dD6QOIP9IidDOP0PDP,50th Memorial Songs -The BEMANI History-
Dd98lDdo8Ob698d9qbO9iD0PqO19oQbI,8000000
id9oObq9P6Q6Pq6lQPqI88OP1DD8D0O1,888
00obPO6oPIPOoD9qb0dIl6q6D8P6o9bI,IX
Q9PP10bOQdIPD1iI99llI9QID9b09q0o,9th Outburst
Di0ODIlddo8d90oo09qqd98QObQP1llI,[ ]DENTITY
QPd01OQqbOIiDoO1dbdo1IIbb60bqPdl,Ai Kotoba
d0DDd1dP6llPbioqPdiQ0IDd918bDqI8,Arifureta Sekaiseifuku
dqP6loDiD0l6b0I6i0iO90i6D0O68qO1,Ichizu
QoDQ0oq08QqiI0DQ8dIPb10qIi6d6i89,Kusare Gedou to Chocolate
6lb86I9Q18Di6do1lDdod8b1Po688019,Koi
o8IDq8P8lP9o8IIO6lPPqqQP91bo0ddl,Saika
D6b8boIiOqQOq1QP9D1qd08I6Q0IIqq9,Zassou Damashii Namenna yo
oIid19qq6dQ00O16IDiQ991D9OqdQil0,Shisouhan
QiOl969Iq1Pl6o60QOQ9PooDbbiOPioo,Skyclad no Kansokusha
PldO10PIiQ6lOiI16o060OQIiq69QO96,Suki na Koto Dake de Iidesu
666ObIO9bO8D8q8q08I1OQo96DdIbbiO,Slow Motion
Q9l0i6DPO08obldq101ldDioiqdIDqlq,Tiger Rampage
oDQqbI86bdlqbiO1dbiDP0PDd91bI6iP,Doku Sen Yoku
PIP1OIoObQ11Q0Po6idiloqOl9OQqqdd,Nadame Sukashi Negotiation
oOOI98q81oQQQP88d6Q6qlbl8QI9d0dI,Noushou Sakuretsu Girl
D16P668Q8loqIoDo1IdoIlIloiIoIDll,Hello Planet
PqOilI0ql6QDID6oo0Qb9iDo1doqQqPQ,Houkago Stride
dOblQOoDb96l00dqPlIb9DQl86q9PboI,Maware Setsugekka
99I10l8o6DPI886l9818ID16OlqI8oId,Mixed Nuts
I6q1PQ1D1Dblli8Iilo9ood8DbbQlb8O,Mousou Kanshou Daishou Renmei
b9QiIQ18b6o1bqPdqI6lI1OIqboPIDI9,Mou sou zei
od66Qb16lI019I06lllII811I9ol6l0i,Youkoso Japari Park
OoqbDO180q18oqi1ooO1QIdOoOPl69b1,Liar Dance
91qD6DbDqi96qbIO66oboliPD8IPP6io,Rinne Tensei
illQ66d0QlbDl18OOb8P0ODD0oDP19PQ,Reiwa
Ol01P9IIoDIOldo8IQI0l6bd9lb9q0oo,Rokuchounen to Ichiya Monogatari
00q86iQQIIiOlqi6Doqi6b9PiOodo10O,Believe
6DP8POdO1PiP0D8il08Po6iD8oI9Pidl,Break Free
6dQQd1d1OQlqQdQ98i01DQ1i9P6QDQdQ,BUTTERFLY (20th Anniversary Mix)
8Io6oi89Q8DblI8IPdPPI0q98Ql9o98Q,CARTOON HEROES (20th Anniversary Mix)
9OP0iqDD8PDIb8lblD0ol09oP1I1d9PO,Happy
lIlQ8DbPP6Iil1DOlQ6d8IPQblDQ8IiI,HAVE YOU NEVER BEEN MELLOW (20th Anniversary Mix)
dll6Dq0blbl1iPbIIiQ61QIoo00doqiI,Hillbilly Shoes
oI0P1oq89blIobOd0QqilPqd9Didd0OD,I believe what you said
00Qbd9qoI681Q0biQOIiI08bI91i080l,I Want You To Know
D9IO16idQq6iiI88loI1i986lIID0O9O,LONG TRAIN RUNNIN' (20th Anniversary Mix)
qOlDPoiqibIOqod69dPilbiqD6qdO1qQ,More One Night
blDbDqdo1D0odlQd9biIoio8ioQPb80i,only my railgun
oi6P9Oq19ooo00bDiPQ809DQQQD8qPlD,Play Hard
00ibl6biOOOdDd96OP0P0i8iObo8i09d,Realize
id099qDODdQ9Ooi9dq1I981Diq101QDO,Seize The Day
QIDqidPlPQll9q6Il0dblIo609lii1di,SHINY DAYS
qPi8qIqO1lQd08b01PiPlql9O1dOPDPq,Shut Up and Dance
IbI90PiioDlqPP19D1odPPbP1PP0009O,SKY HIGH (20th Anniversary Mix)
q6661PIbbb1O80OQQ11iD6bP1l6bio0Q,The Light
1i8d1DodloQiQ8doOlloDIOO9PI6OIoO,Time Of Our Lives
io9b89PD18ibIO8PIqb1QODliqDdqiIO,Wake Me Up
80Q1idDo6O6Db0106b0q6qbOP1P8QQb0,San Kyuu