song_id,name,bias
dPb99qdqOQ1ioQ9Dqb1I9Q1bI0l0POII,1998 (Sparky 2006),-5.805
Q96bO9D61lib19IiIi0i69P80bo6q69Q,321STARS,-0.563
loD8qPl09qqi0o1iqbbDOdllDblioDIl,3y3s,-0.907
bP10qq9dPDDqIl16lPIDDd8b00dIIP08,50th Memorial Songs -Beginning Story-,5.986
Dd98lDdo8Ob698d9qbO9iD0PqO19oQbI,8000000,-5.261
id9oObq9P6Q6Pq6lQPqI88OP1DD8D0O1,888,-9.252
Di0ODIlddo8d90oo09qqd98QObQP1llI,[ ]DENTITY,8.25
l61ldlPo1DQ081860O86D0Qo0qdOd0qP,Ace out,2.54
q8QPqbiQ00i6odq81P0D960I108bIiQb,"Acid,Tribal & Dance (DDR EDITION)",-8.062
o81iq91q6lI6OODP9Pb9OboDlQD9Q08d,ACROSS WORLD,2.177
IQ6I61i1b0Ob01QiQlld8o09iIQPoPOl,Adularia,1.814
l6d0ibbliQPQDdb1lP18D9qbPDi1698b,AETHER,-4.898
8IQIld8DI9OPD00dqio1lDQ1bq6Q6P6D,Aka to ao no rampage,0
lq6DqO1o99Q1OdbDPl9loO0P0O8d8loO,Amazing Bomberman,2.721
D89QP18016o01qoOi60I6Q19dlOQPbdo,Anti-Matter,-11.792
PP0P9ilQb1o160O6O6PqQIl60oDi8Db6,Aoba no ashioto,-12.188
9DoD10OPQ999IlP0doo69olbOQ680q09,Avenger,1.451
1d9lDIl6iiiD0D0d8qd6dlDlq6P8o0QI,Awa odori -Awaodori- yappari odori wa yame rarenai,1.814
06O0ObdQobq86lPDo6P18dQ1QPdilIQO,Ayakashi kakushi,2.902
IqPq866IQD0liq9lOl00qDqiPlq9bOD0,BabeL ï½žNext Storyï½ž,4.125
o9P816l0QQ1b9l1l6i1o6OD9bl9dP00l,BITTER CHOCOLATE STRIKER,-7.619
9dI8ilPi9bd9blI6Q8D6IPb1lblqDl1Q,Black Emperor,4.354
b0dIdlPD6IDQ000l6lIoO9oD1IQiqQ6I,BLAKE,3.084
dbIQ6o1lDi1OqqdO60q0lqqD9qPD0qlP,Bloody Concerto,1.125
PO68qOQI1oo8iQidQ9iIi9o9PPOD9OP6,Blue Rain,1.088
QbD9QQP9bqoD00bQQl8obibP9PloQ9Qo,Boss Rush,4.717
l81l981iPod0PDIIObIldoQb6Ol9o1Iq,Bounce Trippy,0.907
oo1P6l616OOdl0IqPPqobPI0Il81qqii,BRAIN-HEART,1.814
dlq91b19ld10IdIqQ9q99O8QDOOi18dq,BREAKING THE FUTURE,-4.898
iIP09bOq1l1b9b1l011IDIQ6Iill90Io,BROKEN MY HEART,10.34
0P6PI0QP9b91QOlIibodd9IO90PbQO6I,Bye or not,1.088
1idPoQOiI8611P01Oddo1D19lQO8dQdl,CANDY (UFO mix),-4.688
Pq1O0qIiQII9PP1Qi6dbi9Pdo88dO8Dq,CARTOON HEROES (20th Anniversary Mix),1.27
II1199iiDiido80Iq0Q199I1olq0l8i9,Casino fire Kotomi-chan,2.062
8o1iQPiId8P6Db9Iqo1Oo119QDoq8qQ8,CHAOS,1.688
biqbD9I9q9D16i0i1Idb9d111l1QDq86,Chikuwa parfait da yoâ˜†CKP,-3.81
d18bbq1l699OP9Di6q8oqD9oPb1o1P6I,Chronos (walk with you remix),6.712
OoQiq8OiPbIPI80OqOlliP661bOIDd9o,Chucchu Machu Picchu,0.544
0ill9Po6Db090biqIlD1I9lo6PO8lQQ9,Closer to my Heart (jun remix),-1.088
O8oPP6D8OQq1Q6Q860dqlOi6609bO1lD,Come Back To Me,-2.358
qi0lbbDIo8Qlo9IiD8oqqo69DIPQ1IIO,Come Back to Me (Feel It),3.188
OqQ68Ooiqi80891QIPoioib11qdl0l9b,concon,-1.875
q8llPoIloObO6QIPlQOl9P06dDQlPlQi,Confeito concerto,-2.438
i19IOi90Dq90ll989iIdOP9diodqi968,Confession,6.712
ibl00b69Oli68l96d6o1P1ob8QPillbO,Cytokinesis,4.172
DDDiQOd1IQQ6QIIq09PDqdQdDIll6bQI,Dadadadadadadadadada (NIJISANJI Dance-bu ver.),12.938
ldlqDQ0bb8d9do86o898P0qo1OlD88qD,Daily Lunch Special,0.544
Ib08idDooQbP00Q1Io0QlObloibb1b8Q,Dance wiz the Rhythm,-1.125
dQODIo01o98oPll086Qdol8bq9QP8d61,DDR TAGMIX -LAST DanceR-,-0.181
6iO8d9ld00I6lDIO6qbOldP99oqloqb9,Dead Heat,5.079
qqdlo1QOQo6QIi8PqOi8iIOO0il1IblQ,Death by Glamour,1.27
1QbddbDiOiii8O90Dq68dqO91oQq0oqi,Dense Flyer,-2.358
QPol19bIb009IDOPildbi1QPdPlO0dq9,Determination,-14.694
QD6b8i08P1IQloIPOPiqlIPoDlPi9DPI,Diamond Night,13.787
QoId0biOD18610ii0DDP61QqOl6qq86q,Dokidokiâ˜†ryuusei trap girl!!,-5.261
D6ll81qoDDPIq0d89O69dIQIldQdQoId,Draw the Savage,2.903
iiIblq9IDiOill8qdI68OOIPq6OPdiDo,Easy Peasy,1.088
lO8oill61lld1do1O96bIDbPPQD6Ob0b,El ritmo te controla,6.168
96Qo1idlD9o8q9qIdiDl18l0O06Qo108,Electric Dance System Music,0.544
Q99q619i0lDqll6Q0lq8l1oQ0qPO8o6I,Electronic Sports Complex,-2.721
OiIOPd80d9PQQIbidO6ObioboO88OD9l,Elemental Creation,-7.801
db8Ddd060IQ9lPlOlqO0PoPi0Qdb88o6,EMOTiON TRiPPER,-3.265
1i10oIqlooQbOqO9qiodbIliilP1I06b,Empathetic,0.363
P06O6iQbiPPqiIqOd0IQdqolbPbDId6Q,Evans,6.712
dDIbQIPo0PIoIP6lbbl8q9Q1Q8ib9P18,EYE OF THE HEAVEN,1.633
ObIOQ6id8DOdlQlil8819ObqoDQIIoiO,F4SH10N,5.624
0ibD9Oio99IlQ0di916lId0bi08IPD9b,FIRE FIRE,-6.349
Id1D9D68OOqqqdDiOoDd6Q6oo10P6oqI,Flip Flap,-19.125
ObI1oo6QlO981880DDDOlo8bQobI0I9P,Follow Tomorrow,-4.312
i8O81i0iQdqiI8qqP0oo8IPl9IoId1bO,Fuchinkan CANDY,4.717
9i6dOd608qb0IlqoDIPb8q1o8q1ddQQd,FUNKY SUMMER BEACH,1.27
Dlo0PPibIoQbOI8I61O1DobQOIiDb11b,Ganymede -reborn-,5.062
bd8OODli0POo9bOq6i0oIPdIlbDlI910,GERBERA,1.312
8O9o9OPPdd1Db6996P99bq9oQI66P88o,Get Your Wish,-4.312
dQbolPiDiiObioli96DlOo9OlP9DoDIi,GHOST KINGDOM,5.079
1IIiOQiliQ8b1dbo9D6D9PlODqIPOOb8,glacia,-1.312
06lOillb6id0Dib9o1b06iPblqPl61PI,Glitter Flatter Scatter,-5.624
8d9Q0olQ980lQdPIdqbIiD8o1l1dQPI0,GLOW THE CROWN,2.625
iIDOlq6QoQPiqoii0iiDOiI9ODiQOIDb,Go Down,-7.438
QbdQold98oq9lODoIloIbPiIqld6i0Qb,GUILTY DIAMONDS,-6.349
6iq1dqQ1PDQlDO0bio0l89oDDDi6b0oD,Hana Ranman -Flowers-,-8.25
OlPqPi1qq1bIlDPOQQPi80D0lOQl8PP8,Happy Dance Day 2 U,1.814
diPbi6I8O1lQ1b9lO0q8IoqDqbD9P6dP,Hashire melonpan,-1.633
0D1618DDbol8bl9dP0lDdiD66ioIiidD,Healing Vision(X-Special),9.188
109P1iO9i6q1q0bdQobiodQDoD619dqd,Healing-D-Vision,-15.375
Pbd01POIdQPdl6IDd6D6oP0006o6iO00,Heisokuteki flation,-0.181
i8iPdIlP1IIDib96Qq080ibq6bblQqQD,Hella Deep,-7.256
iDli1d0oP8lI6i8Qobbilo86OIPIqQlb,Hito mania,8.812
IdlqO9DoOq0qPQdDbOb80dOPDlb98l0l,Hoshi no tsukurikata,2.177
6Oi66iq9bqi8bDI6l6lPdqDObo1i9lDl,HYENA,0
8l808Do60DP0qDbD066QQqP1qOQdob90,HYSTERIA,2.358
Q8qb1oQobdqDqi0i19qqb11P1oDoiD8O,IMANOGUILTS,1.451
o1dbD61Qi98O60liQQ91d8O16I86dqDd,In The Breeze,6
lob09DPQD0Dl6Q09dbq8biIb6QqDql8i,INFINITE WORLD,-0.563
lq9iPP06O8qiP1iooiboPO910b86di19,IRON HEART,-1.451
bPb96lbDP9OdI0Oi1189iOPPdllPIDQb,Ishtar,4.172
00obPO6oPIPOoD9qb0dIl6q6D8P6o9bI,IX,-3.991
1PQdDiqOD6o1b61iiDOoiiblIQbI91Pb,JET WORLD,10.34
bQI1dIlIObIIQood96O9q9iO8li11OO9,JOKER,3.084
PPb6l1di1Pi0o8O08odqIDlbPll61QbQ,Jucunda Memoria,-4.312
iI90119iIb9l609b9981l8QDblDOb0I6,JUST BELIEVE,-7.8
ql1Q8P100IIlbl0Pdi08I8qD900idqQq,Kagerou,-11.625
dDqq9QbDDO8l6q8i1l91oQPbQD8Pqi0i,Kakugoseyo! Enternmeen ~yori mi no kiriuri jiboujiki ban~,1.875
qIqqdd1Odqi1Iiolq9qqPOi0bPPld8Pb,KAKUMEI(X-Special),15.562
6OIoOPDb9iI8i1Do9qQ96Q0ddOdd6q9i,Kanbu de tomatte sugu tokeru ~ kyouki no Udongein,-10.5
16b91IPI881lPIo8Qq9Pl1IPiD8Ddodl,Khorosho! Onigiri circus danâ˜†,14.876
99ll6bPDDPqQ8boPIQbdQ6bPo8bl69O9,Kill The Night,0.726
qilOP8l6bDPi98lqDbO6O1obOi068QOQ,Koi wa dou? Moro Hadou OK Houteishiki!!,-4.898
9idOOIdDO01D8PO06bOPPbOIOoiQ8O0P,Konoko no nanatsu no oiwaini,-10.875
16oDDIlP8bIODQ6Ql0881d9Qqdb19b98,Kurokami midareshi shura to narite ~Rin edition~,-9.252
q1DPdd1ooiPi9P0b0Obqq1QqbD86Qb18,Kyoka suigetsurou (DDR EDITION),-9.796
b6l6qPPdiOqqPqqII0IPqI981bolOqIb,La libertad,-5.261
bIlqP91O9ld1lqlq6qoq9OiPdqIDPP0l,Lachrymaã€ŠRe:Queenâ€™Mã€‹,0.181
691bdoD0DIP6di9D6QoPiDbD19Ol0lqi,Like A Star,1.27
D6IQ1O1D00D1o8IQq0O9qqIibqDiiO0i,London EVOLVED Ver.A,-3.084
OlDo09P8l0d6d80i8qD0qQddbi0QQD8b,London EVOLVED Ver.B,-3.628
09looidO89Q9DiDdqQiDPlIQDoiobobQ,London EVOLVED Ver.C,-3.447
loii6b8OODDOl9q0OD88Ibb9I0qO0PPo,Love kira splash,-1.451
qi9qP1dPd6PPDlldbb8OIlD08Pbd9006,Loveâ™¡Shine wonderful mix,4.172
8Il6980di8P89lil1PDIqqIbiq1QO8lQ,MAKE IT BETTER,0
ObiiQb81io69166olbOqODQOQO10DbQi,Many mania--,-0.375
08O1i8ib1lDPbdOoPlD069PoOI1860qi,mathematical good-bye,-1.875
89I0ooQbbI1I6O1iq861PQQqIo9iO86b,MAX.(period),-10.884
IqiOOoDoo061DlbqPPQdPlP1qloP6096,Metamorphic,1.27
ll0O8PlqQd0iOO8ib61lO6iDiliQdiPP,Midnight Amaretto,1.633
06DO8bb0O891IQ9QP01diqOOl0D80QbO,Midnightâ˜†WAR,7.8
0ddPq801D8PiiqO1oqoQbdOIQ9lQl11o,Mind Game,-4.717
10IOllioqPoOQ668PQqolDPiib0iIQql,Monochrome moment,1.995
OlQbP19IPDDDqDDO1bd0DII8IoqDo1QP,murmur twins (guitar pop ver.),2.625
D8P1qO8bqQIP9bOOP1dPOP660OdIllbD,Nanairo light,-5.625
Po09DbIQ9QPoboQi0900lbbOqDoPbIod,neko*neko,19.411
DI91q6O00bliOldqO6DqDdqib86iqPPP,NEPHILIM DELTA,-4.717
o068b00O6QD8lo9O1i9PbQlqO6IQOidD,New Century,2.358
o0l1Qioq1i9iQl6b9q6il0iqi1b1OQ9b,New Decade,0.544
6i99bQI11qD818DDdq6qb0Dql880lP8l,New Generation,6.349
PdqQ0oO8lIOi800i69I9100olb9Q6D8Q,New Gravity,3.084
q96q9D9oIIOQl8QQ60ii19P0Dbq8Q609,New Millennium Pt.2,1.27
ib0l98Q00O1Do9oQq1IQOOqQOOb80bIo,nightbird lost wing,-8.345
9QP8IdI00QP101lQPPQbP89DIDQPoD0d,Niji no Sekai,4.717
I9P1dbOqD1qIP8bd9O80Ooo869bldobD,No Life Queen [DJ Command Remix],-3.991
8Qd118IPdqld06Qd1q10iQd06bDdbdQI,Norepinephrine,24.308
I18Iolqio01IlPi9QIqPQ8Q9O6iOod0O,Odyssey,4.535
OPDQ9Oi8I6D1I1iqi8iOiP0bDI9Pl86P,on the bounce,18.503
Q9bo8o9600D869o10ioPb8bPO10bIOiq,On the Night of a Still Wind,1.875
l6oP66ODld89Q99o0lDPP90qdbo11PPQ,ON-DO,2.358
Dl91ldlb8PODoO96OI801DP0PPl8Plqi,ONYX,-7.438
99OQb9b0IQ98P6IQdPOiqi8q16o16iqP,ORCA,9.071
1PQDi1P0dd6bIi9bQ0P0IQId808bPi1Q,Origin Pulsation,-2.902
1d10660Dd0IOibDI890Ild80q6ddoQO8,ORION.78(AMeuro-MIX),-7.125
o6oqqiOOb9Pob66loQoQddlDP6PP69lo,PARANOIA EVOLUTION(X-Special),5.625
o6bPdI8O089O8lbl8OlIb1lPo8o1lODQ,PARANOiA Rebirth(X-Special),9.562
606b9d6OiliId69bO9Odi6qq8o8Qd0dq,PARANOiA Revolution,-4.172
OPbd0ldd89Ddll690qiObDld9oDdPdOi,perditusâ€ paradisus,-5.986
DD6olq00PD91odbO9QbldDb0bQ18oqo1,Pierce The Sky,3.084
6oI9d9lO6Q0iDD8dIIO08qIODiqiIqDl,Plan 8,6.712
bOQ0dIIIilDD9Do6qIDdlObQdo01DD80,Playing With Fire,-13.424
dD6PqbboDil89DPIID86Pldi6obI1b8l,Pluto,6.75
0IldoDlDQql99DqQo0Qq9ioPIiiPoIoi,Pluto Relinquish,3.188
PIO8dod8P9OOP1bi0D1POIi6OdOdQDql,Pluto The First,-2.721
qD6q1PD0lIDP89DPDbOOIdq0Pi8iIdD6,Poseidon (kors k mix),0.363
q6di1DQbi88i9QlPol1iIPbb8lP1qP1b,POSSESSION,3.265
19q96Q8l1oqbD0OQq6biDbO6O1oqqb6O,POSSESSION 20th Anniversary Mix,1.451
P0iOob80dDPqI8oIqq1dOiDd9qilQqDl,PRANA,2.54
IIDiDdQ1d6bIqbld9IdO106POdiPO6PO,PUNISHER,11.066
bl90QbiqoOlDI6iQQQdo0Iol6PIdQblP,Pursuer,12.154
6ibO1P1I1ooDdd9l1oDOqDDdOlO9o6io,Qwerty,-0.181
POq8OPlOO9199i11Od0P00801Qo01DQo,Reach The Sky Without you,0.907
Qi1Q6I80b09Oq91OPldbO19080q0dd0b,Red Cape Theorem,4.535
0b8lD690qQO1bDOib1IqiO0OO169o9IQ,Red. by Full Metal Jacket,-0.75
bqoboI0o8lIObPPdqq8lDDdI8b1QPDb1,Renaikansoku -2021 manatsu no ending ver.-,9.75
IPq8dO1lD8qidDlI0ObboI9IIldQO6IQ,REVOLUTION,-7.438
q11d0oiQIlbP91dqqddPq9D80lbODbDi,Right on time (Ryuâ˜†Remix),3.447
1qPOO8o9089lI1qQIDIDi0lidob9i6lq,Right Time Right Way,2.177
dIiD86llO8biiDollQ1ioIoQl6iQ8dbQ,Rinne no karasu,-6.531
IDIQilDID9lO6lO86dq6ldoDlqiii1o1,Robot Footwork,3.188
QoD9DQ8QQ11ib0Idob9dbIQqbq0Q8Q6i,Roche Limit,2.812
DOQbd61o6P0oq968Po0oqP01qPQ8lPdq,Role-playing game,2.358
iQqbdqOlqlPP11d1qI8lO6iQb19dO991,Romancing Layer,8.345
dPI9loII89Q6P6iD6Ioo1iiI880DI1Dd,Ryoushi no umi no Lindwurm,-6.938
Dld100o9l88o6qqId6O96IbiIQiOdbQD,S.O.D,1.27
O9qDQOQO8dDDIiO9dPP0Pb8qQo9l89D9,Saishou sanbai kanzensuu,2.54
QQd9l19POblQdPdd61OD808DQ1qOQ9dl,Sakura Mirage,7.075
6lD1ooDi8Pdl0OlO0QoIioI8119I0PPq,Sakura Sunrise,-6.712
9iOoPoQ998qD66DoOOOqD9oDQD88P8I0,Samurai Shogun vs. Master Ninja,11.61
9bI0dQdb01Dl1bQq1Pq998i0l096D99P,Second Heaven,-8.526
d1bQ1iIb0I1PoPOQqliIo9PiQQb1119d,second spring storm,8.345
l9QibD8IoooD9DIl1O8Q0lo89I9qdido,Sekai no hate ni yakusoku no gaika wo -DDR Extended Megamix-,-8.438
IQ0ID09qD6O1oOdIq0oilI8I8l9DlP9b,Setsuna Trip,4.354
Pd8bD1od1iOOl80oOiiiIb9QdqIQQllQ,SHIN HEBI HIME,-8.25
b6ldDOq9qi1IiIIdiIl1108q1iQ9O6d6,Shiny World,1.633
QO86biQ6lDOb8I0oD0i90bqi1ooIIi0O,Shooting Star,1.875
6oolbQ0QiO90Dd0DQbb1D86d8q88id86,Show me your moves,0.907
618q1bI6Odd9dqQd9Q8OIoOdolqi66lq,Shukusei!! Loli-kami requiem,4.688
dQQ6dQb1dQDd8bPqIPI0blb11ioq1QQo,Shuwa spa daisakusen,-6.349
Q8bIddo10ilqbd6I8QOq1bod1OO8dqlO,Silly Love,-6.712
lliDD9qPqiIDI8P9bb18IO60l9D061Io,SISYPHUS,-4.125
D6o8lIiDQ80oi6iIbiP9DlOPIl0Q8d69,Six String Proof,11.61
bPI6QobOQl9Q161l8l68069QdO1QbO9b,SkyDrive! (HASEKO EUROBEAT MIX),2.177
bb9lOdO0Pbb1qOIb1oQq8lPlI9i6IP8q,Starlight Fantasia,4.172
bbiPqbo0lQq9P19i06q690blI91dbbq6,Starlight in the Snow,6.168
d6OoI6oOd1l99DIoodI9lIDI0bidDP00,STEP MACHINE,5.987
oqPii6QDdPOI6lDDQ96DOI8ill61bobd,STERLING SILVER (U1 overground mix),-7.801
6o6OObQo9oQl6Q1oq6OPqibQI61IlPq8,Such A Feeling,-8.438
iIPq9q8PQDDObo610oQoi0ob96PDi8li,SUMMER DIARY -DDR mix-,2.721
i90o9Q0D91bb0Q6qIQ1OiDqqiPPP98oI,Summer Fairytale,22.676
boqo0IoO8DodOl99Q8P8qOi8PqDq11b1,Super sentou Babanburn,9.375
iq6b9lP6qQQIOIPQDdPD8ld1o9891Pq9,SURVIVAL AT THE END OF THE UNIVERSE,-9.615
Q88iD188IiqQbIoP9Oq818bPbOP1d1bQ,suspicions,5.812
b9IoO68b1Qd9I6O8qqoo6q1o8DQ8l9lo,Synergy For Angels,2.177
6loP1dbiOq0Q8i9QQOI6o0iOO6bdIQOO,Tell me what to do,4.354
IlP88I0bbl91iOD6OQ6o6PPb9o6dlDb8,THE ANCIENT KING IS BACK,-7.982
i1ibID6lOoiPQ1lli86P9lIIqOoDlldQ,the beat,-13.243
Q8bIDb60oPo890oi0l0O9PQd9lOb8o1Q,The History of the Future,2.358
Dbdi9P91PQl660llPQO0l86oDqi1O9Ob,The Wind of Gold,-8.889
9lob1d1QPd9qiPlQOQ6l0dbodOoDPq1d,think ya better D,4.717
6lD9PQo88OI0PQ6db0I1l90lbQOP11O0,Thunderstorm,1.995
OddDoQ6dqi0QdQDDOO6qlO08d8bPbli1,Tohoku EVOLVED,2.903
l9i996ld6PbbiO1911OoOI8lIPQ06ID8,Top The Charts,0.907
Qqd8ObO96dIQ60808diOOqbdb6boQodO,Trauma saimin shoujo Satori!,3.628
boQPliilD01OD1bIdOOIOOi0Q9P16OlO,TRIP MACHINE CLIMAX(X-Special),3.375
d810q0I8q6d0l1POlIO6d66bOPb96dql,Triple Counter,-0.181
i0Q0o98q0DqbbiDd6966QIIoddlob6lI,TYPHON,-7.875
dI1Ii100bQ6006l89diod0d116diOl8D,Uh-Oh,-5.986
bi9OolI1P9oI8dDPlbQiq01Dl080PQ61,Umeyukiyo,-1.451
boDqoIDqDlP1io6bQ0O10diDbbqOD96I,Unreality,4.5
9oIO98IPOiq1idiIIbOOqdDQIOdQPPd6,Usatei,-1.451
d1dPPII1o69IlI0d0DlPi1i1idbdPD6O,VEGA,-2.358
6l1l8D006lD8OoOi91QI0b10d19Did1O,Watashi wo disco ni tsuretette TOKYO,2.062
I8Odid0QlODlOilqdllqlQldq996QQbP,We Will Live Together,-1.27
01808Q1Q6lQQ1lP0qd80I0b0qqDd1OOP,WILD RUSH,9.375
6b6QIoDPoQ010o8Di1q6Q8DdiQll0Di1,Wowie Zowie!,-7.438
6DPiPD9qDboDlP8qq61Q89qPP0dIO0OI,Wuv U,-5.438
1dq6Oq918dIQb1doqQdbiPPPO9lIdl0P,Yakyuu no asobikata soshite sono rekishi ~ketteiban~,9.433
Q8Q6d00DoIiPolOb9PIO0Pll96O0I1qD,Yamato nadenade Kaguya-hime,-4.172
qb9Od0IQI16b6D9PP0O6ilqoq0dDQO66,Youhishi no ue no ginga,-9.75
I1I0qd19DqIoI0qdqd6oPO68O8DDi6OI,YU-MOU-MU-HI,13.968
i080lP1QqIiO998qPl888qboIiIDdiD1,Zettaireido,3.562
08QQ8iPldb6o96bl0ld61qb99Q0Q19Qd,4NT1 D34D,3
Q9PP10bOQdIPD1iI99llI9QID9b09q0o,9th Outburst,-17.813
ooil0dl9OobDPblIPlqoi1P9lll6DD89,access super [hyper] focus,-1.27
ld6P1lbb0bPO9doqbbPOoPb8qoDo8id0,ACE FOR ACES,1.996
111O66bbPIQb09PlIoolIOD666QqqIdP,Adrenaline,-10.884
dD6DOI1lDI8o90iO006Dl96D1doDdQ69,Ai-shi AI sare,4.354
6obQo6d0oQ6QoQql0I60b81IO8IOl1IO,Air Heroes,4.172
ddq1DldlQ990iidO6O99q61bI1966Q0I,ALGORITHM,1.312
dbD8PlibPqqdI99901obObb6odqD8qDl,Amalgamation,-11.792
00qIiO99Q18biD8bQ6d1QOooDP00O1Od,Ambivalent Vermilia,-1.27
9O1O0o8O1qbQ08Q961Ib1iOIDPQid109,Another Phase,1.451
1q6Qoi0lldP6qoQI9PI199d6P0Q96ld0,ANTI ANTHEM,3
6bdDP91o1II60Qo99D60QI81o6oPlI80,Arrabbiata,-8.813
6QdIl8odooDQ0oOQ0IObQqo1lO986PP6,Astrogazer,4.172
iiDdl6b6Pb81oIPbd1DPPQOI1iq0D6ol,Autosummer,2.062
160Oo1q8DolI6068lQi66OQbQ9Q8ODQI,Bamboo Sword Girl,4.354
I6oq8ODq6DOOiqod1iI1109DO1II9iiO,Battle Against a True Hero,1.451
P0O81Dl9Oiiid8bdOi0oqbD8DqolObbP,BE LOVIN,5.812
d18DI8bO1lql60Ol1dqQlI8qIobl191P,Beautiful Dream,-2.54
8dqQDblP6dPI10qq10qiPbqi1llQ06iP,Better Than Me,2.062
OO1oqdIPP80QdoP11QP61OdDb0lI1qIq,BLACK JACKAL,0
PDbDl9dQQQiold81d9DQ6QQobQqb1OO8,Blizzard of Arrows,1.27
bO10Q9999DQ9DDP890lQbdlIlIl6IID9,blue anthem,5.812
qQd06O6d19ODl0QP8l6Q8lPlloo69ddP,"BLUE FOG, SILVER BULLET.",3.75
bqQ1OQDidQD8QbIqql06O6o1QD6oOodP,BREâˆ€K DOWNï¼,0.375
6l0iQ18D0I00P89lIqI8bl9biIOi018O,BRILLIANT 2U (AKBK MIX),1.814
id0QqdbI8oloO9l08IqI9q1D0819OQID,Buraikku jikorizer,0.544
odPq866q0QPOP9QOQ9QQIlIO60Oid16o,C-C-C-N-N-N,0.907
b16OP1o9qb6bQd66qOl98iq0boiQP919,CHAOS (Terror-Tech Mix),0.363
8Q08qIiIOq0P66q90b0lI0PbP6lb9bOI,Cheerleader,0.726
P8DQP9QIioPdi9IO6q0100PlQOIl86I9,Chronos,-1.27
6OiD0q6O8qi6oDbQ18Ilo8do8biDD1ll,City Never Sleeps,-0.363
d91lIllbboPd668QP88I06Q6QqooQiO1,Cleopatrysm,-6.712
bll06Di6q1QOlddDlPDPiQDDI09bOOoP,Come To m1dy,11.791
9ioI0IQ16OPb1Q0q8Oqdd6D9dPqDb618,Comet skater,0.907
1Ol1i86OQd61IlqPb9O1060l0OQDoDQI,Condor,1.814
dO9b8Id9QQ8DOO69Q0lqi6O9QlDPIPl9,Cosmic Hurricane,3.991
68oQQ8lO1qbi0qI8lbO60bP1098qOD88,COSMIC VELOCITY,-6.712
i0dqDPqDll9il0b6qoDPd19OQ0qO9qDO,CRAZY LOVE,-8.889
oP8iIdilQ0QiDllqDbDIOl0iQPd9PQ9I,Crystarium,-13.312
1qPIiqqQo0P9dD90I11q90b0ooIidbPO,CyberConnect,1.814
iQo0QOoI6bOPQlbb9ldOo9lbdD1idiOO,D2R,-7.875
1dldQ1il1O89O8Ol0Ib0Dq8Pl8ol111I,Dance With The Dead,6.712
8dbiodDo1i6IolDQdqdOoqDDD90q6liQ,DDR MEGAMIX,4.898
dQdo08Qb6bOPIl8686DPDd60I1oqidIP,Debug Dance,-5.062
1IQ16dPQPQ0Q1qdidld6lO1o86q98o69,Deep tenDon Reflex,3.188
PI1DiP0bIi8PodP6O1i8P0P1i8iI1oD8,Desert Journey,5.624
9dD6dlq01qd80loD6OOQb60ql6P6068O,Destination,15.964
QlQ10I6o1l88loioo6DIObi0P09PPdiD,DIABLOSISâˆ·NÄga,-6.188
QlQ9Qb00bI0ob9oDIiPqO1QdQ0o6O0O6,Disappearance Of Hatsune Miku,-8.708
Q8PqoP91qqI6I909IdQ098091q9q0i19,Dopamine (STARDOM Remix),0.726
Iiq6Qoll0oQi801QdPdlOO06DOdIDdD9,DOUBLE TORNARD,0.938
lqqIbPboOl80QOioqb0bq6DoibdOQOlD,Douwa kairou,4.535
08PiiDq6b1oQ8OIIbDql0bDbIID0b1iP,Drop The Bounce,4.354
li0IboIqq8qddDP0Oi1Q9i8OPoD88IQl,Electronic or Treat!,-0.181
OdlOPPblPlbbldOdqblI06Dd1q00PPo9,Emera,5.624
oQolO9oOO01ll0I8969i8O1IQliloDqP,Endorphin,-7.801
PO9Pl1q896bDDl89qQb98D80DQoPio1I,ENDYMION,1.996
lb19I8d0DPb88QDQlP616lDqoboli90O,Engraved Mark,5.442
1PQiP6D6IqP016dqb8qPq86Q1o8bQq6q,Environ [De-SYNC] (feat. lythe),-4.312
iOPbIi1b99819b9QiD8QbdPbq0DqO0DO,exotic ethnic,10.875
0Od1iPb8QO8oDd9db9iq6iOP8DQ08I01,Explore,1.125
Qid6OQOIibbOiDo808oq9oQO668bDodP,Finale,-1.312
9Di9ODOOl8PDQiO1O6o8lD16QlI609ob,First Time,1.633
q08PbOPPbPobob0OII096bP9iil9908D,FLOWER,3.084
Qib986b6oDqPl8IQiOoDOQ06IlbD68bl,Fly Like You,-12.698
P1D0q8O1QblDOQP96QQolql9QII0i6Pb,Four Leaves,3.265
0QlIdbiPq11Q0IPoQDI60Dq8Ib66o988,Funky Flux Fusion,-4.535
olIo8PdO8dq16QqDIQboQq6oPqDO9qoo,Get Back Up!,-10.884
d9llb88lDI1q0QI10P01lqIqlI6QO0Dl,Give Me,2.358
lilO9P0i1dlOl1PI6dQbiob1iP0dliOQ,Globe Glitter,1.088
11dQb0qIdbO098ObDqOQQ8Ili9Il0lOd,Go For The Top,8.163
l106dqq891bI19iPoIo9OO688l8oOQQ6,Go To The Oasis,-5.062
6Obi001oi9Qd1966dOd6d6Qo66dbbill,Going Hypersonic,-5.624
i9PQoDbQI0qqd6I00d19bQo6q9PoOIbO,Good Looking,-5.812
1iPqdbQiqoi9l8D6Q106i01DbOO8191b,Gravity Collapse,5.442
Qb8P9PODDo68lPqQ0o6d80bIqDOiPD9Q,HARD BRAIN,1.995
I0qiD6Ob86D1oQOib81lID6Dll8iOOOP,Haunted maid lunch,4.717
DOd9bIqddQ91qbQI1bdbbDi1lqPObo8l,Hi-tech Tokio,6
ODIdIPOi6q6i0i6qDqODQ9qIbD0DQbqd,Hihou! Wai! Neet!,3.375
ODq019O9o1OPdq9PiPl0o8D8DQ8bid88,Holic,7.5
90qP0000qoO8o8dIidlO611ilO11Oo9Q,Hopeful,5.079
PIdPo9o0qOIiPDIIlbo9l9dObP81lQqi,Horatio,-4.354
IDP9ldQoD8bdQ6d9Q0oI6QlI9b6Db9Oo,Hoshikuzu no yo hate,9.433
q8i11qPbo9iq8lQb9d08di81Q88q8P9o,Hunny Bunny,0.544
Di8lP6PobQ6l8do0llO9IIqQ6iqqiqDo,Hyper Bomb,-13.062
0bq9qI9PoPIlQl89bDO60o9q8I1iIP66,HyperTwist,-4.717
dIbPlPdo09i8oOlOQ1OOq166Q8iP8Oqi,I Want To Do This Keep,3.991
6ID160b99ibbd9OoblD0DPOl98lPbq6D,If,0.544
bdQ6IobP6II86I1io686Il9qQ69dOod1,IN BETWEEN,-1.451
P18io0P06q09qiId0lP6OO901li96bbl,Indigo Nocturne,-7.312
9o6bIq98Qo8dOd11DI0d8boblOqO0I1i,Inner Spirit -GIGA HiTECH MIX-,-9.252
6oIO00P8bdqqbP9qlqIqDP1Q1d9PD0qi,insist,-14.512
qD1I6qqll88q9dq9PoloD68lqddIDo6O,Jetcoaster Windy,-9.433
dDQqqIQlDQ9POd90OPl9Dd1i106odDl0,JOMANDA,1.996
ilbQ0lq89DId9oDl89lbb8lQIPl6i0QO,Kanata no Reflesia,2.062
Q10PdOD6bDD9QPQQqiO11669bb0lQ189,KIMONO PRINCESS,-7.438
id8lqDol8I889lO9ld0Qbqd9O6PoQlld,Kirakira universe,1.27
6l99bqIQOQl0QQDIoiQ6PQPOoDPlD0O9,Koi no hyoketsu otenba yukemuri Cirno onsen,-8.625
bo9l0Dl0PbqQQQ16Qq6bOOi68o0996Pq,Kouen,5.805
Dooii0960OioP6Q1l0qi68Q8Dbd9OO91,Kyousui ichika,6.349
891iilD9Pq1lPQd6diqiP0dd611dOPPl,Last Card,-2.721
IOb6Qdi861O00I8q969bDdd60I6I89oI,Let Me Know,0.375
99llllDoOQqlo68o089PPlO1oiq06d1D,Let Me Show You,-0.363
Q8iOiOPbl1lI6D6bbib8Il8lPqlIl1b9,little steps,-5.805
Q6b1odD8q99D190oP6ol01DolQPD0OdD,Lost One no Goukoku,0.363
Q86bq1iQDIqDllbdD6ldIO089q8Q1689,LOVE EAST,3.75
18l0blb188Oqqi8I68o8oq91Qbq86QDi,Magnetic,0.726
ibOId89QQPI6dli9I6PO09Qo86686O6i,MANA,3.084
6P18lOliIQqIO6Di0PP8iDlDQ01b0o0q,MAX 300,4.875
qOP1qP69o6id061o9bo8l6P11P1PQI1O,MAX 300 (Super-Max-Me Mix),2.438
1Dl19idl0i0qiqidbDIIbQddiP6o11PP,MAX 360,1.814
0Q6I1llb809bd8i1oo86PQdlo6IQ8DQd,Meikyoushisui,-3.75
DDlbDddPO8liioQ196P0I9090bDDPQ6Q,Meikyuu no rondo,0.726
9DlbD6PI1IQQ9q0OIdD1I8olIPPo6dPl,melody H4CKER,-4.875
8DO8obP1b669b9QI6q01609bPOdd1o1b,Mesmerizer,-5.624
QID6qIPod8III8ll8ooQild1QdlPOIdi,Mighty Beat Monsterz,3.084
O11olQOQIOOqdo1IbPP8iDDqIP0b1Dl6,Mikazuki connect,4.354
D686d06lO9IID8D0boPq0Pd8P89idO99,Mirai (da) FUTURE,-3.084
0QI6ODo0bPq6Io8ibP16d6I81dbI6oDi,Monsters Den,1.633
QQODQlOodQdbOdO6iQPi89PPIQi9oodQ,Move On,6.893
I1i6li9l091l6ooqPlP91OlODPbqqo9P,Murasaki guruma,2.812
d10d86DQqqd6QDlQlOI1bQi9do66l8Od,MUTEKI BUFFALO,1.995
DQqO696iPldD6olDOOdP09l08ll989l8,My Drama,-2.721
Do06Q18olQo0bloll9919olDQ8lDoqbd,Nanahoshi,1.875
1iDPo19Pb9ooi8OqiidbqPb06DDdqiqo,Neverland,0.181
DdIo9DQ0ddDld99DQdiiqbPP06OI91I0,New Era,4.717
q96q9D9oIIOQl8QQ60ii19P0Dbq8Q609,New Millennium,-8.625
qiqP8qb8Qlld0Oqbll00o0bqlq9PoO09,Next FUTURE,1.688
b80oDO98iPDO1100IbOo8160bPdd898I,Next Phase,-3.81
iP6qIl6lD809098io0OiPP08Ii18I6OI,NGO,-25.501
liq91ddlPQ16iooqDDQ86qlodIO10Qb1,Night of knights,2.358
iI96000Ib9DlIOPlDQIO00oDiO9DbPI0,Nostalgia Is Lost,-15.057
8IoP10odbqPdPPbIq01OID99o98DIoQl,Odore!! Virtual animal!!,0
lqI8DD9Plq6IO8P8P6Pl8Di98DlI9oP8,Oh my! lovely! sweety! darling!,-0.907
ldDD06dIQ0qQPD9OI88P90OOi0bQPD1O,"osaka EVOLVED -MAIDO, OHKINI!- (TYPE1)",-12.517
8006PP188Qldob68ld6OPqlbl1biod6D,"osaka EVOLVED -MAIDO, OHKINI!- (TYPE2)",-6.168
di088lOPlqQ1OoQIbilI1P0q119i8o9O,"osaka EVOLVED -MAIDO, OHKINI!- (TYPE3)",-12.517
ilD80b8QQl9Qo0PP0lQ00b8bO9Oqoobo,Osenju meditation,3.265
PoP6o0Db8odIO9oOqddodd8IlPl1iDli,Our Love,4.717
QI06q9lPIoo80DlI18Ooi6dbPl89bqi0,Our Soul,-0.363
I6qdO8Di181P6Q9Ooq0d8d0DOdq1dOOQ,out of focus,-8.526
6bid6d9qPQ80DOqiidQQ891o6Od8801l,Over The â€œPeriodâ€,13.787
P1boP1O60bdI16i6lqqd1Q8ioiPbolqd,OVERSOUL,-3.265
lb01Qb1iOOIIobPO06Oob9ODilIDOQ6Q,paparazzi,-0.544
19Q9lQId91d9l8o09oI81OQqPd00dQ69,Papipopepipupepa,-3.75
9doPbId8qid9I9l6ooloPQD1lq1Plb6I,PARANOiA KCET ï½žclean mixï½ž,7.312
O9Id8Qi6OIDIQ6bPi610q0001l1P099q,PARANOIA survivor,-1.125
68iQ9666QIQP1IOQbbd9989DQQ1D0dOl,PARANOIA survivor MAX,-11.438
io1d1Dq80Di08O1Pb9bQ8DoP9d9Ooi90,PARANOiA ï½žHADESï½ž,3.938
668Q8qQdqoIQQiIQOilDqd8lDOOQ8bDQ,Paâ†’piâ†’puâ†’Yeah!,20.499
8o08l8DPiO01dlo1OI8DqQDq9lQ1bPq1,PERSIAN LAND,-2.25
1088IDQiIDl6I888OQi60l66DP6D0qOl,Phlox,-7.8
8909Q00li66qQ906I9QoldIqbiIP1QoQ,Pochiko no shiawasena nichijou,1.5
88Qq96qbdd69bqI089600l9bDDdiQI0l,Prettiful!,1.814
i916bDibPI9l869o9IIQb8DbO9bPDi6q,Prey,1.633
1DPD60Q8D1qD8i80P160bqDQ81DObDlP,Procyon,-0.181
bI0oqdIDPPi8dDqlOO1Ii8qDQb1lq88o,Pump Pump Pump,-0.363
IiiqDblQ8Oqlbo8OOiqI6IqO6P8I8I1d,Pure Rude,-2.358
D01oOb0IOQ1bbIIdi88O0d80Qo9dblqP,Quick Master,0.563
ID8Q0oO98i0D0o1i0doIqo6O0O9QDO68,Rabbit hole,2.902
ODdoiODodb0ddIP06IqDQdl100q0dIP6,Re:GENERATION,-1.088
DqIO9PI98blQlid88dQiO0ldoiobOqdb,REINCARNATION,1.688
qo6l9dbb8D0iDQI1odo0Qb9O1ibDdoIb,Remain,-3.265
iP8ll9I0dd8d689PPqlI9008d06io09q,Renai kansoku,-0.907
lOb8O16P9P81olPdI1o1Dl9I6QQoIqIP,Rensen Ryouran,-1.633
OiQI998qPiooq60099bPdO886q9bd011,Respec fujin,-7.256
60P9IPOdi1OIbD61D8i0D9ODoq6QOIPO,RISING FIRE HAWK,6.349
0b96d606l9bdllQDi1Q89d1O0IPlIb69,Roman,-4.354
9O8bq8b1Pi6Dl08OiPq10OddOdol1qOi,Ronron e rairairai!,-1.088
odd1O0boo1boqDb0dIOQdQi1IqdO1DQd,roppongi EVOLVED ver. A,-5.986
QobO6O8iQP6I16l0I8QPd0Iq6iQ1loQ6,roppongi EVOLVED ver. B,-4.898
lb9Qo61bbOdQidlQQD8DP8199Q911Id9,roppongi EVOLVED ver. C,-4.535
l8q6diIod06OdP11P6I8oIddiPo16DPd,roppongi EVOLVED ver. D,-7.982
I189iqQI6iPDdIDbo81b1iD6lIQiI0Po,Run The Show,-4.172
9PO0qPdi1OQo68Qb09qdIOo6008QoIPq,Ryoushi no umi no Lindwurm (STARDOM Remix),1.875
PIP60POo0dDQlIiqO9bIQ1oddQD8P9Il,SABER WING (AKIRA ISHIHARA Headshot mix),-11.429
Do6oPoo1QbOPo9DIii0Q0180l8b1Doqi,SABER WING (satellite silhouette remix),0.181
qlQbI6dQ8i1iOO1oPbOoQ9b6ODII08Qb,Sahara,3.75
0Pq6o89llQl10dl8O0DdP6lIO0ib6Doq,Sakura Reflection,2.358
QiQi666Qd9I6d1899iii80PdQdDlO1i1,Sand Blow,1.27
qib6O1d6010d8Iql8IQ0q8diqOP6dIqb,Setsujou danka,7.5
6dO6i9qq601D8ild9QIlbO8bodbiQ1Pl,Shakunetsu Beach Side Bunny,0.181
9ldQqb9oqi60Q80iob61OiQbbDO6PID9,Shout It Out,-1.125
9qQP11666b9qO16QIQ0oQ8PPi01IIDQi,Show,1.995
dlqPb1iqPo81qI89816QIoi01b1b0P06,Shunpuu Blowing Wind,0.907
Q6ql0lOOdq90DI1PqO1bd10bP0Oi8Q0Q,SILVER DREAM,-10.703
Dqb08DI0Ii8ilD0lioi9o9D1dodl6dO0,Skywalking,5.442
bo6PqbbPQ6D096OIP6dDPbPPiDi88609,Spanish Snowy Dance,-3.81
9DI8iOP0660lb968I6Oiiid6DQ68IbOO,SPECIAL SUMMER CAMPAIGN!,13.424
DID6l8bbD0D6661lPiP6QIQ1dPbb010d,spring pony,-12.336
D9I8d1PDOQ8QqP1o1IIi0o8d6660ddOQ,Squeeze,-6.894
Dqb69lDiP6diId6O8Q0I6bbQI88lPlb0,Stand Alone Beat Masta,1.451
1QqObIQPDOq6bI6iOqDiiI66oDQQidlb,Starlight Fantasia (Endorphins Mix),10.522
l666Dd0bIO9O69boPd898b19bPDo1IdO,starmine,5.987
l08bl1dddob81IP1IbQqbDbiPo9l069l,Start a New Day,-5.986
OPQQo1idQoqOq88lIPOQo6DooiP8QO9d,Stella Sinistra,-10.159
I0dOli6do1l1008I8PllOq8DoOoIO8oq,Steps for Victory,1.995
IdPl6QoiqIl86iQ1QdIoDQdqlq98OIib,STOMP!!,-8.526
oDD1DQ161816dd9Dl8IioOoi9OQdO01O,Straight Oath,-18.322
oo6iiQQbqQ98D9oP6OQPibIqIPd66Qb0,STULTI,-10.522
PDODO6Qdb9iqd6q0QoI0PiI0lb8l9I6d,SUPER SAMURAI,-6.168
Id8IPlqQodD01dPiq8oPPQoPQq6booi0,SUPER SUMMER SALE,8.345
bo8DPdi09odO8oq9ql0iI8booOioOqi0,Surrender (PureFocus remix),0.563
ibiD8868D116OIqbQ1DQ1IOb8OD1qQ98,Take A Step Forward,2.721
0DDIQOo6Pl9961I8OiOb1i0OODDPlldl,Teleportation,-2.902
D68PQib86POo9D6O8Q0qO8bD6bDb1bdl,Tenkuu no hana,9.252
li608di8PolqqIP808iddOqi11qDDq0Q,The legend of MAX,-1.312
1iIoi89doDiQoo8o0ddl9PQdQP0Ili8O,THE REASON,4.717
Q88dlIQDd9lbiiiio0dddO6QP6O091lI,THIS IS MY LAST RESORT,-4.125
9oll10Dq1qdbPQl68OQ8dOd9q86999i1,Throw Out,0.75
q6o1id8doDb988l1o01P8dllQ0d6IP9P,Time to HYPERDRIVE,0.563
oIOq6lQQPoD1q11Qiq6dDI6l8DdoQ169,Timepiece phase II,4.172
Oqo009llDdDIODldDOI6OIolqlI9PI0d,Tokonyatsuâ˜†tropical,-6.712
Odd6dI6o98O68I98l6q8PqODIooQO9ol,Towards The Horizon,-5.986
ddIiQ90DblbOQQIQPIbQOdb9DdPoOQ9Q,Toy Box Factory,-2.721
b0QQ6OPD1dDqQ6D6IDQqlDd180Db609I,TRIP MACHINE PhoeniX,-1.313
qQ9Oo611P0dObD8q6O0Q968bbl8I91OO,TRIP MACHINEï½žluv mixï½ž,6.349
oD6l698q0bQqoIOi0Dd66bqObII8QqDl,TRUEâ™¥LOVE,-9.252
QQ8IoPqdIb61D8o886oo8b6didDIPqql,Tsuki ni murakumo hana ni kaze,-8.812
I6dI99IOolDD6l6Q1ooPIiDO8Odq0QIP,UNBELIEVABLE (Sparky remix),-2.54
olQl6Qoi0IbobI980q9Q0QIo9qlbq1PO,Unreal,-13.5
69diddO9DOI9IPd9b66l0o0DDlPb8oqP,Urban Life,-0.907
9lo10Dl06QIblQqOOid1qi0bd10I9lQ9,Valanga,-7.5
186dd6DQq891Ib9Ilq8Qbo8lIqb0Qoll,Valkyrie dimension,-5.624
Dl09QdQ19IoQl6D81qdlPPIdolP1lDi0,Vampire,9.188
PibQ18qDb06Doq99boODIDQODqiDQIbP,Vertigo,-8.889
QldQ19DlqDbq1l091q0l1Q1qD6ldQ6qi,VOLAQUAS,-3.75
Pb0D8b8b8PoDIO9Q9DbiQiI8qi0D89D8,Wakusei lollipop,1.312
IPq86q6iq6DP9IOPiiP090PoI0Qb0Io8,Warera kanzen muteki no idol!!,0.907
8bI68oIq08d99P880bDPQ9D80O099Q10,Windy Fairy,6.531
lqd0I0Pbqo60I8iDOO88bbD1d9qlQ18O,Wizards!,0.544
1lqii0IibdbPD19P6DiIl0Id9do6qqd1,Worst Plan,-1.633
PQQd6lQlDqilqliI0IobolqIDlo0Iboq,Xepher,2.438
IQ9ddqDqq908QqQl196DQODQD9Q6oOiQ,Yasaimashi ninniku abura oome,-5.261
IPid909iDid06d68IDo816OqbdQq8O0O,Yumebuki,1.995
Od6ddPiQ9qD89loO9lQ86b96bl9DlP10,Yuusha,1.688
16Qb0Oib60oQ1Oql8P806dDd8D0boDi1,Zanzou ni tsunagareta tsuioku no HIDEAWAY,6.349
0QOP6QqdlobOo9i8O6dOl8IdQl89P6PP,ZENDEGI DANCE,1.088
I61ioI01IOPDPbP1OO0l98PD0iDbid0D,ZEPHYRANTHES,0.907
96QPqq0q6Id0Ii0QbD1bQqPbiDqb0lPo,ZETA ~sosuu no sekai to chouetsusha~,11.066
80d8obPdlobP9qlqiDb01999o01q6DdP,Zutto Mitsu Meteite (Ryu Remix),-4.898
006i1i6OOl1bPdql9ID8o6QQ6IIiqP0P,1116,-6.712
iQ9qQ8Iob108iPD9D0bdoIol0d81IOdo,Ability,-11.066
i6P0dI11PdoIIQ19D6PQPidqd0bI6lqi,actualization of self (weaponized),4.535
9IQoPbOidod8I0qQ989Ql60D09I99q1Q,Aftermath,0.907
dD6DOI1lDI8o90iO006Dl96D1doDdQ69,AI,1.125
Io196q006I86IllQPOb098qd1DQd60Oq,ALBIDA,-1.875
6d8DiDl0i1oldbbo0o60PQ0q96d608Dq,ALPACORE,1.27
Pq1O0qIiQII9PP1Qi6dbi9Pdo88dO8Dq,ANNIVERSARY,2.902
98QDoo1I6dP8QoPiDQOdQ09Db80Il68q,ARACHNE,2.438
lQ1QDdooiOO9QPo8q91iD1IqI8Po9ODl,AWAKE,1.451
6O9O0ooOb8O8Q6D0ldqi1O8o6891Iq86,Bad Maniacs,-0.544
8IdlOq1qI8OO1PP88I6olPiI6IqqqIIO,Blew My Mind,1.814
I9Ob6PlIiOQl6iQ6qO6QO0iQ1ld9DDO0,BLSTR,-2.721
O8Qb086QQIQ109d1lqilOQ9QD8lPIqdd,BREDLI,-7.982
d88qo6I08PI8lDiiPoo0o8lPdqQDiq01,Burstix Comet,1.688
Pq1O0qIiQII9PP1Qi6dbi9Pdo88dO8Dq,BUTTERFLY (20th Anniversary Mix),7.075
i8O81i0iQdqiI8qqP0oo8IPl9IoId1bO,CANDYâ˜†,4.875
1iQIIPdQQOOlP9l90oPdIi60D9OOlqoQ,chaos eater,2.54
I8qDQbQoiPPi9D1bdQ6iOlqb0Il9DlI0,Chikuwa parfait da yoâ˜†CKP (Yvya Remix),3.084
P8obb0oQq1lbb6Do01PPDI1o8ooO6Pb0,Chinese Snowy Dance,6.168
0Pd8il0PQd80i1O01i1D9960IdqoQo01,Chocolate Planet,4.688
oIIPQQD09OqdOP8bb61biDOPI69OP8q8,Collapse of the Sanctuary,1.814
oIII9lI0q6i9Q0b18ldoI6o0PQ0qqD01,Come to Life,1.27
qoD0olPq6qbOi6bbPllOib0q1i16iI1O,Concertino in Blue,3.991
1Dd0b8lIQOd011qqOPiq1QDbDqod9Od8,Continue to the real world?,-4.312
9QIo1lbD1ldlqPO0iD68io69Pd8b01Do,Cosy Catastrophe,1.633
86q90PPqld0qili801IqDOD0Q6boblI1,Couleur=Blanche,1.088
q6iD8idqo69qIPl00IQidoq1o1o1d1b9,Crimson Gate,-6.349
DDDiQOd1IQQ6QIIq09PDqdQdDIll6bQI,Dadadadadadadadadada,2.177
POoldOddQl9Dbq8b6iOP0iPoQd6IdOPl,Dandandou,-5.261
lDIO66Dqili0bD0Qo00iIlO6b100i8i0,Danmaku shinkou,1.451
1diQi81loIodIdOlQ8Pd6Qd8b69Q1DP8,Destiny lovers,6.375
Pdlib1o06DD6oIbdIdIoIqQqO8P896do,DIAVOLO,0.726
1i81dQboQ91QbdO9d6bQ1Pi00dPP01li,Din Don Dan (NIJISANJI Dance-bu ver.),1.688
0DODq0P9Qi6i6q8QPoPPOiOi6ib0188b,District of the Shadows,-0.544
Q0OiPQQ8IbIDq08IO9Io0qDdoDPPdd1q,DROP OUT,4.172
00o6QPq0Qdl8IQolO80q6dD86696O6ob,EBONY & IVORY,7.8
6PoillDiqb0Oo9qOiIDOb1qQQIbPqDoi,Eira,2.54
QD8l9QQd89PO9ql1iOD0dO69OQ1DldbP,Eon Break,-1.688
Doo9l68ddi11PQOOd6o11Q9Dd1lIQ9I6,ESPRIT ONE,0.181
0dD8bq9QiD1DO0Io118idQoiP6PP900d,Euphoric Fragmentation,-2.177
8QbqP80q9PI8bbi0qOoiibOQD08OPdli,Fascination ~eternal love mix~,8.062
OQ6o9D6ldd0iqoqoQQ0QbIi01DI9dO6b,Finally Dive,-2.721
qqDOddP66Ol1q1IIOb1OPO68DP1ood1i,Firestorm,8.889
iOql19lQibIoo1bObo0Q1DqQ9qOqI0oq,Fleur,1.633
PIPdidPO68916i10dO8lPoI9Q9blPbID,Florence,2.438
8qIbQqbIDDPPi10Io0QdQ8Ilod11qQdl,fluctus,1.875
idIibqoooOlQ1DId8lOidd6il0bdoql8,GAIA,1.088
0Ilqbl8q8Q6l6886Q9P9DOi69oIb1b1d,Gale Rider,0.181
69qoD0l6olQqqbl09b069q898b600I6o,Gamelan de Couple,2.358
qiDOD0iidOli9l0qbP6IbOD19OQ8D8Po,gekkou chou,3
ODlO019O088Q0bl9QI1PPqQ01iD68191,Get Into The Groove feat.WaMi,3.188
lb969IOOoI06P18PPq81o1lPD1b1OqqI,Get it,-9.796
8IDiil0bDd00P1l1iQiq9DP6bO0b8dQb,GLITTER,-9.562
dIdDQD1Q8oPQ90Q1DPbiQI661qD9oi6I,Golden Arrow,5.079
0iII09bDqIbOQDDoo8lO8DOOQdiP1Iob,Good Sound United,-2.721
I90bd6obO890P0d1iiPD0dol8o8QloQD,Grip & Break down !!,-13.061
lOOo9bPb09dIOb6Po19bqqbqOlb8Dq0i,GROOVE 04,-4.5
8Oq81q8q1Q9D0l0PO0bQQ00l9P19didi,HANIPAGANDA,9.796
8DdIqobi0liOPDO1qld6lQ9Dq00I66qi,HAPPY ANGEL,-0.938
ol6IDd019O0qq8dblPQ96ol1oPbI990b,HAPPYâ˜†LUCKYâ˜†YEAPPY,-3.81
olQQ8QPPqqObDD9ooodOl9i9od8b06I9,Healing Vision ï½žAngelic mixï½ž,-8.812
OPdooDlO9iO09lI1ODP00660loDiiodi,Helios,1.995
ODli9liO1loIiqb9qIol6o1PO91DP8QQ,High & Low,3.447
qdbod6lI0I8O118DPq80D8b0o00OodlI,Hollywood Galaxy,3.81
QiPiIb8I99loq8loIq91iP6l1OOoq8oq,Hou,10.522
90DO081odOdPDblDOqQi1O68Iq988obq,HYPER OVERR DANCEFLOORRR,1.312
1900DdoIl00b88q6Qq9ob9D6lQ8IQiPb,I Love You,-2.902
1I9ODbQ81qi1006QoQI6d6dbd9iiPD9O,Idola,-2.177
1Ob1I0do8Iq6QqP6PQIiddD18dqDP9oo,Illegal Function Call,1.995
8oP1ibbO9qdP19d9lQoi1q16P69b1II9,In the past,-10.34
q0I018lPqbdi66qiiiQlqIb9O19O9061,Is this dance a Hakken,-1.312
iQi8Oool866oDQ6i660o88b86689QiOb,Jungle Dance,-11.429
88qq1I89IQ8P9PdqbbdD0ood8oi9d68I,Kagachi,0.181
Qq8bbbqO6qQ1DPODd16oi1QDQoQ9b8DO,KHAMEN BREAK,1.633
O8lq1l6qIi6I9l69IOPdoI6lbiodQOP6,KING,2.54
6dQ0P6odPlD6dQdbP8dIiQQdQ66qllI6,Kiyarora eisei no kiseki,-3.265
PllDll9di16l8ild6b688l6OP6olQid8,Last Twilight,-5.442
dqb09QD6o0O8PooiqbqQOdqQ1l80o691,Life is beautiful,-0.544
bqi9QiQ0lbi8id6lOi88iIi9lo6Pdd90,Lightspeed,-5.442
IidO8qlodqdoioodqqb9Dqiq991Ilo10,Lilieze to enryuu Laevateinn,2.062
8dDQIPOo681iID8IiibbD8IbIldI86P1,LOVE SHINE (Body Grooverz 2006 mix),-11.247
qIqbqPblQIIObd9166bbDiioOIiIq991,Love You More,-2.177
D08qoOdPd8iOO916bOPIIIdqPP6O00iP,Luckgakist,-7.982
lObPDQDI08DoodDq1061IP1qbQ1qQQbl,MAXX UNLIMITED,3.562
O9Odqd8qiQiOqQdOOq01D8OQlOiO1iPD,Megalara Garuda,-4.172
PddldblI909IqI8PPiQIo9lIIiQdDo1l,MEGALOVANIA,-1.633
iqiqod1l08DlDql98QOi10oibldd8b86,Mei,1.814
D1QDql1OQDl1dblId0P81Q999dO9POoP,memory DATAMOSHER,0.75
8q96ObOdqPq8blPob9QdDq9b1iQoIQOI,Mentanpindoradora,0.907
QI8ID6bQ9Ql0IdqddI16OqPdib9OO1Do,Meteor,6.375
QI8ID6bQ9Ql0IdqddI16OqPdib9OO1Do,Meteora -meteor-,6.893
db1DlQ9qqI8PiqPD6q88O1P8PDbP11dq,Meumeupettantan!!,0.181
bD1DbibPIq9IIlQd0OIIl0o91QI1il69,Monkey Business,-1.451
I86OI9lQ1qQ66dPDlddo8PoPo01PO66i,Murasakibana,2.25
QQdIOi1Q81IqIoDqo80P0I1Q9qIdq1il,murmur twins,1.688
Pi69o0idP1obO9QDqIDbPdqlb90q8Dq8,Nageki no ki,-0.907
q0QIob1PDI6IP86dlPb6I6il9d6bP606,NAGISANO KOAKUMA LOVELY RADIO,-6.894
lO91bIQ0Q990PqPbPIq88b9I9PI6ID0Q,Neutrino,1.451
Q9QlQI6Dd09P6i1bP9d8q0IQlPoqiQ81,Never See You Again,-8.708
II68b0dooOIOlOiq0iQO18blDd6b9O9D,New York EVOLVED (Type A),-11.429
61P0I66id16QIi08Q1918PlldOOiooql,New York EVOLVED (Type B),-10.159
Od8ld9bQQPDddIqDQ1PloOOdQ0IQo0O9,New York EVOLVED (Type C),-10.885
IlbI1QQOPI0o0IdoPI6QPldqQob16DOq,Night of knights (Ryuâ˜†Remix),-1.633
odlOiO6di119680QOoOo8dO8IO0DliI9,No More Love,-1.27
Oq8ID68oq16I9QP9bio0ibD6PQiDbqqI,No plan days,-4.5
i6bIQ6D0P09olqbOiP8I919006DdII1P,Not Alone,-3.81
oPP1Pdl6Qdlb8oq10PP1doDibdbbl9bl,Oboro (dj TAKA Remix),3.628
9I00D9Id61iD6QP8i8Dd6698PoQ9bdi9,"Okome no oishii takikata, soshite okome wo taberu koto ni yoru sono kouka.",5.986
dOilPdQDPQP0l8Po6Pli96i010d88dii,OROCHI STRIKE,2.54
9IlP00lPi6oOQQqOl1DoI0o10bi1iid1,PANIC HOLIC,-9.433
IP00ID9bdlOoP9o9lo1qlO0D1Pdo9I8l,PARANOiA-Respect-,5.625
D6iI9O90il0OoIqP1Q86OIQdDQQilII8,Polaris no uta,1.088
O6q0qIQdII9086d9q6o0D1PO06liQ9iO,Poochie,1.27
o1Od8IPqddIP0oIPod81PDodPo1qo88o,POSSESSION(EDP Live Mix),-3.81
Pld9iO6oi9qlDD08l8QDdIi6d6Q6iDd1,Programmed Universe,-14.512
Ol8PPooqO8iOqQ6900o0q0QI9dPo0O0b,Rampage Hero,0.363
DodQ1I1DiPIqDQP0PqO6PIQ1iPQd6O8d,Rave Accelerator,-11.066
PIl8P90Pll19Pido608olD61QIqq0b9d,Rave in the Shell,-3.75
l1b8iDqOdQl6PbIIdb966qQ8d9i9dOPQ,ReRHYZE,3.084
O0Id19qQlDibiDdIP90o81bOo16qbQ0o,REVOLUTIONARY ADDICT,-7.438
I9Oood9l9li0D08Q6d6DQPiIQiloidO6,Riot of Color,2.721
1II6199qOd1bo0P0D19Q9qd06ll1QOl9,ROCK THE PARTY,-4.535
i09oqb0o1boQdi1blIb1D08PlDI1o6lo,Saiph,1.814
i0P1O6lbP1oDd6q6b08iPPoq6iPdI818,Saishuu kichiku imouto Flandre-S,-1.995
9bqO1dPbO1b89q9dO1iOP1ibiPdP01q9,Saisoku saikou shutter girl,0.907
Dl89dQdOQooI0i0DoPQd68db6di86PD8,Sakazuki,2.062
iq9qPoPlIlbIDqlD81DqO1110QI1qoOl,SCHWARZSCHILD FIELD,-6.893
O6q9qPQ1q69ddPl6DPO0bQO6989QO1ii,Sector,-16.125
loQ0Ibqqo8OO11oI9i9D6o0DDI0PDiOO,Senkyakubanrai moumantai!,4.875
l0OPoQ1O8q8DPDo0Iol6qD6DiIqdD9P9,Shakunetsu Pt.2 Long Train Running,0.544
QOPioi8P81q9l0QiP6q06b06bdOO8b1O,Sick,2.358
OQbdD9iD898Q01oIddDliq8q9D1QlQ1I,snow prism,3.084
60dq6Plo0do9iQOl6ql111P9OPd9i01l,Somehow You Found Me,2.358
b1do8OI6qDDlQO0PI16868ql6bdbI886,Splash Gold,1.088
989od088q99DPIIq6IQidI1IQ1qQOlb6,STAY GOLD,-5.261
8iiqQ9o1P089901DPIq8PDPOl6oDOl1P,Step This Way,-3
ibI69PPO1iP0D1IlI0bb11QOq6081POo,SUMIDAGAWA KARENKA,1.633
obd0PDIDq8qqd9q9qdbDdqD98bd61I8D,SWEET HOME PARTY,5.986
ddqO1b1ldlQd6OOoQ1boPdoboDQqd9D8,Sword of Vengeance,-6.531
PoiPd1OP1q9I9IP00PDlI1Q09QQ9b16o,TAKE ME HIGHER,-9.796
IPDid8ii1iQb19lb6iqOi91O0il018Ql,Thank You Merry Christmas,7.075
bd9dlo8IQOOdQD0dlPQ0bqqdOdl90ol0,THE SAFARI (STARDOM Remix),1.5
b80qOO6l8060990qQPod1bOd8Q9d69qo,The World Ends Now,-0.726
d0ll11iidiii09D9q81oo1Pq00oDbQ1i,THUNDERSTRIKE,8.889
II8Dlo69PoPOII9P88qdlQPP8I61DlDo,Todoroke! Koi no beanball!!,-3.991
DIDd9l0dbi1QdQ89I6Do9bolDqdb1dPO,tokyoEVOLVED (TYPE1),12.698
i0b0118q8D1QlQbIbli0P0IQ0QP08QdO,tokyoEVOLVED (TYPE2),12.88
6OOd69q0oP8iblIIb08OQO9dq9oIq8i6,tokyoEVOLVED (TYPE3),7.982
6IDll6i6d8iII686qq6DddiI00iD8o9d,Touhouyouyoumu ULTIMATE MEDLEY,1.875
d9QO9odlI18i96I6DQPld1iiol8ODl0o,toy boxer,1.814
8069d8dPiqloqD8i8od1o1Pq1Q6Q8i9D,Trance dance anarcky,-2.062
OPOIPIi1OioQ98qbO100q6QiDP8dIDq6,Trigger,7.982
0lIIil06b8q819P9lDil09o6qlqo9I1i,Trill auf G,-3.084
POQQQqI8q69qP6Id8Ol01QI60OIoiil8,Trim,-7.688
l9OQPi0do19dQPO8ilq0QDbll8P8Ib6O,TRIP MACHINE (xac nanoglide mix),4.717
8O6b1D9PDO0ll1IO9d1ODDPPo0QPQbob,TRIP MACHINE EVOLUTION,-2.358
lDOPd60Q9obl6D0q8qqdQi9lioblD1db,Triple Journey -TAG EDITION-,3.265
bilO9D91P1lo81oIDP6qOoqdDdQdoDlP,Truare!,-3.447
D9lq0DioIl9D6ll0d61990DP9qPPb1dP,True Blue,3.265
iQDQD8889Q8O018Oi60I69D6qD6odDI0,Vajra,-8.889
q8o866OdqqDPOQdO88D1DOdbqQo1q8Q1,VALLIS-NERIA,0.726
6d6bqoOlqi8ooqOdlqdPblqol88b68QP,VANESSA,-22.676
891b0OdIdO8b9obi69b6PQlPIqDI01dO,Vanquish The Ghost,11.792
P0IoP69l6q08q8DoPD1Q8bqq099Pi1iP,Wadatsumi,1.996
qdbO199oIDIbQ61iDQIPObOPQOIDP68i,White Stream,-6.375
Qo1qdD0Q9d11d9Id6o09P9id8lPbOQ6o,Wow Wow VENUS,1.451
bDDd08iP8dlIlOo6iqd91dPiI1lQdOQq,xenon,7.5
0DDo1ilPDQoIoPd8ol9OPO1IPbi9ii6d,AA,-10.688
OQO1Di8IQIQqP1d81d1ID9QD110b0888,Abrupt Madness,-1.125
688O16o80Iib0DPI8oQOIOdbIdQq0P1Q,Aria,5.438
dOb880lOloIIod00PQ1iQOQqlOOQ0Ql0,Be a Hero,-2.358
QD9Ib18D9lIO10O19d16PbPb68q1190d,Bi,-4.898
PP9QDQ0IQQID00P61d8qdDdP09b19iiI,"Blind Justice ï½žTorn souls, Hurt Faithsï½ž",-1.27
P6id8qqolbP0oqO060OOqbl60DI9iQoQ,Catch Our Fire,-1.814
Od6bOOb69PqbqPdb6lO1QI66DOqo0POO,chaplet,-14.875
1IdqDqDdd08dboO911P6OQ8lobb16PDd,Chromatic Burst,-1.688
919bPoOo9QO6dODOI6d0loO6qo6OqDlI,Complete Game Victory,1.088
o1biqbO9i1IiObD0d1D8d8iqb6q86Qqi,Daisycutter,1.996
i6bl89d6OOi1O00qlQOIl8b8Qld6IiQP,DEADLOCK -Out Of Reach-,3.265
D90qii9D6P0POQ69Iiblib00Po1DIoi8,Deadly Dolly Dance,2.177
QQldo10ObPPQPlliODiDIIl0Q1oPoo61,deltaMAX,6.893
dqQbQ9oPlIi6bDdi18d9qPlDb0PiDddi,DIGITALIZER,6.349
QoODOoqDli0bOoqqDo8ODo1lDI9llblo,Dopamine,1.995
b0o6bl18Q1bqI9o9oqQ9POoP8DiDDibP,Drive Away,4.898
9b60DI1OQddDI6D9D1qPoDPODD19Db8d,DUAL STRIKER,0.75
O6llIdODQD6oDQ6QiPQDOlob9i8l6qib,Fascination MAXX,5.25
9IdoP1ld9098PI90QQ6bP0Idl1ibo80D,Glitch Angel,-1.633
Pq1O0qIiQII9PP1Qi6dbi9Pdo88dO8Dq,HAVE YOU NEVER BEEN MELLOW (20th Anniversary Mix),3.81
ob6IPbiqD969Q66808obd908DI81bqPi,I-W-U (I Want U),-4.717
61Db8oi9d9bOIlloq8dqI8O000ilDb08,Kilonova,-3.81
9ddIP1i0O6l8oO9iI9Ii1Q1o800boQ0D,Komainu Adventure!,2.625
Q9iiOo800blDqO0DDDPI1PIbl1lIidI1,Konran shoujo Soflan-chan!!,9.796
b1QllqO8oQdqo086QdIlIblDDbPodDoP,Lose Your Sense,-8.062
oOI88lollO1OOQQd9DPi0690I6i6oiII,MAX 300(X-Special),4.875
6QQ1OdO99Ob001OQ90iP86o0I8OoQbib,Meumeupettantan!! (ZAQUVA Remix),-3.562
96d9qiDD8l09DQq6O1DO6O6I1IdP8q0D,Mikansei no jouki kudou otome (DDR Edition),5.261
81qibDQqq8idiD1lQqq0qdqD6i6q1QDb,No.13,-14.813
bdP0IOiPiQ8OlIbD1QQO8O6dPQqqb1Qb,Ongaku (STARDOM Remix),7.125
dQPPd10QO9d8IiOiIi8iDD1Qdq8lQli0,PARANOiA (kskst mix),1.451
diq9D0qbI00iOOb69q6Q1Q90PQOlo6dl,Perfect eater,-0.726
dDlDPddq08iD8IOb9I1PbODP9696966D,Plain Asia -PHQ remix-,-6.893
PIO8dod8P9OOP1bi0D1POIi6OdOdQDql,Pluto The First (Ending Practice),-2.721
D8q1ObblD0i6liQ0OD6OdD0qIo9oPldb,PRANA+REVOLUTIONARY ADDICT (U1 DJ Mix),3.991
99q8i8bPldDbio919ob0DPi0bqdIoobi,Puberty Dysthymia,8.526
09P10l1q98b1DiDQdlIii0bld111O86D,quaverâ™ª,-3.75
D08lqQOPdOO6D6ll690Qd6PdbO111011,Ranker killer girl,9.978
DdIQdo1D01PblPQd06696dPq610o1lIl,Rise As One,3.562
Q8b91l6od9bq6IPqlddiP0bb0l1iqD8I,SAYONARA disco light,3.938
PdD1dlq1q00q8o9Il6IIqi61Il9DIo61,Shippuujinrai,3.562
Pq1O0qIiQII9PP1Qi6dbi9Pdo88dO8Dq,SKY HIGH (20th Anniversary Mix),1.814
68iObo1dP91oqDQ18iiiPQDDb8O6ddq6,SMASH,-1.688
8ql0DIiI0D9D1OP0qb8olo9bIQdP0ddq,Snow Garland Fairy,-6.75
o89biodIl0Oo1bQqll86QDi0oQQd61Db,Sparkle Dreams,-8.163
1o6dQqq9P8IQ6PbQO88OI1b91P9DoqQ8,The legend of MAX(X-Special),-1.312
oQ868oOio6O90i9qO1o8I96P1do11ID0,Tokyo shinwa,-1.27
IQqi9Q9qD0DDQIqQOb868QIOioqDqI01,Triple Cross,2.625
6DQ9D9oi66I8ODi8o0dPdOD1ibbIqIdI,voltississimo,-3.991
PD9lP16dllbPqbdIO0Ii0I8D1I90QIIl,Dragon Blade,9.977
9i0q91lPPiO61b9P891O1i86iOP1I08O,EGOISM 440,-3.991
1980q80l1Q96O881IidPd16qDbOol9Qd,MAXX UNLIMITED(X-Special),3.562
DPQo8Q0l9D8IPiDiq11l8OI6i11OOb6O,PARANOIA EVOLUTION,10.875
lO68Q0iPIOiOIDDd8dOPoiql9OI81DQ0,The Least 100sec,4.312
1oIo1DliQqPol00Q1l1bPODbdOilodod,Ubertreffen,0.181
d0DDd1dP6llPbioqPdiQ0IDd918bDqI8,Arifureta sekai seifuku,8.708
Dbl69I9bO9qo6iidPbPPPD11boQPqi8q,Hou (Five Flares Mix),2.25
Q9Q088PPd0bPi9QQ8iil1lQqPdiQP69D,Koisuruâ˜†uchuu sensou!!,-2.358
oOOI98q81oQQQP88d6Q6qlbl8QI9d0dI,Nou shou sakuretsu girl,4.172
00ibl6biOOOdDd96OP0P0i8iObo8i09d,Realize,4.312
QIDqidPlPQll9q6Il0dblIo609lii1di,SHINY DAYS,0.726
q1qI0QibDDP6oPdl8DlIlPo80DqDd66P,Totsugeki! Glass no kneeso hime!,7.982
O0DDiq9DQlI9iq861lOoo1d1DI8qqd6d,Be Happy Next 2 You,0.907
P66d8iQQIIQO96qoDdIqi9l19i69D9Dq,Cirno no perfect sansuu gakuen,2.625
od0idqqoq6lb9qIo9iOblo6D8q18DQDb,CUE CUE RESCUE,4.172
8D0OOb0bi90oi1Io9iIqqiI9110ll8I1,Gekkou ranbu,4.717
dqP6loDiD0l6b0I6i0iO90i6D0O68qO1,Ichizu,-0.907
db6q6DlPd68bbQOOQ99OI1I9QD8PqDo8,Koiuta shippuu! Karuta queen Iroha,3
QoDQ0oq08QqiI0DQ8dIPb10qIi6d6i89,Kusare gedou to chocolate,1.995
99I10l8o6DPI886l9818ID16OlqI8oId,Mixed nuts,2.177
,,
1liPbq0890qqI0D8qDP9diOOPlDdi0Oi,Scarlet keisatsu no ghetto patrol 24 ji,-1.5
i6bb1iQb8qObPd09dOlibbdqb91Q0OOb,Shamshir no mai,-9
66P0q8Ibddl9q669b6bD6Ood9IOQbDPI,BIG som tam,1.688
PIP1OIoObQ11Q0Po6idiloqOl9OQqqdd,Nadame sukashi Negotiation,-1.688
I98DbDO1OqIPD9Q608DqoO1I6Iqi1ddo,O JIYA,30.476
Ol01P9IIoDIOldo8IQI0l6bd9lb9q0oo,Rokuchounen to ichiya monogatari,3.628
Q9l0i6DPO08obldq101ldDioiqdIDqlq,Tiger rampage,-7.801
illQ66d0QlbDl18OOb8P0ODD0oDP19PQ,Reiwa,1.451